"Excel-rij";"Controleprioriteit";"Medewerker";"Medewerkernummer";"Team";"Deskundigheid";"Escalatie reden";"Doeltype";"Cliënt/doel";"Doel-ID";"Hoofdlocatie";"Gestart op";"Geactiveerd op";"Signalen";"Her-escalatie sinds activatie (min.)";"Activatievertraging (min.)"
"942";"Hoog";"Synthetische medewerker 221";"SYN-M-0221";"Synthetisch team Noord";"Begeleiding";"Acute ondersteuning buiten het vaste team";"Cliënt";"Synthetische cliënt 0210";"SYN-C-00210";"Synthetische hoofdlocatie 011";"01-05-2026, 00:20:15";"01-05-2026, 01:30:15";"NACHT; VEEL_MEDEWERKERS_CLIENT; VEEL_TEAMS_CLIENT; LATE_ACTIVATIE";"";"70"
"1945";"Hoog";"Synthetische medewerker 090";"SYN-M-0090";"Synthetisch team Oost";"Nachtdienst";"Voorbereiding van een geplande synthetische handeling";"Cliënt";"Synthetische cliënt 0375";"SYN-C-00375";"Synthetische hoofdlocatie 001";"01-05-2026, 01:39:58";"Niet geactiveerd";"NIET_GEACTIVEERD; NACHT; VEEL_MEDEWERKERS_CLIENT; VEEL_TEAMS_CLIENT";"";""
"1718";"Hoog";"Synthetische medewerker 024";"SYN-M-0024";"Synthetisch testteam met lange naam";"Verpleegkundige testfunctie";"Ondersteuning tijdens avond- of nachtdienst";"Cliënt";"Synthetische cliënt 0049";"SYN-C-00049";"Synthetische hoofdlocatie 025";"01-05-2026, 05:26:13";"01-05-2026, 06:57:13";"NACHT; VEEL_MEDEWERKERS_CLIENT; VEEL_TEAMS_CLIENT; LATE_ACTIVATIE";"";"91"
"599";"Hoog";"Synthetische medewerker 114";"SYN-M-0114";"Synthetisch team Oost";"Nachtdienst";"Voorbereiding van een geplande synthetische handeling";"Cliënt";"Synthetische cliënt 0388";"SYN-C-00388";"Synthetische hoofdlocatie 014";"02-05-2026, 02:17:24";"02-05-2026, 04:09:24";"NACHT; VEEL_MEDEWERKERS_CLIENT; VEEL_TEAMS_CLIENT; LATE_ACTIVATIE";"";"112"
"778";"Hoog";"Synthetische medewerker 231";"SYN-M-0231";"Synthetisch team West";"Synthetische deskundigheid";"Tijdelijke vervanging binnen het testrooster";"Cliënt";"Synthetische cliënt 0290";"SYN-C-00290";"Synthetische hoofdlocatie 016";"02-05-2026, 02:19:38";"02-05-2026, 02:58:38";"NACHT; VEEL_MEDEWERKERS_CLIENT; VEEL_TEAMS_CLIENT; LATE_ACTIVATIE";"";"39"
"195";"Hoog";"Synthetische medewerker 230";"SYN-M-0230";"Synthetisch team Oost";"Nachtdienst";"Synthetische reden voor geautomatiseerde layoutcontrole";"Cliënt";"Synthetische cliënt 0553";"SYN-C-00553";"Synthetische hoofdlocatie 004";"02-05-2026, 02:28:55";"02-05-2026, 02:45:55";"NACHT; VEEL_MEDEWERKERS_CLIENT; VEEL_TEAMS_CLIENT; LATE_ACTIVATIE";"";"17"
"1958";"Hoog";"Synthetische medewerker 044";"SYN-M-0044";"Synthetisch testteam met lange naam";"Verpleegkundige testfunctie";"Controle na overdracht van zorg";"Cliënt";"Synthetische cliënt 0482";"SYN-C-00482";"Synthetische hoofdlocatie 008";"02-05-2026, 02:44:38";"Niet geactiveerd";"NIET_GEACTIVEERD; NACHT; VEEL_MEDEWERKERS_CLIENT; VEEL_TEAMS_CLIENT";"";""
"1396";"Hoog";"Synthetische medewerker 121";"SYN-M-0121";"Synthetisch team Noord";"Begeleiding";"Voorbereiding van een geplande synthetische handeling";"Cliënt";"Synthetische cliënt 0375";"SYN-C-00375";"Synthetische hoofdlocatie 001";"03-05-2026, 02:11:15";"03-05-2026, 02:29:15";"NACHT; VEEL_MEDEWERKERS_CLIENT; VEEL_TEAMS_CLIENT; LATE_ACTIVATIE";"";"18"
"1158";"Hoog";"Synthetische medewerker 127";"SYN-M-0127";"Synthetisch team West";"Synthetische deskundigheid";"Voorbereiding van een geplande synthetische handeling";"Cliënt";"Synthetische cliënt 0041";"SYN-C-00041";"Synthetische hoofdlocatie 017";"03-05-2026, 02:46:11";"Niet geactiveerd";"NIET_GEACTIVEERD; NACHT; VEEL_MEDEWERKERS_CLIENT; VEEL_TEAMS_CLIENT";"";""
"1264";"Hoog";"Synthetische medewerker 111";"SYN-M-0111";"Synthetisch team West";"Synthetische deskundigheid";"Acute ondersteuning buiten het vaste team";"Cliënt";"Synthetische cliënt 0319";"SYN-C-00319";"Synthetische hoofdlocatie 020";"03-05-2026, 03:05:08";"03-05-2026, 03:13:08";"NACHT; VEEL_MEDEWERKERS_CLIENT; VEEL_TEAMS_CLIENT; LATE_ACTIVATIE";"";"8"
"159";"Hoog";"Synthetische medewerker 173";"SYN-M-0173";"Synthetisch team Noord";"Begeleiding";"Voorbereiding van een geplande synthetische handeling";"Cliënt";"Synthetische cliënt 0032";"SYN-C-00032";"Synthetische hoofdlocatie 008";"03-05-2026, 04:42:24";"03-05-2026, 06:31:24";"NACHT; VEEL_MEDEWERKERS_CLIENT; VEEL_TEAMS_CLIENT; LATE_ACTIVATIE";"";"109"
"443";"Hoog";"Synthetische medewerker 009";"SYN-M-0009";"Synthetisch team Noord";"Begeleiding";"Voorbereiding van een geplande synthetische handeling";"Cliënt";"Synthetische cliënt 0049";"SYN-C-00049";"Synthetische hoofdlocatie 025";"03-05-2026, 04:57:21";"03-05-2026, 05:36:21";"NACHT; VEEL_MEDEWERKERS_CLIENT; VEEL_TEAMS_CLIENT; LATE_ACTIVATIE";"";"39"
"1471";"Hoog";"Synthetische medewerker 223";"SYN-M-0223";"Synthetisch team West";"Synthetische deskundigheid";"Acute ondersteuning buiten het vaste team";"Cliënt";"Synthetische cliënt 0584";"SYN-C-00584";"Synthetische hoofdlocatie 010";"03-05-2026, 05:10:27";"Niet geactiveerd";"NIET_GEACTIVEERD; NACHT; VEEL_MEDEWERKERS_CLIENT; VEEL_TEAMS_CLIENT";"";""
"1682";"Hoog";"Synthetische medewerker 119";"SYN-M-0119";"Synthetisch team West";"Synthetische deskundigheid";"Ondersteuning tijdens avond- of nachtdienst";"Cliënt";"Synthetische cliënt 0208";"SYN-C-00208";"Synthetische hoofdlocatie 009";"03-05-2026, 23:01:44";"04-05-2026, 00:55:44";"NACHT; VEEL_MEDEWERKERS_CLIENT; VEEL_TEAMS_CLIENT; LATE_ACTIVATIE";"";"114"
"1767";"Hoog";"Synthetische medewerker 083";"SYN-M-0083";"Synthetisch team West";"Synthetische deskundigheid";"Ondersteuning tijdens avond- of nachtdienst";"Cliënt";"Synthetische cliënt 0109";"SYN-C-00109";"Synthetische hoofdlocatie 010";"04-05-2026, 02:41:44";"04-05-2026, 02:19:44";"NACHT; VEEL_MEDEWERKERS_CLIENT; VEEL_TEAMS_CLIENT; ONGELDIGE_ACTIVATIE";"";"-22"
"515";"Hoog";"Synthetische medewerker 162";"SYN-M-0162";"Synthetisch team Oost";"Nachtdienst";"Voorbereiding van een geplande synthetische handeling";"Cliënt";"Synthetische cliënt 0161";"SYN-C-00161";"Synthetische hoofdlocatie 012";"04-05-2026, 04:04:00";"04-05-2026, 05:43:00";"NACHT; VEEL_MEDEWERKERS_CLIENT; VEEL_TEAMS_CLIENT; LATE_ACTIVATIE";"";"99"
"34";"Hoog";"Synthetische medewerker 079";"SYN-M-0079";"Synthetisch team West";"Synthetische deskundigheid";"Ondersteuning tijdens avond- of nachtdienst";"Cliënt";"Synthetische cliënt 0277";"SYN-C-00277";"Synthetische hoofdlocatie 003";"04-05-2026, 04:55:40";"Niet geactiveerd";"NIET_GEACTIVEERD; NACHT; VEEL_MEDEWERKERS_CLIENT; VEEL_TEAMS_CLIENT";"";""
"908";"Hoog";"Synthetische medewerker 093";"SYN-M-0093";"Synthetisch team Noord";"Begeleiding";"Acute ondersteuning buiten het vaste team";"Cliënt";"Synthetische cliënt 0436";"SYN-C-00436";"Synthetische hoofdlocatie 012";"04-05-2026, 05:13:54";"04-05-2026, 06:05:54";"NACHT; VEEL_MEDEWERKERS_CLIENT; VEEL_TEAMS_CLIENT; LATE_ACTIVATIE";"";"52"
"1986";"Hoog";"Synthetische medewerker 127";"SYN-M-0127";"Synthetisch team West";"Synthetische deskundigheid";"Voorbereiding van een geplande synthetische handeling";"Cliënt";"Synthetische cliënt 0305";"SYN-C-00305";"Synthetische hoofdlocatie 006";"04-05-2026, 05:26:10";"04-05-2026, 06:50:10";"NACHT; VEEL_MEDEWERKERS_CLIENT; VEEL_TEAMS_CLIENT; LATE_ACTIVATIE";"";"84"
"109";"Hoog";"Synthetische medewerker 175";"SYN-M-0175";"Synthetisch team West";"Synthetische deskundigheid";"Controle na overdracht van zorg";"Cliënt";"Synthetische cliënt 0426";"SYN-C-00426";"Synthetische hoofdlocatie 002";"04-05-2026, 23:47:59";"05-05-2026, 01:20:59";"NACHT; VEEL_MEDEWERKERS_CLIENT; VEEL_TEAMS_CLIENT; LATE_ACTIVATIE";"";"93"
"915";"Hoog";"Synthetische medewerker 058";"SYN-M-0058";"Synthetisch team Oost";"Nachtdienst";"Synthetische reden voor geautomatiseerde layoutcontrole";"Cliënt";"Synthetische cliënt 0375";"SYN-C-00375";"Synthetische hoofdlocatie 001";"05-05-2026, 02:47:39";"05-05-2026, 04:29:39";"NACHT; VEEL_MEDEWERKERS_CLIENT; VEEL_TEAMS_CLIENT; LATE_ACTIVATIE";"";"102"
"849";"Hoog";"Synthetische medewerker 077";"SYN-M-0077";"Synthetisch team Noord";"Begeleiding";"Controle na overdracht van zorg";"Cliënt";"Synthetische cliënt 0467";"SYN-C-00467";"Synthetische hoofdlocatie 018";"05-05-2026, 03:33:50";"05-05-2026, 04:42:50";"NACHT; VEEL_MEDEWERKERS_CLIENT; VEEL_TEAMS_CLIENT; LATE_ACTIVATIE";"";"69"
"1186";"Hoog";"Synthetische medewerker 164";"SYN-M-0164";"Synthetisch testteam met lange naam";"Verpleegkundige testfunctie";"Voorbereiding van een geplande synthetische handeling";"Cliënt";"Synthetische cliënt 0241";"SYN-C-00241";"Synthetische hoofdlocatie 017";"05-05-2026, 04:55:15";"05-05-2026, 05:14:15";"NACHT; VEEL_MEDEWERKERS_CLIENT; VEEL_TEAMS_CLIENT; LATE_ACTIVATIE";"";"19"
"1054";"Hoog";"Synthetische medewerker 112";"SYN-M-0112";"Synthetisch testteam met lange naam";"Verpleegkundige testfunctie";"Controle na overdracht van zorg";"Cliënt";"Synthetische cliënt 0436";"SYN-C-00436";"Synthetische hoofdlocatie 012";"05-05-2026, 23:21:37";"06-05-2026, 00:22:37";"NACHT; VEEL_MEDEWERKERS_CLIENT; VEEL_TEAMS_CLIENT; LATE_ACTIVATIE";"";"61"
"701";"Hoog";"Synthetische medewerker 062";"SYN-M-0062";"Synthetisch team Oost";"Nachtdienst";"Acute ondersteuning buiten het vaste team";"Cliënt";"Synthetische cliënt 0099";"SYN-C-00099";"Synthetische hoofdlocatie 025";"05-05-2026, 23:53:56";"Niet geactiveerd";"NIET_GEACTIVEERD; NACHT; VEEL_MEDEWERKERS_CLIENT; VEEL_TEAMS_CLIENT";"";""
"1250";"Hoog";"Synthetische medewerker 168";"SYN-M-0168";"Synthetisch testteam met lange naam";"Verpleegkundige testfunctie";"Controle na overdracht van zorg";"Cliënt";"Synthetische cliënt 0322";"SYN-C-00322";"Synthetische hoofdlocatie 023";"06-05-2026, 05:18:24";"06-05-2026, 04:50:24";"NACHT; VEEL_MEDEWERKERS_CLIENT; VEEL_TEAMS_CLIENT; ONGELDIGE_ACTIVATIE";"";"-28"
"554";"Hoog";"Synthetische medewerker 143";"SYN-M-0143";"Synthetisch team West";"Synthetische deskundigheid";"Synthetische reden voor geautomatiseerde layoutcontrole";"Cliënt";"Synthetische cliënt 0297";"SYN-C-00297";"Synthetische hoofdlocatie 023";"06-05-2026, 05:26:58";"Niet geactiveerd";"NIET_GEACTIVEERD; NACHT; VEEL_MEDEWERKERS_CLIENT; VEEL_TEAMS_CLIENT";"";""
"1394";"Hoog";"Synthetische medewerker 160";"SYN-M-0160";"Synthetisch testteam met lange naam";"Verpleegkundige testfunctie";"Controle na overdracht van zorg";"Cliënt";"Synthetische cliënt 0334";"SYN-C-00334";"Synthetische hoofdlocatie 010";"07-05-2026, 03:29:19";"07-05-2026, 03:52:19";"NACHT; VEEL_MEDEWERKERS_CLIENT; VEEL_TEAMS_CLIENT; LATE_ACTIVATIE";"";"23"
"2001";"Hoog";"Synthetische medewerker 034";"SYN-M-0034";"Synthetisch team Oost";"Nachtdienst";"Synthetische reden voor geautomatiseerde layoutcontrole";"Cliënt";"Synthetische cliënt 0436";"SYN-C-00436";"Synthetische hoofdlocatie 012";"07-05-2026, 03:58:59";"07-05-2026, 05:18:59";"NACHT; VEEL_MEDEWERKERS_CLIENT; VEEL_TEAMS_CLIENT; LATE_ACTIVATIE";"";"80"
"669";"Hoog";"Synthetische medewerker 091";"SYN-M-0091";"Synthetisch team West";"Synthetische deskundigheid";"Controle na overdracht van zorg";"Cliënt";"Synthetische cliënt 0211";"SYN-C-00211";"Synthetische hoofdlocatie 012";"07-05-2026, 04:23:06";"Niet geactiveerd";"NIET_GEACTIVEERD; NACHT; VEEL_MEDEWERKERS_CLIENT; VEEL_TEAMS_CLIENT";"";""
"1337";"Hoog";"Synthetische medewerker 013";"SYN-M-0013";"Synthetisch team Noord";"Begeleiding";"Acute ondersteuning buiten het vaste team";"Cliënt";"Synthetische cliënt 0043";"SYN-C-00043";"Synthetische hoofdlocatie 019";"07-05-2026, 05:11:10";"07-05-2026, 06:30:10";"NACHT; VEEL_MEDEWERKERS_CLIENT; VEEL_TEAMS_CLIENT; LATE_ACTIVATIE";"";"79"
"1256";"Hoog";"Synthetische medewerker 220";"SYN-M-0220";"Synthetisch testteam met lange naam";"Verpleegkundige testfunctie";"Voorbereiding van een geplande synthetische handeling";"Cliënt";"Synthetische cliënt 0587";"SYN-C-00587";"Synthetische hoofdlocatie 013";"07-05-2026, 23:45:59";"07-05-2026, 23:53:59";"NACHT; VEEL_MEDEWERKERS_CLIENT; VEEL_TEAMS_CLIENT; LATE_ACTIVATIE";"";"8"
"1399";"Hoog";"Synthetische medewerker 242";"SYN-M-0242";"Synthetisch team Oost";"Nachtdienst";"Ondersteuning tijdens avond- of nachtdienst";"Cliënt";"Synthetische cliënt 0287";"SYN-C-00287";"Synthetische hoofdlocatie 013";"08-05-2026, 02:04:25";"Niet geactiveerd";"NIET_GEACTIVEERD; NACHT; VEEL_MEDEWERKERS_CLIENT; VEEL_TEAMS_CLIENT";"";""
"1993";"Hoog";"Synthetische medewerker 007";"SYN-M-0007";"Synthetisch team West";"Synthetische deskundigheid";"Synthetische reden voor geautomatiseerde layoutcontrole";"Cliënt";"Synthetische cliënt 0239";"SYN-C-00239";"Synthetische hoofdlocatie 015";"08-05-2026, 02:33:36";"08-05-2026, 02:59:36";"NACHT; VEEL_MEDEWERKERS_CLIENT; VEEL_TEAMS_CLIENT; LATE_ACTIVATIE";"";"26"
"1883";"Hoog";"Synthetische medewerker 122";"SYN-M-0122";"Synthetisch team Oost";"Nachtdienst";"Controle na overdracht van zorg";"Cliënt";"Synthetische cliënt 0495";"SYN-C-00495";"Synthetische hoofdlocatie 021";"08-05-2026, 23:02:45";"09-05-2026, 00:03:45";"NACHT; VEEL_MEDEWERKERS_CLIENT; VEEL_TEAMS_CLIENT; LATE_ACTIVATIE";"";"61"
"690";"Hoog";"Synthetische medewerker 008";"SYN-M-0008";"Synthetisch testteam met lange naam";"Verpleegkundige testfunctie";"Voorbereiding van een geplande synthetische handeling";"Cliënt";"Synthetische cliënt 0583";"SYN-C-00583";"Synthetische hoofdlocatie 009";"09-05-2026, 02:26:32";"09-05-2026, 03:28:32";"NACHT; VEEL_MEDEWERKERS_CLIENT; VEEL_TEAMS_CLIENT; LATE_ACTIVATIE";"";"62"
"1903";"Hoog";"Synthetische medewerker 141";"SYN-M-0141";"Synthetisch team Noord";"Begeleiding";"Voorbereiding van een geplande synthetische handeling";"Cliënt";"Synthetische cliënt 0523";"SYN-C-00523";"Synthetische hoofdlocatie 024";"09-05-2026, 04:46:57";"09-05-2026, 05:54:57";"NACHT; VEEL_MEDEWERKERS_CLIENT; VEEL_TEAMS_CLIENT; LATE_ACTIVATIE";"";"68"
"580";"Hoog";"Synthetische medewerker 225";"SYN-M-0225";"Synthetisch team Noord";"Begeleiding";"Controle na overdracht van zorg";"Cliënt";"Synthetische cliënt 0361";"SYN-C-00361";"Synthetische hoofdlocatie 012";"09-05-2026, 04:57:57";"09-05-2026, 05:05:57";"NACHT; VEEL_MEDEWERKERS_CLIENT; VEEL_TEAMS_CLIENT; LATE_ACTIVATIE";"";"8"
"1888";"Hoog";"Synthetische medewerker 232";"SYN-M-0232";"Synthetisch testteam met lange naam";"Verpleegkundige testfunctie";"Tijdelijke vervanging binnen het testrooster";"Cliënt";"Synthetische cliënt 0459";"SYN-C-00459";"Synthetische hoofdlocatie 010";"09-05-2026, 05:07:52";"09-05-2026, 05:32:52";"NACHT; VEEL_MEDEWERKERS_CLIENT; VEEL_TEAMS_CLIENT; LATE_ACTIVATIE";"";"25"
"1793";"Hoog";"Synthetische medewerker 122";"SYN-M-0122";"Synthetisch team Oost";"Nachtdienst";"Tijdelijke vervanging binnen het testrooster";"Cliënt";"Synthetische cliënt 0111";"SYN-C-00111";"Synthetische hoofdlocatie 012";"09-05-2026, 05:53:02";"09-05-2026, 06:27:02";"NACHT; VEEL_MEDEWERKERS_CLIENT; VEEL_TEAMS_CLIENT; LATE_ACTIVATIE";"";"34"
"1691";"Hoog";"Synthetische medewerker 111";"SYN-M-0111";"Synthetisch team West";"Synthetische deskundigheid";"Tijdelijke vervanging binnen het testrooster";"Cliënt";"Synthetische cliënt 0021";"SYN-C-00021";"Synthetische hoofdlocatie 022";"09-05-2026, 23:46:42";"Niet geactiveerd";"NIET_GEACTIVEERD; NACHT; VEEL_MEDEWERKERS_CLIENT; VEEL_TEAMS_CLIENT";"";""
"564";"Hoog";"Synthetische medewerker 027";"SYN-M-0027";"Synthetisch team West";"Synthetische deskundigheid";"Ondersteuning tijdens avond- of nachtdienst";"Cliënt";"Synthetische cliënt 0583";"SYN-C-00583";"Synthetische hoofdlocatie 009";"10-05-2026, 00:47:00";"10-05-2026, 01:37:00";"NACHT; VEEL_MEDEWERKERS_CLIENT; VEEL_TEAMS_CLIENT; LATE_ACTIVATIE";"";"50"
"381";"Hoog";"Synthetische medewerker 140";"SYN-M-0140";"Synthetisch testteam met lange naam";"Verpleegkundige testfunctie";"Voorbereiding van een geplande synthetische handeling";"Cliënt";"Synthetische cliënt 0282";"SYN-C-00282";"Synthetische hoofdlocatie 008";"10-05-2026, 01:42:52";"10-05-2026, 02:49:52";"NACHT; VEEL_MEDEWERKERS_CLIENT; VEEL_TEAMS_CLIENT; LATE_ACTIVATIE";"";"67"
"639";"Hoog";"Synthetische medewerker 037";"SYN-M-0037";"Synthetisch team Noord";"Begeleiding";"Ondersteuning tijdens avond- of nachtdienst";"Cliënt";"Synthetische cliënt 0556";"SYN-C-00556";"Synthetische hoofdlocatie 007";"10-05-2026, 02:20:30";"Niet geactiveerd";"NIET_GEACTIVEERD; NACHT; VEEL_MEDEWERKERS_CLIENT; VEEL_TEAMS_CLIENT";"";""
"1045";"Hoog";"Synthetische medewerker 116";"SYN-M-0116";"Synthetisch testteam met lange naam";"Verpleegkundige testfunctie";"Tijdelijke vervanging binnen het testrooster";"Cliënt";"Synthetische cliënt 0197";"SYN-C-00197";"Synthetische hoofdlocatie 023";"10-05-2026, 02:39:57";"10-05-2026, 02:55:57";"NACHT; VEEL_MEDEWERKERS_CLIENT; VEEL_TEAMS_CLIENT; LATE_ACTIVATIE";"";"16"
"1112";"Hoog";"Synthetische medewerker 116";"SYN-M-0116";"Synthetisch testteam met lange naam";"Verpleegkundige testfunctie";"Ondersteuning tijdens avond- of nachtdienst";"Cliënt";"Synthetische cliënt 0573";"SYN-C-00573";"Synthetische hoofdlocatie 024";"10-05-2026, 05:42:26";"Niet geactiveerd";"NIET_GEACTIVEERD; NACHT; VEEL_MEDEWERKERS_CLIENT; VEEL_TEAMS_CLIENT";"";""
"1734";"Hoog";"Synthetische medewerker 076";"SYN-M-0076";"Synthetisch testteam met lange naam";"Verpleegkundige testfunctie";"Controle na overdracht van zorg";"Cliënt";"Synthetische cliënt 0573";"SYN-C-00573";"Synthetische hoofdlocatie 024";"10-05-2026, 05:54:14";"10-05-2026, 07:23:14";"NACHT; VEEL_MEDEWERKERS_CLIENT; VEEL_TEAMS_CLIENT; LATE_ACTIVATIE";"";"89"
"1226";"Hoog";"Synthetische medewerker 083";"SYN-M-0083";"Synthetisch team West";"Synthetische deskundigheid";"Voorbereiding van een geplande synthetische handeling";"Cliënt";"Synthetische cliënt 0482";"SYN-C-00482";"Synthetische hoofdlocatie 008";"10-05-2026, 23:04:15";"11-05-2026, 00:46:15";"NACHT; VEEL_MEDEWERKERS_CLIENT; VEEL_TEAMS_CLIENT; LATE_ACTIVATIE";"";"102"
"9";"Hoog";"Synthetische medewerker 104";"SYN-M-0104";"Synthetisch testteam met lange naam";"Verpleegkundige testfunctie";"Acute ondersteuning buiten het vaste team";"Cliënt";"Synthetische cliënt 0040";"SYN-C-00040";"Synthetische hoofdlocatie 016";"10-05-2026, 23:14:59";"11-05-2026, 00:20:59";"NACHT; VEEL_MEDEWERKERS_CLIENT; VEEL_TEAMS_CLIENT; LATE_ACTIVATIE";"";"66"
"1561";"Hoog";"Synthetische medewerker 081";"SYN-M-0081";"Synthetisch team Noord";"Begeleiding";"Controle na overdracht van zorg";"Cliënt";"Synthetische cliënt 0319";"SYN-C-00319";"Synthetische hoofdlocatie 020";"11-05-2026, 05:07:15";"Niet geactiveerd";"NIET_GEACTIVEERD; NACHT; VEEL_MEDEWERKERS_CLIENT; VEEL_TEAMS_CLIENT";"";""
"1622";"Hoog";"Synthetische medewerker 235";"SYN-M-0235";"Synthetisch team West";"Synthetische deskundigheid";"Controle na overdracht van zorg";"Cliënt";"Synthetische cliënt 0443";"SYN-C-00443";"Synthetische hoofdlocatie 019";"12-05-2026, 00:14:19";"12-05-2026, 00:53:19";"NACHT; VEEL_MEDEWERKERS_CLIENT; VEEL_TEAMS_CLIENT; LATE_ACTIVATIE";"";"39"
"838";"Hoog";"Synthetische medewerker 017";"SYN-M-0017";"Synthetisch team Noord";"Begeleiding";"Tijdelijke vervanging binnen het testrooster";"Cliënt";"Synthetische cliënt 0290";"SYN-C-00290";"Synthetische hoofdlocatie 016";"12-05-2026, 02:17:49";"12-05-2026, 03:06:49";"NACHT; VEEL_MEDEWERKERS_CLIENT; VEEL_TEAMS_CLIENT; LATE_ACTIVATIE";"";"49"
"1077";"Hoog";"Synthetische medewerker 158";"SYN-M-0158";"Synthetisch team Oost";"Nachtdienst";"Voorbereiding van een geplande synthetische handeling";"Cliënt";"Synthetische cliënt 0301";"SYN-C-00301";"Synthetische hoofdlocatie 002";"12-05-2026, 03:25:32";"12-05-2026, 04:04:32";"NACHT; VEEL_MEDEWERKERS_CLIENT; VEEL_TEAMS_CLIENT; LATE_ACTIVATIE";"";"39"
"384";"Hoog";"Synthetische medewerker 021";"SYN-M-0021";"Synthetisch team Noord";"Begeleiding";"Voorbereiding van een geplande synthetische handeling";"Cliënt";"Synthetische cliënt 0311";"SYN-C-00311";"Synthetische hoofdlocatie 012";"13-05-2026, 00:26:46";"13-05-2026, 02:18:46";"NACHT; VEEL_MEDEWERKERS_CLIENT; VEEL_TEAMS_CLIENT; LATE_ACTIVATIE";"";"112"
"907";"Hoog";"Synthetische medewerker 205";"SYN-M-0205";"Synthetisch team Noord";"Begeleiding";"Synthetische reden voor geautomatiseerde layoutcontrole";"Cliënt";"Synthetische cliënt 0128";"SYN-C-00128";"Synthetische hoofdlocatie 004";"13-05-2026, 01:23:57";"13-05-2026, 02:32:57";"NACHT; VEEL_MEDEWERKERS_CLIENT; VEEL_TEAMS_CLIENT; LATE_ACTIVATIE";"";"69"
"1659";"Hoog";"Synthetische medewerker 248";"SYN-M-0248";"Synthetisch testteam met lange naam";"Verpleegkundige testfunctie";"Tijdelijke vervanging binnen het testrooster";"Cliënt";"Synthetische cliënt 0075";"SYN-C-00075";"Synthetische hoofdlocatie 001";"13-05-2026, 02:50:48";"13-05-2026, 03:51:48";"NACHT; VEEL_MEDEWERKERS_CLIENT; VEEL_TEAMS_CLIENT; LATE_ACTIVATIE";"";"61"
"249";"Hoog";"Synthetische medewerker 172";"SYN-M-0172";"Synthetisch testteam met lange naam";"Verpleegkundige testfunctie";"Controle na overdracht van zorg";"Cliënt";"Synthetische cliënt 0244";"SYN-C-00244";"Synthetische hoofdlocatie 020";"13-05-2026, 03:20:02";"13-05-2026, 03:37:02";"NACHT; VEEL_MEDEWERKERS_CLIENT; VEEL_TEAMS_CLIENT; LATE_ACTIVATIE";"";"17"
"359";"Hoog";"Synthetische medewerker 080";"SYN-M-0080";"Synthetisch testteam met lange naam";"Verpleegkundige testfunctie";"Acute ondersteuning buiten het vaste team";"Cliënt";"Synthetische cliënt 0160";"SYN-C-00160";"Synthetische hoofdlocatie 011";"14-05-2026, 01:37:48";"14-05-2026, 02:26:48";"NACHT; VEEL_MEDEWERKERS_CLIENT; VEEL_TEAMS_CLIENT; LATE_ACTIVATIE";"";"49"
"1749";"Hoog";"Synthetische medewerker 037";"SYN-M-0037";"Synthetisch team Noord";"Begeleiding";"Acute ondersteuning buiten het vaste team";"Cliënt";"Synthetische cliënt 0536";"SYN-C-00536";"Synthetische hoofdlocatie 012";"14-05-2026, 23:01:22";"14-05-2026, 23:47:22";"NACHT; VEEL_MEDEWERKERS_CLIENT; VEEL_TEAMS_CLIENT; LATE_ACTIVATIE";"";"46"
"871";"Hoog";"Synthetische medewerker 142";"SYN-M-0142";"Synthetisch team Oost";"Nachtdienst";"Acute ondersteuning buiten het vaste team";"Cliënt";"Synthetische cliënt 0016";"SYN-C-00016";"Synthetische hoofdlocatie 017";"14-05-2026, 23:46:45";"15-05-2026, 01:24:45";"NACHT; VEEL_MEDEWERKERS_CLIENT; VEEL_TEAMS_CLIENT; LATE_ACTIVATIE";"";"98"
"1640";"Hoog";"Synthetische medewerker 099";"SYN-M-0099";"Synthetisch team West";"Synthetische deskundigheid";"Tijdelijke vervanging binnen het testrooster";"Cliënt";"Synthetische cliënt 0485";"SYN-C-00485";"Synthetische hoofdlocatie 011";"15-05-2026, 00:39:41";"15-05-2026, 01:55:41";"NACHT; VEEL_MEDEWERKERS_CLIENT; VEEL_TEAMS_CLIENT; LATE_ACTIVATIE";"";"76"
"1184";"Hoog";"Synthetische medewerker 228";"SYN-M-0228";"Synthetisch testteam met lange naam";"Verpleegkundige testfunctie";"Ondersteuning tijdens avond- of nachtdienst";"Cliënt";"Synthetische cliënt 0396";"SYN-C-00396";"Synthetische hoofdlocatie 022";"15-05-2026, 02:46:17";"15-05-2026, 04:03:17";"NACHT; VEEL_MEDEWERKERS_CLIENT; VEEL_TEAMS_CLIENT; LATE_ACTIVATIE";"";"77"
"1278";"Hoog";"Synthetische medewerker 059";"SYN-M-0059";"Synthetisch team West";"Synthetische deskundigheid";"Ondersteuning tijdens avond- of nachtdienst";"Cliënt";"Synthetische cliënt 0452";"SYN-C-00452";"Synthetische hoofdlocatie 003";"15-05-2026, 03:39:26";"15-05-2026, 04:46:26";"NACHT; VEEL_MEDEWERKERS_CLIENT; VEEL_TEAMS_CLIENT; LATE_ACTIVATIE";"";"67"
"646";"Hoog";"Synthetische medewerker 052";"SYN-M-0052";"Synthetisch testteam met lange naam";"Verpleegkundige testfunctie";"Ondersteuning tijdens avond- of nachtdienst";"Cliënt";"Synthetische cliënt 0287";"SYN-C-00287";"Synthetische hoofdlocatie 013";"15-05-2026, 04:10:40";"Niet geactiveerd";"NIET_GEACTIVEERD; NACHT; VEEL_MEDEWERKERS_CLIENT; VEEL_TEAMS_CLIENT";"";""
"820";"Hoog";"Synthetische medewerker 166";"SYN-M-0166";"Synthetisch team Oost";"Nachtdienst";"Acute ondersteuning buiten het vaste team";"Cliënt";"Synthetische cliënt 0213";"SYN-C-00213";"Synthetische hoofdlocatie 014";"15-05-2026, 04:18:08";"15-05-2026, 05:43:08";"NACHT; VEEL_MEDEWERKERS_CLIENT; VEEL_TEAMS_CLIENT; LATE_ACTIVATIE";"";"85"
"1693";"Hoog";"Synthetische medewerker 051";"SYN-M-0051";"Synthetisch team West";"Synthetische deskundigheid";"Synthetische reden voor geautomatiseerde layoutcontrole";"Cliënt";"Synthetische cliënt 0098";"SYN-C-00098";"Synthetische hoofdlocatie 024";"16-05-2026, 01:21:56";"Niet geactiveerd";"NIET_GEACTIVEERD; NACHT; VEEL_MEDEWERKERS_CLIENT; VEEL_TEAMS_CLIENT";"";""
"378";"Hoog";"Synthetische medewerker 187";"SYN-M-0187";"Synthetisch team West";"Synthetische deskundigheid";"Tijdelijke vervanging binnen het testrooster";"Cliënt";"Synthetische cliënt 0523";"SYN-C-00523";"Synthetische hoofdlocatie 024";"16-05-2026, 02:53:20";"Niet geactiveerd";"NIET_GEACTIVEERD; NACHT; VEEL_MEDEWERKERS_CLIENT; VEEL_TEAMS_CLIENT";"";""
"773";"Hoog";"Synthetische medewerker 087";"SYN-M-0087";"Synthetisch team West";"Synthetische deskundigheid";"Synthetische reden voor geautomatiseerde layoutcontrole";"Cliënt";"Synthetische cliënt 0361";"SYN-C-00361";"Synthetische hoofdlocatie 012";"16-05-2026, 03:49:03";"16-05-2026, 05:08:03";"NACHT; VEEL_MEDEWERKERS_CLIENT; VEEL_TEAMS_CLIENT; LATE_ACTIVATIE";"";"79"
"407";"Hoog";"Synthetische medewerker 152";"SYN-M-0152";"Synthetisch testteam met lange naam";"Verpleegkundige testfunctie";"Voorbereiding van een geplande synthetische handeling";"Cliënt";"Synthetische cliënt 0305";"SYN-C-00305";"Synthetische hoofdlocatie 006";"16-05-2026, 04:22:26";"Niet geactiveerd";"NIET_GEACTIVEERD; NACHT; VEEL_MEDEWERKERS_CLIENT; VEEL_TEAMS_CLIENT";"";""
"1071";"Hoog";"Synthetische medewerker 181";"SYN-M-0181";"Synthetisch team Noord";"Begeleiding";"Acute ondersteuning buiten het vaste team";"Cliënt";"Synthetische cliënt 0331";"SYN-C-00331";"Synthetische hoofdlocatie 007";"16-05-2026, 23:28:28";"17-05-2026, 01:09:28";"NACHT; VEEL_MEDEWERKERS_CLIENT; VEEL_TEAMS_CLIENT; LATE_ACTIVATIE";"";"101"
"306";"Hoog";"Synthetische medewerker 141";"SYN-M-0141";"Synthetisch team Noord";"Begeleiding";"Acute ondersteuning buiten het vaste team";"Cliënt";"Synthetische cliënt 0041";"SYN-C-00041";"Synthetische hoofdlocatie 017";"17-05-2026, 03:21:31";"17-05-2026, 04:42:31";"NACHT; VEEL_MEDEWERKERS_CLIENT; VEEL_TEAMS_CLIENT; LATE_ACTIVATIE";"";"81"
"1122";"Hoog";"Synthetische medewerker 027";"SYN-M-0027";"Synthetisch team West";"Synthetische deskundigheid";"Controle na overdracht van zorg";"Cliënt";"Synthetische cliënt 0382";"SYN-C-00382";"Synthetische hoofdlocatie 008";"17-05-2026, 04:21:06";"17-05-2026, 04:29:06";"NACHT; VEEL_MEDEWERKERS_CLIENT; VEEL_TEAMS_CLIENT; LATE_ACTIVATIE";"";"8"
"251";"Hoog";"Synthetische medewerker 212";"SYN-M-0212";"Synthetisch testteam met lange naam";"Verpleegkundige testfunctie";"Controle na overdracht van zorg";"Cliënt";"Synthetische cliënt 0047";"SYN-C-00047";"Synthetische hoofdlocatie 023";"17-05-2026, 05:56:16";"17-05-2026, 07:03:16";"NACHT; VEEL_MEDEWERKERS_CLIENT; VEEL_TEAMS_CLIENT; LATE_ACTIVATIE";"";"67"
"135";"Hoog";"Synthetische medewerker 146";"SYN-M-0146";"Synthetisch team Oost";"Nachtdienst";"Synthetische reden voor geautomatiseerde layoutcontrole";"Cliënt";"Synthetische cliënt 0047";"SYN-C-00047";"Synthetische hoofdlocatie 023";"17-05-2026, 23:03:38";"18-05-2026, 00:08:38";"NACHT; VEEL_MEDEWERKERS_CLIENT; VEEL_TEAMS_CLIENT; LATE_ACTIVATIE";"";"65"
"1254";"Hoog";"Synthetische medewerker 171";"SYN-M-0171";"Synthetisch team West";"Synthetische deskundigheid";"Tijdelijke vervanging binnen het testrooster";"Cliënt";"Synthetische cliënt 0099";"SYN-C-00099";"Synthetische hoofdlocatie 025";"17-05-2026, 23:28:58";"17-05-2026, 23:36:58";"NACHT; VEEL_MEDEWERKERS_CLIENT; VEEL_TEAMS_CLIENT; LATE_ACTIVATIE";"";"8"
"1119";"Hoog";"Synthetische medewerker 221";"SYN-M-0221";"Synthetisch team Noord";"Begeleiding";"Ondersteuning tijdens avond- of nachtdienst";"Cliënt";"Synthetische cliënt 0161";"SYN-C-00161";"Synthetische hoofdlocatie 012";"18-05-2026, 00:03:49";"18-05-2026, 01:33:49";"NACHT; VEEL_MEDEWERKERS_CLIENT; VEEL_TEAMS_CLIENT; LATE_ACTIVATIE";"";"90"
"262";"Hoog";"Synthetische medewerker 043";"SYN-M-0043";"Synthetisch team West";"Synthetische deskundigheid";"Ondersteuning tijdens avond- of nachtdienst";"Cliënt";"Synthetische cliënt 0256";"SYN-C-00256";"Synthetische hoofdlocatie 007";"18-05-2026, 00:43:15";"18-05-2026, 01:56:15";"NACHT; VEEL_MEDEWERKERS_CLIENT; VEEL_TEAMS_CLIENT; LATE_ACTIVATIE";"";"73"
"1384";"Hoog";"Synthetische medewerker 114";"SYN-M-0114";"Synthetisch team Oost";"Nachtdienst";"Voorbereiding van een geplande synthetische handeling";"Cliënt";"Synthetische cliënt 0070";"SYN-C-00070";"Synthetische hoofdlocatie 021";"18-05-2026, 02:34:12";"18-05-2026, 04:09:12";"NACHT; VEEL_MEDEWERKERS_CLIENT; VEEL_TEAMS_CLIENT; LATE_ACTIVATIE";"";"95"
"416";"Hoog";"Synthetische medewerker 202";"SYN-M-0202";"Synthetisch team Oost";"Nachtdienst";"Ondersteuning tijdens avond- of nachtdienst";"Cliënt";"Synthetische cliënt 0322";"SYN-C-00322";"Synthetische hoofdlocatie 023";"18-05-2026, 02:36:25";"18-05-2026, 04:08:25";"NACHT; VEEL_MEDEWERKERS_CLIENT; VEEL_TEAMS_CLIENT; LATE_ACTIVATIE";"";"92"
"29";"Hoog";"Synthetische medewerker 128";"SYN-M-0128";"Synthetisch testteam met lange naam";"Verpleegkundige testfunctie";"Acute ondersteuning buiten het vaste team";"Cliënt";"Synthetische cliënt 0285";"SYN-C-00285";"Synthetische hoofdlocatie 011";"18-05-2026, 04:01:27";"18-05-2026, 05:06:27";"NACHT; VEEL_MEDEWERKERS_CLIENT; VEEL_TEAMS_CLIENT; LATE_ACTIVATIE";"";"65"
"971";"Hoog";"Synthetische medewerker 146";"SYN-M-0146";"Synthetisch team Oost";"Nachtdienst";"Tijdelijke vervanging binnen het testrooster";"Cliënt";"Synthetische cliënt 0214";"SYN-C-00214";"Synthetische hoofdlocatie 015";"18-05-2026, 04:07:48";"18-05-2026, 05:02:48";"NACHT; VEEL_MEDEWERKERS_CLIENT; VEEL_TEAMS_CLIENT; LATE_ACTIVATIE";"";"55"
"1013";"Hoog";"Synthetische medewerker 181";"SYN-M-0181";"Synthetisch team Noord";"Begeleiding";"Acute ondersteuning buiten het vaste team";"Cliënt";"Synthetische cliënt 0482";"SYN-C-00482";"Synthetische hoofdlocatie 008";"18-05-2026, 05:47:08";"18-05-2026, 07:32:08";"NACHT; VEEL_MEDEWERKERS_CLIENT; VEEL_TEAMS_CLIENT; LATE_ACTIVATIE";"";"105"
"511";"Hoog";"Synthetische medewerker 068";"SYN-M-0068";"Synthetisch testteam met lange naam";"Verpleegkundige testfunctie";"Controle na overdracht van zorg";"Cliënt";"Synthetische cliënt 0037";"SYN-C-00037";"Synthetische hoofdlocatie 013";"19-05-2026, 00:45:03";"19-05-2026, 02:30:03";"NACHT; VEEL_MEDEWERKERS_CLIENT; VEEL_TEAMS_CLIENT; LATE_ACTIVATIE";"";"105"
"45";"Hoog";"Synthetische medewerker 002";"SYN-M-0002";"Synthetisch team Oost";"Nachtdienst";"Synthetische reden voor geautomatiseerde layoutcontrole";"Cliënt";"Synthetische cliënt 0201";"SYN-C-00201";"Synthetische hoofdlocatie 002";"19-05-2026, 04:12:33";"19-05-2026, 04:15:33";"NACHT; VEEL_MEDEWERKERS_CLIENT; VEEL_TEAMS_CLIENT; LATE_ACTIVATIE";"";"3"
"1568";"Hoog";"Synthetische medewerker 161";"SYN-M-0161";"Synthetisch team Noord";"Begeleiding";"Ondersteuning tijdens avond- of nachtdienst";"Cliënt";"Synthetische cliënt 0357";"SYN-C-00357";"Synthetische hoofdlocatie 008";"20-05-2026, 01:49:08";"Niet geactiveerd";"NIET_GEACTIVEERD; NACHT; VEEL_MEDEWERKERS_CLIENT; VEEL_TEAMS_CLIENT";"";""
"445";"Hoog";"Synthetische medewerker 071";"SYN-M-0071";"Synthetisch team West";"Synthetische deskundigheid";"Synthetische reden voor geautomatiseerde layoutcontrole";"Cliënt";"Synthetische cliënt 0569";"SYN-C-00569";"Synthetische hoofdlocatie 020";"20-05-2026, 02:50:25";"20-05-2026, 03:23:25";"NACHT; VEEL_MEDEWERKERS_CLIENT; VEEL_TEAMS_CLIENT; LATE_ACTIVATIE";"";"33"
"1211";"Hoog";"Synthetische medewerker 124";"SYN-M-0124";"Synthetisch testteam met lange naam";"Verpleegkundige testfunctie";"Synthetische reden voor geautomatiseerde layoutcontrole";"Cliënt";"Synthetische cliënt 0396";"SYN-C-00396";"Synthetische hoofdlocatie 022";"20-05-2026, 23:05:34";"20-05-2026, 23:22:34";"NACHT; VEEL_MEDEWERKERS_CLIENT; VEEL_TEAMS_CLIENT; LATE_ACTIVATIE";"";"17"
"789";"Hoog";"Synthetische medewerker 062";"SYN-M-0062";"Synthetisch team Oost";"Nachtdienst";"Controle na overdracht van zorg";"Cliënt";"Synthetische cliënt 0357";"SYN-C-00357";"Synthetische hoofdlocatie 008";"21-05-2026, 03:17:58";"21-05-2026, 04:16:58";"NACHT; VEEL_MEDEWERKERS_CLIENT; VEEL_TEAMS_CLIENT; LATE_ACTIVATIE";"";"59"
"1004";"Hoog";"Synthetische medewerker 223";"SYN-M-0223";"Synthetisch team West";"Synthetische deskundigheid";"Synthetische reden voor geautomatiseerde layoutcontrole";"Cliënt";"Synthetische cliënt 0367";"SYN-C-00367";"Synthetische hoofdlocatie 018";"21-05-2026, 23:28:46";"21-05-2026, 23:37:46";"NACHT; VEEL_MEDEWERKERS_CLIENT; VEEL_TEAMS_CLIENT; LATE_ACTIVATIE";"";"9"
"1724";"Hoog";"Synthetische medewerker 091";"SYN-M-0091";"Synthetisch team West";"Synthetische deskundigheid";"Acute ondersteuning buiten het vaste team";"Cliënt";"Synthetische cliënt 0211";"SYN-C-00211";"Synthetische hoofdlocatie 012";"22-05-2026, 02:02:12";"22-05-2026, 02:57:12";"NACHT; VEEL_MEDEWERKERS_CLIENT; VEEL_TEAMS_CLIENT; LATE_ACTIVATIE";"";"55"
"1925";"Hoog";"Synthetische medewerker 066";"SYN-M-0066";"Synthetisch team Oost";"Nachtdienst";"Tijdelijke vervanging binnen het testrooster";"Cliënt";"Synthetische cliënt 0394";"SYN-C-00394";"Synthetische hoofdlocatie 020";"22-05-2026, 03:39:59";"22-05-2026, 03:50:59";"NACHT; VEEL_MEDEWERKERS_CLIENT; VEEL_TEAMS_CLIENT; LATE_ACTIVATIE";"";"11"
"1791";"Hoog";"Synthetische medewerker 071";"SYN-M-0071";"Synthetisch team West";"Synthetische deskundigheid";"Voorbereiding van een geplande synthetische handeling";"Cliënt";"Synthetische cliënt 0241";"SYN-C-00241";"Synthetische hoofdlocatie 017";"22-05-2026, 04:19:22";"22-05-2026, 05:55:22";"NACHT; VEEL_MEDEWERKERS_CLIENT; VEEL_TEAMS_CLIENT; LATE_ACTIVATIE";"";"96"
"1192";"Hoog";"Synthetische medewerker 171";"SYN-M-0171";"Synthetisch team West";"Synthetische deskundigheid";"Synthetische reden voor geautomatiseerde layoutcontrole";"Cliënt";"Synthetische cliënt 0277";"SYN-C-00277";"Synthetische hoofdlocatie 003";"22-05-2026, 23:17:23";"23-05-2026, 00:50:23";"NACHT; VEEL_MEDEWERKERS_CLIENT; VEEL_TEAMS_CLIENT; LATE_ACTIVATIE";"";"93"
"1654";"Hoog";"Synthetische medewerker 195";"SYN-M-0195";"Synthetisch team West";"Synthetische deskundigheid";"Ondersteuning tijdens avond- of nachtdienst";"Cliënt";"Synthetische cliënt 0308";"SYN-C-00308";"Synthetische hoofdlocatie 009";"22-05-2026, 23:20:30";"23-05-2026, 00:52:30";"NACHT; VEEL_MEDEWERKERS_CLIENT; VEEL_TEAMS_CLIENT; LATE_ACTIVATIE";"";"92"
"1467";"Hoog";"Synthetische medewerker 210";"SYN-M-0210";"Synthetisch team Oost";"Nachtdienst";"Controle na overdracht van zorg";"Cliënt";"Synthetische cliënt 0553";"SYN-C-00553";"Synthetische hoofdlocatie 004";"23-05-2026, 01:12:14";"23-05-2026, 01:53:14";"NACHT; VEEL_MEDEWERKERS_CLIENT; VEEL_TEAMS_CLIENT; LATE_ACTIVATIE";"";"41"
"1825";"Hoog";"Synthetische medewerker 030";"SYN-M-0030";"Synthetisch team Oost";"Nachtdienst";"Synthetische reden voor geautomatiseerde layoutcontrole";"Cliënt";"Synthetische cliënt 0414";"SYN-C-00414";"Synthetische hoofdlocatie 015";"24-05-2026, 00:14:38";"Niet geactiveerd";"NIET_GEACTIVEERD; NACHT; VEEL_MEDEWERKERS_CLIENT; VEEL_TEAMS_CLIENT";"";""
"116";"Hoog";"Synthetische medewerker 085";"SYN-M-0085";"Synthetisch team Noord";"Begeleiding";"Controle na overdracht van zorg";"Cliënt";"Synthetische cliënt 0568";"SYN-C-00568";"Synthetische hoofdlocatie 019";"24-05-2026, 00:17:29";"24-05-2026, 02:04:29";"NACHT; VEEL_MEDEWERKERS_CLIENT; VEEL_TEAMS_CLIENT; LATE_ACTIVATIE";"";"107"
"1962";"Hoog";"Synthetische medewerker 209";"SYN-M-0209";"Synthetisch team Noord";"Begeleiding";"Ondersteuning tijdens avond- of nachtdienst";"Cliënt";"Synthetische cliënt 0253";"SYN-C-00253";"Synthetische hoofdlocatie 004";"24-05-2026, 02:36:42";"24-05-2026, 04:20:42";"NACHT; VEEL_MEDEWERKERS_CLIENT; VEEL_TEAMS_CLIENT; LATE_ACTIVATIE";"";"104"
"898";"Hoog";"Synthetische medewerker 050";"SYN-M-0050";"Synthetisch team Oost";"Nachtdienst";"Ondersteuning tijdens avond- of nachtdienst";"Cliënt";"Synthetische cliënt 0291";"SYN-C-00291";"Synthetische hoofdlocatie 017";"25-05-2026, 02:18:03";"25-05-2026, 04:05:03";"NACHT; VEEL_MEDEWERKERS_CLIENT; VEEL_TEAMS_CLIENT; LATE_ACTIVATIE";"";"107"
"801";"Hoog";"Synthetische medewerker 134";"SYN-M-0134";"Synthetisch team Oost";"Nachtdienst";"Synthetische reden voor geautomatiseerde layoutcontrole";"Cliënt";"Synthetische cliënt 0536";"SYN-C-00536";"Synthetische hoofdlocatie 012";"25-05-2026, 03:10:35";"Niet geactiveerd";"NIET_GEACTIVEERD; NACHT; VEEL_MEDEWERKERS_CLIENT; VEEL_TEAMS_CLIENT";"";""
"1658";"Hoog";"Synthetische medewerker 014";"SYN-M-0014";"Synthetisch team Oost";"Nachtdienst";"Ondersteuning tijdens avond- of nachtdienst";"Cliënt";"Synthetische cliënt 0016";"SYN-C-00016";"Synthetische hoofdlocatie 017";"25-05-2026, 03:43:24";"25-05-2026, 05:31:24";"NACHT; VEEL_MEDEWERKERS_CLIENT; VEEL_TEAMS_CLIENT; LATE_ACTIVATIE";"";"108"
"327";"Hoog";"Synthetische medewerker 135";"SYN-M-0135";"Synthetisch team West";"Synthetische deskundigheid";"Tijdelijke vervanging binnen het testrooster";"Cliënt";"Synthetische cliënt 0153";"SYN-C-00153";"Synthetische hoofdlocatie 004";"25-05-2026, 23:11:05";"25-05-2026, 23:36:05";"NACHT; VEEL_MEDEWERKERS_CLIENT; VEEL_TEAMS_CLIENT; LATE_ACTIVATIE";"";"25"
"140";"Hoog";"Synthetische medewerker 030";"SYN-M-0030";"Synthetisch team Oost";"Nachtdienst";"Acute ondersteuning buiten het vaste team";"Cliënt";"Synthetische cliënt 0256";"SYN-C-00256";"Synthetische hoofdlocatie 007";"26-05-2026, 01:29:43";"Niet geactiveerd";"NIET_GEACTIVEERD; NACHT; VEEL_MEDEWERKERS_CLIENT; VEEL_TEAMS_CLIENT";"";""
"131";"Hoog";"Synthetische medewerker 138";"SYN-M-0138";"Synthetisch team Oost";"Nachtdienst";"Ondersteuning tijdens avond- of nachtdienst";"Cliënt";"Synthetische cliënt 0568";"SYN-C-00568";"Synthetische hoofdlocatie 019";"26-05-2026, 03:43:46";"Niet geactiveerd";"NIET_GEACTIVEERD; NACHT; VEEL_MEDEWERKERS_CLIENT; VEEL_TEAMS_CLIENT";"";""
"495";"Hoog";"Synthetische medewerker 007";"SYN-M-0007";"Synthetisch team West";"Synthetische deskundigheid";"Acute ondersteuning buiten het vaste team";"Cliënt";"Synthetische cliënt 0514";"SYN-C-00514";"Synthetische hoofdlocatie 015";"26-05-2026, 04:18:34";"Niet geactiveerd";"NIET_GEACTIVEERD; NACHT; VEEL_MEDEWERKERS_CLIENT; VEEL_TEAMS_CLIENT";"";""
"861";"Hoog";"Synthetische medewerker 071";"SYN-M-0071";"Synthetisch team West";"Synthetische deskundigheid";"Acute ondersteuning buiten het vaste team";"Cliënt";"Synthetische cliënt 0348";"SYN-C-00348";"Synthetische hoofdlocatie 024";"26-05-2026, 05:15:59";"26-05-2026, 07:06:59";"NACHT; VEEL_MEDEWERKERS_CLIENT; VEEL_TEAMS_CLIENT; LATE_ACTIVATIE";"";"111"
"836";"Hoog";"Synthetische medewerker 124";"SYN-M-0124";"Synthetisch testteam met lange naam";"Verpleegkundige testfunctie";"Ondersteuning tijdens avond- of nachtdienst";"Cliënt";"Synthetische cliënt 0485";"SYN-C-00485";"Synthetische hoofdlocatie 011";"27-05-2026, 04:02:56";"Niet geactiveerd";"NIET_GEACTIVEERD; NACHT; VEEL_MEDEWERKERS_CLIENT; VEEL_TEAMS_CLIENT";"";""
"1301";"Hoog";"Synthetische medewerker 072";"SYN-M-0072";"Synthetisch testteam met lange naam";"Verpleegkundige testfunctie";"Ondersteuning tijdens avond- of nachtdienst";"Cliënt";"Synthetische cliënt 0361";"SYN-C-00361";"Synthetische hoofdlocatie 012";"27-05-2026, 23:29:01";"28-05-2026, 00:33:01";"NACHT; VEEL_MEDEWERKERS_CLIENT; VEEL_TEAMS_CLIENT; LATE_ACTIVATIE";"";"64"
"975";"Hoog";"Synthetische medewerker 060";"SYN-M-0060";"Synthetisch testteam met lange naam";"Verpleegkundige testfunctie";"Acute ondersteuning buiten het vaste team";"Cliënt";"Synthetische cliënt 0534";"SYN-C-00534";"Synthetische hoofdlocatie 010";"27-05-2026, 23:59:21";"28-05-2026, 00:40:21";"NACHT; VEEL_MEDEWERKERS_CLIENT; VEEL_TEAMS_CLIENT; LATE_ACTIVATIE";"";"41"
"792";"Hoog";"Synthetische medewerker 211";"SYN-M-0211";"Synthetisch team West";"Synthetische deskundigheid";"Synthetische reden voor geautomatiseerde layoutcontrole";"Cliënt";"Synthetische cliënt 0068";"SYN-C-00068";"Synthetische hoofdlocatie 019";"28-05-2026, 00:48:28";"28-05-2026, 01:35:28";"NACHT; VEEL_MEDEWERKERS_CLIENT; VEEL_TEAMS_CLIENT; LATE_ACTIVATIE";"";"47"
"1786";"Hoog";"Synthetische medewerker 246";"SYN-M-0246";"Synthetisch team Oost";"Nachtdienst";"Synthetische reden voor geautomatiseerde layoutcontrole";"Cliënt";"Synthetische cliënt 0319";"SYN-C-00319";"Synthetische hoofdlocatie 020";"28-05-2026, 03:33:53";"28-05-2026, 04:47:53";"NACHT; VEEL_MEDEWERKERS_CLIENT; VEEL_TEAMS_CLIENT; LATE_ACTIVATIE";"";"74"
"1775";"Hoog";"Synthetische medewerker 065";"SYN-M-0065";"Synthetisch team Noord";"Begeleiding";"Ondersteuning tijdens avond- of nachtdienst";"Cliënt";"Synthetische cliënt 0043";"SYN-C-00043";"Synthetische hoofdlocatie 019";"28-05-2026, 03:35:52";"28-05-2026, 05:35:52";"NACHT; VEEL_MEDEWERKERS_CLIENT; VEEL_TEAMS_CLIENT; LATE_ACTIVATIE";"";"120"
"96";"Hoog";"Synthetische medewerker 169";"SYN-M-0169";"Synthetisch team Noord";"Begeleiding";"Tijdelijke vervanging binnen het testrooster";"Cliënt";"Synthetische cliënt 0262";"SYN-C-00262";"Synthetische hoofdlocatie 013";"28-05-2026, 03:44:18";"28-05-2026, 05:10:18";"NACHT; VEEL_MEDEWERKERS_CLIENT; VEEL_TEAMS_CLIENT; LATE_ACTIVATIE";"";"86"
"433";"Hoog";"Synthetische medewerker 002";"SYN-M-0002";"Synthetisch team Oost";"Nachtdienst";"Tijdelijke vervanging binnen het testrooster";"Cliënt";"Synthetische cliënt 0587";"SYN-C-00587";"Synthetische hoofdlocatie 013";"28-05-2026, 23:06:18";"Niet geactiveerd";"NIET_GEACTIVEERD; NACHT; VEEL_MEDEWERKERS_CLIENT; VEEL_TEAMS_CLIENT";"";""
"1040";"Hoog";"Synthetische medewerker 059";"SYN-M-0059";"Synthetisch team West";"Synthetische deskundigheid";"Tijdelijke vervanging binnen het testrooster";"Cliënt";"Synthetische cliënt 0244";"SYN-C-00244";"Synthetische hoofdlocatie 020";"28-05-2026, 23:37:21";"28-05-2026, 23:13:21";"NACHT; VEEL_MEDEWERKERS_CLIENT; VEEL_TEAMS_CLIENT; ONGELDIGE_ACTIVATIE";"";"-24"
"28";"Hoog";"Synthetische medewerker 173";"SYN-M-0173";"Synthetisch team Noord";"Begeleiding";"Synthetische reden voor geautomatiseerde layoutcontrole";"Cliënt";"Synthetische cliënt 0128";"SYN-C-00128";"Synthetische hoofdlocatie 004";"29-05-2026, 00:17:59";"29-05-2026, 01:41:59";"NACHT; VEEL_MEDEWERKERS_CLIENT; VEEL_TEAMS_CLIENT; LATE_ACTIVATIE";"";"84"
"1201";"Hoog";"Synthetische medewerker 038";"SYN-M-0038";"Synthetisch team Oost";"Nachtdienst";"Acute ondersteuning buiten het vaste team";"Cliënt";"Synthetische cliënt 0285";"SYN-C-00285";"Synthetische hoofdlocatie 011";"29-05-2026, 00:26:43";"29-05-2026, 02:17:43";"NACHT; VEEL_MEDEWERKERS_CLIENT; VEEL_TEAMS_CLIENT; LATE_ACTIVATIE";"";"111"
"1700";"Hoog";"Synthetische medewerker 250";"SYN-M-0250";"Synthetisch team Oost";"Nachtdienst";"Controle na overdracht van zorg";"Cliënt";"Synthetische cliënt 0331";"SYN-C-00331";"Synthetische hoofdlocatie 007";"29-05-2026, 01:31:08";"29-05-2026, 03:03:08";"NACHT; VEEL_MEDEWERKERS_CLIENT; VEEL_TEAMS_CLIENT; LATE_ACTIVATIE";"";"92"
"1149";"Hoog";"Synthetische medewerker 014";"SYN-M-0014";"Synthetisch team Oost";"Nachtdienst";"Voorbereiding van een geplande synthetische handeling";"Cliënt";"Synthetische cliënt 0068";"SYN-C-00068";"Synthetische hoofdlocatie 019";"29-05-2026, 04:15:07";"29-05-2026, 05:48:07";"NACHT; VEEL_MEDEWERKERS_CLIENT; VEEL_TEAMS_CLIENT; LATE_ACTIVATIE";"";"93"
"1492";"Hoog";"Synthetische medewerker 070";"SYN-M-0070";"Synthetisch team Oost";"Nachtdienst";"Tijdelijke vervanging binnen het testrooster";"Cliënt";"Synthetische cliënt 0075";"SYN-C-00075";"Synthetische hoofdlocatie 001";"29-05-2026, 04:26:16";"29-05-2026, 05:08:16";"NACHT; VEEL_MEDEWERKERS_CLIENT; VEEL_TEAMS_CLIENT; LATE_ACTIVATIE";"";"42"
"811";"Hoog";"Synthetische medewerker 195";"SYN-M-0195";"Synthetisch team West";"Synthetische deskundigheid";"Synthetische reden voor geautomatiseerde layoutcontrole";"Cliënt";"Synthetische cliënt 0047";"SYN-C-00047";"Synthetische hoofdlocatie 023";"29-05-2026, 05:34:14";"Niet geactiveerd";"NIET_GEACTIVEERD; NACHT; VEEL_MEDEWERKERS_CLIENT; VEEL_TEAMS_CLIENT";"";""
"1097";"Hoog";"Synthetische medewerker 158";"SYN-M-0158";"Synthetisch team Oost";"Nachtdienst";"Ondersteuning tijdens avond- of nachtdienst";"Cliënt";"Synthetische cliënt 0398";"SYN-C-00398";"Synthetische hoofdlocatie 024";"29-05-2026, 23:52:58";"30-05-2026, 01:13:58";"NACHT; VEEL_MEDEWERKERS_CLIENT; VEEL_TEAMS_CLIENT; LATE_ACTIVATIE";"";"81"
"313";"Hoog";"Synthetische medewerker 175";"SYN-M-0175";"Synthetisch team West";"Synthetische deskundigheid";"Ondersteuning tijdens avond- of nachtdienst";"Cliënt";"Synthetische cliënt 0161";"SYN-C-00161";"Synthetische hoofdlocatie 012";"30-05-2026, 00:08:57";"30-05-2026, 00:57:57";"NACHT; VEEL_MEDEWERKERS_CLIENT; VEEL_TEAMS_CLIENT; LATE_ACTIVATIE";"";"49"
"583";"Hoog";"Synthetische medewerker 248";"SYN-M-0248";"Synthetisch testteam met lange naam";"Verpleegkundige testfunctie";"Ondersteuning tijdens avond- of nachtdienst";"Cliënt";"Synthetische cliënt 0569";"SYN-C-00569";"Synthetische hoofdlocatie 020";"30-05-2026, 00:17:20";"30-05-2026, 01:39:20";"NACHT; VEEL_MEDEWERKERS_CLIENT; VEEL_TEAMS_CLIENT; LATE_ACTIVATIE";"";"82"
"852";"Hoog";"Synthetische medewerker 180";"SYN-M-0180";"Synthetisch testteam met lange naam";"Verpleegkundige testfunctie";"Acute ondersteuning buiten het vaste team";"Cliënt";"Synthetische cliënt 0452";"SYN-C-00452";"Synthetische hoofdlocatie 003";"30-05-2026, 00:58:21";"30-05-2026, 01:39:21";"NACHT; VEEL_MEDEWERKERS_CLIENT; VEEL_TEAMS_CLIENT; LATE_ACTIVATIE";"";"41"
"1526";"Hoog";"Synthetische medewerker 035";"SYN-M-0035";"Synthetisch team West";"Synthetische deskundigheid";"Tijdelijke vervanging binnen het testrooster";"Cliënt";"Synthetische cliënt 0286";"SYN-C-00286";"Synthetische hoofdlocatie 012";"30-05-2026, 02:06:34";"30-05-2026, 02:34:34";"NACHT; VEEL_MEDEWERKERS_CLIENT; VEEL_TEAMS_CLIENT; LATE_ACTIVATIE";"";"28"
"1466";"Hoog";"Synthetische medewerker 200";"SYN-M-0200";"Synthetisch testteam met lange naam";"Verpleegkundige testfunctie";"Synthetische reden voor geautomatiseerde layoutcontrole";"Cliënt";"Synthetische cliënt 0256";"SYN-C-00256";"Synthetische hoofdlocatie 007";"31-05-2026, 05:07:21";"31-05-2026, 05:15:21";"NACHT; VEEL_MEDEWERKERS_CLIENT; VEEL_TEAMS_CLIENT; LATE_ACTIVATIE";"";"8"
"146";"Hoog";"Synthetische medewerker 211";"SYN-M-0211";"Synthetisch team West";"Synthetische deskundigheid";"Voorbereiding van een geplande synthetische handeling";"Cliënt";"Synthetische cliënt 0459";"SYN-C-00459";"Synthetische hoofdlocatie 010";"31-05-2026, 05:52:07";"31-05-2026, 07:15:07";"NACHT; VEEL_MEDEWERKERS_CLIENT; VEEL_TEAMS_CLIENT; LATE_ACTIVATIE";"";"83"
"1066";"Hoog";"Synthetische medewerker 135";"SYN-M-0135";"Synthetisch team West";"Synthetische deskundigheid";"Synthetische reden voor geautomatiseerde layoutcontrole";"Cliënt";"Synthetische cliënt 0210";"SYN-C-00210";"Synthetische hoofdlocatie 011";"31-05-2026, 23:44:52";"01-06-2026, 00:34:52";"NACHT; VEEL_MEDEWERKERS_CLIENT; VEEL_TEAMS_CLIENT; LATE_ACTIVATIE";"";"50"
"1822";"Hoog";"Synthetische medewerker 221";"SYN-M-0221";"Synthetisch team Noord";"Begeleiding";"Acute ondersteuning buiten het vaste team";"Cliënt";"Synthetische cliënt 0371";"SYN-C-00371";"Synthetische hoofdlocatie 022";"31-05-2026, 23:52:54";"01-06-2026, 01:51:54";"NACHT; VEEL_MEDEWERKERS_CLIENT; VEEL_TEAMS_CLIENT; LATE_ACTIVATIE";"";"119"
"673";"Hoog";"Synthetische medewerker 127";"SYN-M-0127";"Synthetisch team West";"Synthetische deskundigheid";"Acute ondersteuning buiten het vaste team";"Cliënt";"Synthetische cliënt 0093";"SYN-C-00093";"Synthetische hoofdlocatie 019";"01-05-2026, 01:11:16";"01-05-2026, 01:43:16";"NACHT; VEEL_MEDEWERKERS_CLIENT; LATE_ACTIVATIE";"";"32"
"164";"Hoog";"Synthetische medewerker 180";"SYN-M-0180";"Synthetisch testteam met lange naam";"Verpleegkundige testfunctie";"Controle na overdracht van zorg";"Cliënt";"Synthetische cliënt 0332";"SYN-C-00332";"Synthetische hoofdlocatie 008";"01-05-2026, 03:55:02";"Niet geactiveerd";"NIET_GEACTIVEERD; NACHT; VEEL_MEDEWERKERS_CLIENT";"";""
"254";"Hoog";"Synthetische medewerker 064";"SYN-M-0064";"Synthetisch testteam met lange naam";"Verpleegkundige testfunctie";"Controle na overdracht van zorg";"Cliënt";"Synthetische cliënt 0468";"SYN-C-00468";"Synthetische hoofdlocatie 019";"01-05-2026, 03:55:29";"Niet geactiveerd";"NIET_GEACTIVEERD; NACHT; VEEL_MEDEWERKERS_CLIENT";"";""
"1376";"Hoog";"Synthetische medewerker 203";"SYN-M-0203";"Synthetisch team West";"Synthetische deskundigheid";"Voorbereiding van een geplande synthetische handeling";"Cliënt";"Synthetische cliënt 0189";"SYN-C-00189";"Synthetische hoofdlocatie 015";"01-05-2026, 04:44:20";"01-05-2026, 04:30:20";"NACHT; VEEL_TEAMS_CLIENT; ONGELDIGE_ACTIVATIE";"";"-14"
"881";"Hoog";"Synthetische medewerker 019";"SYN-M-0019";"Synthetisch team West";"Synthetische deskundigheid";"Synthetische reden voor geautomatiseerde layoutcontrole";"Cliënt";"";"";"Synthetische hoofdlocatie 020";"01-05-2026, 05:17:22";"01-05-2026, 06:02:22";"NACHT; LATE_ACTIVATIE; ONVOLLEDIG_CLIENTDOEL";"";"45"
"156";"Hoog";"Synthetische medewerker 095";"SYN-M-0095";"Synthetisch team West";"Synthetische deskundigheid";"Controle na overdracht van zorg";"Cliënt";"";"";"Synthetische hoofdlocatie 006";"01-05-2026, 05:57:41";"01-05-2026, 06:36:41";"NACHT; LATE_ACTIVATIE; ONVOLLEDIG_CLIENTDOEL";"";"39"
"1084";"Hoog";"Synthetische medewerker 244";"SYN-M-0244";"Synthetisch testteam met lange naam";"Verpleegkundige testfunctie";"Ondersteuning tijdens avond- of nachtdienst";"Cliënt";"Synthetische cliënt 0264";"SYN-C-00264";"Synthetische hoofdlocatie 015";"02-05-2026, 01:17:44";"02-05-2026, 01:43:44";"NACHT; VEEL_MEDEWERKERS_CLIENT; LATE_ACTIVATIE";"";"26"
"1812";"Hoog";"Synthetische medewerker 206";"SYN-M-0206";"Synthetisch team Oost";"Nachtdienst";"Acute ondersteuning buiten het vaste team";"Cliënt";"Synthetische cliënt 0255";"SYN-C-00255";"Synthetische hoofdlocatie 006";"02-05-2026, 02:08:47";"02-05-2026, 02:31:47";"NACHT; VEEL_MEDEWERKERS_CLIENT; LATE_ACTIVATIE";"";"23"
"132";"Hoog";"Synthetische medewerker 164";"SYN-M-0164";"Synthetisch testteam met lange naam";"Verpleegkundige testfunctie";"Controle na overdracht van zorg";"Cliënt";"Synthetische cliënt 0088";"SYN-C-00088";"Synthetische hoofdlocatie 014";"02-05-2026, 03:33:53";"02-05-2026, 05:10:53";"NACHT; VEEL_TEAMS_CLIENT; LATE_ACTIVATIE";"";"97"
"281";"Hoog";"Synthetische medewerker 058";"SYN-M-0058";"Synthetisch team Oost";"Nachtdienst";"Controle na overdracht van zorg";"Cliënt";"Synthetische cliënt 0555";"SYN-C-00555";"Synthetische hoofdlocatie 006";"02-05-2026, 03:45:35";"02-05-2026, 04:18:35";"NACHT; VEEL_TEAMS_CLIENT; LATE_ACTIVATIE";"";"33"
"1154";"Hoog";"Synthetische medewerker 059";"SYN-M-0059";"Synthetisch team West";"Synthetische deskundigheid";"Ondersteuning tijdens avond- of nachtdienst";"Cliënt";"";"";"Synthetische hoofdlocatie 002";"02-05-2026, 04:13:40";"02-05-2026, 05:38:40";"NACHT; LATE_ACTIVATIE; ONVOLLEDIG_CLIENTDOEL";"";"85"
"753";"Hoog";"Synthetische medewerker 105";"SYN-M-0105";"Synthetisch team Noord";"Begeleiding";"Tijdelijke vervanging binnen het testrooster";"Cliënt";"Synthetische cliënt 0146";"SYN-C-00146";"Synthetische hoofdlocatie 022";"02-05-2026, 04:15:51";"02-05-2026, 05:23:51";"NACHT; VEEL_TEAMS_CLIENT; LATE_ACTIVATIE";"";"68"
"929";"Hoog";"Synthetische medewerker 185";"SYN-M-0185";"Synthetisch team Noord";"Begeleiding";"Ondersteuning tijdens avond- of nachtdienst";"Cliënt";"Synthetische cliënt 0463";"SYN-C-00463";"Synthetische hoofdlocatie 014";"02-05-2026, 23:41:40";"03-05-2026, 00:04:40";"NACHT; VEEL_MEDEWERKERS_CLIENT; LATE_ACTIVATIE";"";"23"
"777";"Hoog";"Synthetische medewerker 112";"SYN-M-0112";"Synthetisch testteam met lange naam";"Verpleegkundige testfunctie";"Controle na overdracht van zorg";"Cliënt";"Synthetische cliënt 0317";"SYN-C-00317";"Synthetische hoofdlocatie 018";"03-05-2026, 01:08:41";"03-05-2026, 01:26:41";"NACHT; VEEL_MEDEWERKERS_CLIENT; LATE_ACTIVATIE";"";"18"
"1353";"Hoog";"Synthetische medewerker 168";"SYN-M-0168";"Synthetisch testteam met lange naam";"Verpleegkundige testfunctie";"Controle na overdracht van zorg";"Cliënt";"Synthetische cliënt 0392";"SYN-C-00392";"Synthetische hoofdlocatie 018";"03-05-2026, 01:17:45";"03-05-2026, 01:34:45";"NACHT; VEEL_MEDEWERKERS_CLIENT; LATE_ACTIVATIE";"";"17"
"155";"Hoog";"Synthetische medewerker 002";"SYN-M-0002";"Synthetisch team Oost";"Nachtdienst";"Voorbereiding van een geplande synthetische handeling";"Cliënt";"Synthetische cliënt 0088";"SYN-C-00088";"Synthetische hoofdlocatie 014";"03-05-2026, 04:46:19";"03-05-2026, 06:23:19";"NACHT; VEEL_TEAMS_CLIENT; LATE_ACTIVATIE";"";"97"
"1905";"Hoog";"Synthetische medewerker 204";"SYN-M-0204";"Synthetisch testteam met lange naam";"Verpleegkundige testfunctie";"Tijdelijke vervanging binnen het testrooster";"Cliënt";"Synthetische cliënt 0222";"SYN-C-00222";"Synthetische hoofdlocatie 023";"03-05-2026, 05:19:22";"03-05-2026, 06:38:22";"NACHT; VEEL_MEDEWERKERS_CLIENT; LATE_ACTIVATIE";"";"79"
"284";"Hoog";"Synthetische medewerker 095";"SYN-M-0095";"Synthetisch team West";"Synthetische deskundigheid";"Controle na overdracht van zorg";"Cliënt";"Synthetische cliënt 0579";"SYN-C-00579";"Synthetische hoofdlocatie 005";"04-05-2026, 01:59:45";"04-05-2026, 03:18:45";"NACHT; VEEL_MEDEWERKERS_CLIENT; LATE_ACTIVATIE";"";"79"
"865";"Hoog";"Synthetische medewerker 209";"SYN-M-0209";"Synthetisch team Noord";"Begeleiding";"Synthetische reden voor geautomatiseerde layoutcontrole";"Cliënt";"Synthetische cliënt 0089";"SYN-C-00089";"Synthetische hoofdlocatie 015";"04-05-2026, 23:35:37";"05-05-2026, 00:17:37";"NACHT; VEEL_MEDEWERKERS_CLIENT; LATE_ACTIVATIE";"";"42"
"1837";"Hoog";"Synthetische medewerker 110";"SYN-M-0110";"Synthetisch team Oost";"Nachtdienst";"Synthetische reden voor geautomatiseerde layoutcontrole";"Cliënt";"Synthetische cliënt 0413";"SYN-C-00413";"Synthetische hoofdlocatie 014";"05-05-2026, 00:23:23";"05-05-2026, 01:19:23";"NACHT; VEEL_MEDEWERKERS_CLIENT; LATE_ACTIVATIE";"";"56"
"650";"Hoog";"Synthetische medewerker 120";"SYN-M-0120";"Synthetisch testteam met lange naam";"Verpleegkundige testfunctie";"Synthetische reden voor geautomatiseerde layoutcontrole";"Cliënt";"Synthetische cliënt 0453";"SYN-C-00453";"Synthetische hoofdlocatie 004";"05-05-2026, 01:46:07";"Niet geactiveerd";"NIET_GEACTIVEERD; NACHT; VEEL_MEDEWERKERS_CLIENT";"";""
"797";"Hoog";"Synthetische medewerker 162";"SYN-M-0162";"Synthetisch team Oost";"Nachtdienst";"Ondersteuning tijdens avond- of nachtdienst";"Cliënt";"Synthetische cliënt 0129";"SYN-C-00129";"Synthetische hoofdlocatie 005";"05-05-2026, 02:28:41";"05-05-2026, 03:02:41";"NACHT; VEEL_TEAMS_CLIENT; LATE_ACTIVATIE";"";"34"
"618";"Hoog";"Synthetische medewerker 111";"SYN-M-0111";"Synthetisch team West";"Synthetische deskundigheid";"Tijdelijke vervanging binnen het testrooster";"Cliënt";"Synthetische cliënt 0264";"SYN-C-00264";"Synthetische hoofdlocatie 015";"05-05-2026, 02:34:02";"05-05-2026, 03:38:02";"NACHT; VEEL_MEDEWERKERS_CLIENT; LATE_ACTIVATIE";"";"64"
"388";"Hoog";"Synthetische medewerker 005";"SYN-M-0005";"Synthetisch team Noord";"Begeleiding";"Controle na overdracht van zorg";"Cliënt";"Synthetische cliënt 0492";"SYN-C-00492";"Synthetische hoofdlocatie 018";"05-05-2026, 04:42:17";"05-05-2026, 05:41:17";"NACHT; VEEL_MEDEWERKERS_CLIENT; LATE_ACTIVATIE";"";"59"
"883";"Hoog";"Synthetische medewerker 155";"SYN-M-0155";"Synthetisch team West";"Synthetische deskundigheid";"Voorbereiding van een geplande synthetische handeling";"Cliënt";"Synthetische cliënt 0112";"SYN-C-00112";"Synthetische hoofdlocatie 013";"05-05-2026, 05:10:07";"05-05-2026, 05:38:07";"NACHT; VEEL_TEAMS_CLIENT; LATE_ACTIVATIE";"";"28"
"848";"Hoog";"Synthetische medewerker 001";"SYN-M-0001";"Synthetisch team Noord";"Begeleiding";"Acute ondersteuning buiten het vaste team";"Cliënt";"Synthetische cliënt 0013";"SYN-C-00013";"Synthetische hoofdlocatie 014";"05-05-2026, 05:44:02";"05-05-2026, 06:05:02";"NACHT; VEEL_TEAMS_CLIENT; LATE_ACTIVATIE";"";"21"
"1493";"Hoog";"Synthetische medewerker 239";"SYN-M-0239";"Synthetisch team West";"Synthetische deskundigheid";"Controle na overdracht van zorg";"Cliënt";"Synthetische cliënt 0232";"SYN-C-00232";"Synthetische hoofdlocatie 008";"06-05-2026, 01:29:14";"Niet geactiveerd";"NIET_GEACTIVEERD; NACHT; VEEL_MEDEWERKERS_CLIENT";"";""
"471";"Hoog";"Synthetische medewerker 217";"SYN-M-0217";"Synthetisch team Noord";"Begeleiding";"Ondersteuning tijdens avond- of nachtdienst";"Cliënt";"Synthetische cliënt 0472";"SYN-C-00472";"Synthetische hoofdlocatie 023";"06-05-2026, 02:11:57";"Niet geactiveerd";"NIET_GEACTIVEERD; NACHT; VEEL_TEAMS_CLIENT";"";""
"492";"Hoog";"Synthetische medewerker 228";"SYN-M-0228";"Synthetisch testteam met lange naam";"Verpleegkundige testfunctie";"Controle na overdracht van zorg";"Cliënt";"";"";"Synthetische hoofdlocatie 018";"06-05-2026, 03:08:34";"06-05-2026, 04:32:34";"NACHT; LATE_ACTIVATIE; ONVOLLEDIG_CLIENTDOEL";"";"84"
"651";"Hoog";"Synthetische medewerker 146";"SYN-M-0146";"Synthetisch team Oost";"Nachtdienst";"Voorbereiding van een geplande synthetische handeling";"Cliënt";"Synthetische cliënt 0432";"SYN-C-00432";"Synthetische hoofdlocatie 008";"06-05-2026, 05:29:03";"06-05-2026, 06:14:03";"NACHT; VEEL_MEDEWERKERS_CLIENT; LATE_ACTIVATIE";"";"45"
"1629";"Hoog";"Synthetische medewerker 011";"SYN-M-0011";"Synthetisch team West";"Synthetische deskundigheid";"Ondersteuning tijdens avond- of nachtdienst";"Cliënt";"Synthetische cliënt 0292";"SYN-C-00292";"Synthetische hoofdlocatie 018";"06-05-2026, 23:18:13";"07-05-2026, 01:06:13";"NACHT; VEEL_MEDEWERKERS_CLIENT; LATE_ACTIVATIE";"";"108"
"1773";"Hoog";"Synthetische medewerker 007";"SYN-M-0007";"Synthetisch team West";"Synthetische deskundigheid";"Voorbereiding van een geplande synthetische handeling";"Cliënt";"Synthetische cliënt 0492";"SYN-C-00492";"Synthetische hoofdlocatie 018";"07-05-2026, 00:38:07";"Niet geactiveerd";"NIET_GEACTIVEERD; NACHT; VEEL_MEDEWERKERS_CLIENT";"";""
"928";"Hoog";"Synthetische medewerker 184";"SYN-M-0184";"Synthetisch testteam met lange naam";"Verpleegkundige testfunctie";"Acute ondersteuning buiten het vaste team";"Cliënt";"Synthetische cliënt 0562";"SYN-C-00562";"Synthetische hoofdlocatie 013";"07-05-2026, 01:15:27";"07-05-2026, 02:55:27";"NACHT; VEEL_MEDEWERKERS_CLIENT; LATE_ACTIVATIE";"";"100"
"1259";"Hoog";"Synthetische medewerker 100";"SYN-M-0100";"Synthetisch testteam met lange naam";"Verpleegkundige testfunctie";"Ondersteuning tijdens avond- of nachtdienst";"Cliënt";"Synthetische cliënt 0453";"SYN-C-00453";"Synthetische hoofdlocatie 004";"07-05-2026, 01:21:25";"07-05-2026, 01:07:25";"NACHT; VEEL_MEDEWERKERS_CLIENT; ONGELDIGE_ACTIVATIE";"";"-14"
"1432";"Hoog";"Synthetische medewerker 029";"SYN-M-0029";"Synthetisch team Noord";"Begeleiding";"Tijdelijke vervanging binnen het testrooster";"Cliënt";"Synthetische cliënt 0509";"SYN-C-00509";"Synthetische hoofdlocatie 010";"07-05-2026, 23:58:35";"Niet geactiveerd";"NIET_GEACTIVEERD; NACHT; VEEL_TEAMS_CLIENT";"";""
"574";"Hoog";"Synthetische medewerker 100";"SYN-M-0100";"Synthetisch testteam met lange naam";"Verpleegkundige testfunctie";"Ondersteuning tijdens avond- of nachtdienst";"Cliënt";"Synthetische cliënt 0148";"SYN-C-00148";"Synthetische hoofdlocatie 024";"08-05-2026, 02:04:52";"08-05-2026, 03:39:52";"NACHT; VEEL_MEDEWERKERS_CLIENT; LATE_ACTIVATIE";"";"95"
"926";"Hoog";"Synthetische medewerker 107";"SYN-M-0107";"Synthetisch team West";"Synthetische deskundigheid";"Synthetische reden voor geautomatiseerde layoutcontrole";"Cliënt";"Synthetische cliënt 0530";"SYN-C-00530";"Synthetische hoofdlocatie 006";"08-05-2026, 03:35:06";"08-05-2026, 05:15:06";"NACHT; VEEL_TEAMS_CLIENT; LATE_ACTIVATIE";"";"100"
"1869";"Hoog";"Synthetische medewerker 085";"SYN-M-0085";"Synthetisch team Noord";"Begeleiding";"Acute ondersteuning buiten het vaste team";"Cliënt";"Synthetische cliënt 0453";"SYN-C-00453";"Synthetische hoofdlocatie 004";"08-05-2026, 04:00:04";"08-05-2026, 05:22:04";"NACHT; VEEL_MEDEWERKERS_CLIENT; LATE_ACTIVATIE";"";"82"
"1971";"Hoog";"Synthetische medewerker 071";"SYN-M-0071";"Synthetisch team West";"Synthetische deskundigheid";"Tijdelijke vervanging binnen het testrooster";"Cliënt";"Synthetische cliënt 0052";"SYN-C-00052";"Synthetische hoofdlocatie 003";"08-05-2026, 04:56:11";"08-05-2026, 06:42:11";"NACHT; VEEL_MEDEWERKERS_CLIENT; LATE_ACTIVATIE";"";"106"
"1714";"Hoog";"Synthetische medewerker 118";"SYN-M-0118";"Synthetisch team Oost";"Nachtdienst";"Acute ondersteuning buiten het vaste team";"Cliënt";"Synthetische cliënt 0292";"SYN-C-00292";"Synthetische hoofdlocatie 018";"08-05-2026, 05:06:22";"08-05-2026, 06:24:22";"NACHT; VEEL_MEDEWERKERS_CLIENT; LATE_ACTIVATIE";"";"78"
"1239";"Hoog";"Synthetische medewerker 006";"SYN-M-0006";"Synthetisch team Oost";"Nachtdienst";"Voorbereiding van een geplande synthetische handeling";"Cliënt";"Synthetische cliënt 0325";"SYN-C-00325";"Synthetische hoofdlocatie 001";"08-05-2026, 05:57:55";"Niet geactiveerd";"NIET_GEACTIVEERD; NACHT; VEEL_TEAMS_CLIENT";"";""
"1206";"Hoog";"Synthetische medewerker 016";"SYN-M-0016";"Synthetisch testteam met lange naam";"Verpleegkundige testfunctie";"Ondersteuning tijdens avond- of nachtdienst";"Cliënt";"Synthetische cliënt 0423";"SYN-C-00423";"Synthetische hoofdlocatie 024";"08-05-2026, 23:51:33";"Niet geactiveerd";"NIET_GEACTIVEERD; NACHT; VEEL_TEAMS_CLIENT";"";""
"174";"Hoog";"Synthetische medewerker 190";"SYN-M-0190";"Synthetisch team Oost";"Nachtdienst";"Ondersteuning tijdens avond- of nachtdienst";"Cliënt";"Synthetische cliënt 0591";"SYN-C-00591";"Synthetische hoofdlocatie 017";"09-05-2026, 03:32:46";"09-05-2026, 04:36:46";"NACHT; VEEL_MEDEWERKERS_CLIENT; LATE_ACTIVATIE";"";"64"
"602";"Hoog";"Synthetische medewerker 199";"SYN-M-0199";"Synthetisch team West";"Synthetische deskundigheid";"Synthetische reden voor geautomatiseerde layoutcontrole";"Cliënt";"Synthetische cliënt 0114";"SYN-C-00114";"Synthetische hoofdlocatie 015";"09-05-2026, 03:35:00";"09-05-2026, 03:52:00";"NACHT; VEEL_MEDEWERKERS_CLIENT; LATE_ACTIVATIE";"";"17"
"470";"Hoog";"Synthetische medewerker 172";"SYN-M-0172";"Synthetisch testteam met lange naam";"Verpleegkundige testfunctie";"Synthetische reden voor geautomatiseerde layoutcontrole";"Cliënt";"Synthetische cliënt 0379";"SYN-C-00379";"Synthetische hoofdlocatie 005";"09-05-2026, 23:49:59";"10-05-2026, 00:35:59";"NACHT; VEEL_TEAMS_CLIENT; LATE_ACTIVATIE";"";"46"
"1538";"Hoog";"Synthetische medewerker 083";"SYN-M-0083";"Synthetisch team West";"Synthetische deskundigheid";"Acute ondersteuning buiten het vaste team";"Cliënt";"";"";"Synthetische hoofdlocatie 009";"10-05-2026, 00:21:11";"10-05-2026, 00:33:11";"NACHT; LATE_ACTIVATIE; ONVOLLEDIG_CLIENTDOEL";"";"12"
"1846";"Hoog";"Synthetische medewerker 004";"SYN-M-0004";"Synthetisch testteam met lange naam";"Verpleegkundige testfunctie";"Ondersteuning tijdens avond- of nachtdienst";"Cliënt";"Synthetische cliënt 0233";"SYN-C-00233";"Synthetische hoofdlocatie 009";"11-05-2026, 03:55:21";"11-05-2026, 04:25:21";"NACHT; VEEL_TEAMS_CLIENT; LATE_ACTIVATIE";"";"30"
"315";"Hoog";"Synthetische medewerker 184";"SYN-M-0184";"Synthetisch testteam met lange naam";"Verpleegkundige testfunctie";"Ondersteuning tijdens avond- of nachtdienst";"Cliënt";"Synthetische cliënt 0101";"SYN-C-00101";"Synthetische hoofdlocatie 002";"11-05-2026, 05:34:07";"Niet geactiveerd";"NIET_GEACTIVEERD; NACHT; VEEL_MEDEWERKERS_CLIENT";"";""
"1225";"Hoog";"Synthetische medewerker 159";"SYN-M-0159";"Synthetisch team West";"Synthetische deskundigheid";"Tijdelijke vervanging binnen het testrooster";"Cliënt";"Synthetische cliënt 0423";"SYN-C-00423";"Synthetische hoofdlocatie 024";"12-05-2026, 04:10:28";"12-05-2026, 04:58:28";"NACHT; VEEL_TEAMS_CLIENT; LATE_ACTIVATIE";"";"48"
"413";"Hoog";"Synthetische medewerker 218";"SYN-M-0218";"Synthetisch team Oost";"Nachtdienst";"Voorbereiding van een geplande synthetische handeling";"Cliënt";"";"";"Synthetische hoofdlocatie 006";"12-05-2026, 04:38:26";"12-05-2026, 06:19:26";"NACHT; LATE_ACTIVATIE; ONVOLLEDIG_CLIENTDOEL";"";"101"
"1127";"Hoog";"Synthetische medewerker 214";"SYN-M-0214";"Synthetisch team Oost";"Nachtdienst";"Voorbereiding van een geplande synthetische handeling";"Cliënt";"Synthetische cliënt 0591";"SYN-C-00591";"Synthetische hoofdlocatie 017";"12-05-2026, 23:32:27";"13-05-2026, 00:51:27";"NACHT; VEEL_MEDEWERKERS_CLIENT; LATE_ACTIVATIE";"";"79"
"1202";"Hoog";"Synthetische medewerker 185";"SYN-M-0185";"Synthetisch team Noord";"Begeleiding";"Synthetische reden voor geautomatiseerde layoutcontrole";"Cliënt";"Synthetische cliënt 0136";"SYN-C-00136";"Synthetische hoofdlocatie 012";"13-05-2026, 00:09:35";"13-05-2026, 01:02:35";"NACHT; VEEL_MEDEWERKERS_CLIENT; LATE_ACTIVATIE";"";"53"
"725";"Hoog";"Synthetische medewerker 066";"SYN-M-0066";"Synthetisch team Oost";"Nachtdienst";"Tijdelijke vervanging binnen het testrooster";"Cliënt";"Synthetische cliënt 0089";"SYN-C-00089";"Synthetische hoofdlocatie 015";"13-05-2026, 01:57:03";"Niet geactiveerd";"NIET_GEACTIVEERD; NACHT; VEEL_MEDEWERKERS_CLIENT";"";""
"1954";"Hoog";"Synthetische medewerker 162";"SYN-M-0162";"Synthetisch team Oost";"Nachtdienst";"Synthetische reden voor geautomatiseerde layoutcontrole";"Cliënt";"";"";"Synthetische hoofdlocatie 023";"13-05-2026, 03:09:55";"13-05-2026, 03:41:55";"NACHT; LATE_ACTIVATIE; ONVOLLEDIG_CLIENTDOEL";"";"32"
"307";"Hoog";"Synthetische medewerker 189";"SYN-M-0189";"Synthetisch team Noord";"Begeleiding";"Voorbereiding van een geplande synthetische handeling";"Cliënt";"Synthetische cliënt 0538";"SYN-C-00538";"Synthetische hoofdlocatie 014";"14-05-2026, 00:06:43";"14-05-2026, 02:02:43";"NACHT; VEEL_MEDEWERKERS_CLIENT; LATE_ACTIVATIE";"";"116"
"473";"Hoog";"Synthetische medewerker 017";"SYN-M-0017";"Synthetisch team Noord";"Begeleiding";"Controle na overdracht van zorg";"Cliënt";"";"";"Synthetische hoofdlocatie 025";"14-05-2026, 01:55:13";"14-05-2026, 03:49:13";"NACHT; LATE_ACTIVATIE; ONVOLLEDIG_CLIENTDOEL";"";"114"
"1381";"Hoog";"Synthetische medewerker 163";"SYN-M-0163";"Synthetisch team West";"Synthetische deskundigheid";"Ondersteuning tijdens avond- of nachtdienst";"Cliënt";"Synthetische cliënt 0475";"SYN-C-00475";"Synthetische hoofdlocatie 001";"14-05-2026, 03:24:10";"14-05-2026, 04:16:10";"NACHT; VEEL_TEAMS_CLIENT; LATE_ACTIVATIE";"";"52"
"1212";"Hoog";"Synthetische medewerker 134";"SYN-M-0134";"Synthetisch team Oost";"Nachtdienst";"Acute ondersteuning buiten het vaste team";"Cliënt";"Synthetische cliënt 0293";"SYN-C-00293";"Synthetische hoofdlocatie 019";"14-05-2026, 04:38:27";"14-05-2026, 05:20:27";"NACHT; VEEL_MEDEWERKERS_CLIENT; LATE_ACTIVATIE";"";"42"
"1356";"Hoog";"Synthetische medewerker 187";"SYN-M-0187";"Synthetisch team West";"Synthetische deskundigheid";"Controle na overdracht van zorg";"Cliënt";"";"";"Synthetische hoofdlocatie 011";"14-05-2026, 05:49:44";"14-05-2026, 07:14:44";"NACHT; LATE_ACTIVATIE; ONVOLLEDIG_CLIENTDOEL";"";"85"
"1873";"Hoog";"Synthetische medewerker 235";"SYN-M-0235";"Synthetisch team West";"Synthetische deskundigheid";"Acute ondersteuning buiten het vaste team";"Cliënt";"Synthetische cliënt 0192";"SYN-C-00192";"Synthetische hoofdlocatie 018";"15-05-2026, 01:46:40";"15-05-2026, 02:32:40";"NACHT; VEEL_TEAMS_CLIENT; LATE_ACTIVATIE";"";"46"
"1618";"Hoog";"Synthetische medewerker 214";"SYN-M-0214";"Synthetisch team Oost";"Nachtdienst";"Ondersteuning tijdens avond- of nachtdienst";"Cliënt";"Synthetische cliënt 0530";"SYN-C-00530";"Synthetische hoofdlocatie 006";"15-05-2026, 04:04:22";"15-05-2026, 04:45:22";"NACHT; VEEL_TEAMS_CLIENT; LATE_ACTIVATIE";"";"41"
"1289";"Hoog";"Synthetische medewerker 137";"SYN-M-0137";"Synthetisch team Noord";"Begeleiding";"Tijdelijke vervanging binnen het testrooster";"Cliënt";"Synthetische cliënt 0422";"SYN-C-00422";"Synthetische hoofdlocatie 023";"16-05-2026, 00:31:35";"16-05-2026, 00:58:35";"NACHT; VEEL_TEAMS_CLIENT; LATE_ACTIVATIE";"";"27"
"1979";"Hoog";"Synthetische medewerker 064";"SYN-M-0064";"Synthetisch testteam met lange naam";"Verpleegkundige testfunctie";"Controle na overdracht van zorg";"Cliënt";"Synthetische cliënt 0527";"SYN-C-00527";"Synthetische hoofdlocatie 003";"16-05-2026, 00:38:58";"16-05-2026, 02:28:58";"NACHT; VEEL_TEAMS_CLIENT; LATE_ACTIVATIE";"";"110"
"1915";"Hoog";"Synthetische medewerker 057";"SYN-M-0057";"Synthetisch team Noord";"Begeleiding";"Controle na overdracht van zorg";"Cliënt";"Synthetische cliënt 0538";"SYN-C-00538";"Synthetische hoofdlocatie 014";"16-05-2026, 00:46:46";"16-05-2026, 00:49:46";"NACHT; VEEL_MEDEWERKERS_CLIENT; LATE_ACTIVATIE";"";"3"
"910";"Hoog";"Synthetische medewerker 218";"SYN-M-0218";"Synthetisch team Oost";"Nachtdienst";"Acute ondersteuning buiten het vaste team";"Cliënt";"Synthetische cliënt 0080";"SYN-C-00080";"Synthetische hoofdlocatie 006";"16-05-2026, 03:27:13";"16-05-2026, 04:49:13";"NACHT; VEEL_MEDEWERKERS_CLIENT; LATE_ACTIVATIE";"";"82"
"1656";"Hoog";"Synthetische medewerker 244";"SYN-M-0244";"Synthetisch testteam met lange naam";"Verpleegkundige testfunctie";"Synthetische reden voor geautomatiseerde layoutcontrole";"Cliënt";"Synthetische cliënt 0489";"SYN-C-00489";"Synthetische hoofdlocatie 015";"16-05-2026, 03:51:17";"16-05-2026, 05:51:17";"NACHT; VEEL_MEDEWERKERS_CLIENT; LATE_ACTIVATIE";"";"120"
"736";"Hoog";"Synthetische medewerker 231";"SYN-M-0231";"Synthetisch team West";"Synthetische deskundigheid";"Tijdelijke vervanging binnen het testrooster";"Cliënt";"Synthetische cliënt 0156";"SYN-C-00156";"Synthetische hoofdlocatie 007";"16-05-2026, 05:18:01";"16-05-2026, 05:49:01";"NACHT; VEEL_MEDEWERKERS_CLIENT; LATE_ACTIVATIE";"";"31"
"355";"Hoog";"Synthetische medewerker 144";"SYN-M-0144";"Synthetisch testteam met lange naam";"Verpleegkundige testfunctie";"Synthetische reden voor geautomatiseerde layoutcontrole";"Cliënt";"Synthetische cliënt 0403";"SYN-C-00403";"Synthetische hoofdlocatie 004";"16-05-2026, 23:29:28";"17-05-2026, 00:21:28";"NACHT; VEEL_TEAMS_CLIENT; LATE_ACTIVATIE";"";"52"
"1372";"Hoog";"Synthetische medewerker 035";"SYN-M-0035";"Synthetisch team West";"Synthetische deskundigheid";"Synthetische reden voor geautomatiseerde layoutcontrole";"Cliënt";"";"";"Synthetische hoofdlocatie 005";"17-05-2026, 05:08:44";"17-05-2026, 06:14:44";"NACHT; LATE_ACTIVATIE; ONVOLLEDIG_CLIENTDOEL";"";"66"
"728";"Hoog";"Synthetische medewerker 039";"SYN-M-0039";"Synthetisch team West";"Synthetische deskundigheid";"Tijdelijke vervanging binnen het testrooster";"Cliënt";"Synthetische cliënt 0136";"SYN-C-00136";"Synthetische hoofdlocatie 012";"17-05-2026, 05:27:39";"17-05-2026, 07:20:39";"NACHT; VEEL_MEDEWERKERS_CLIENT; LATE_ACTIVATIE";"";"113"
"850";"Hoog";"Synthetische medewerker 005";"SYN-M-0005";"Synthetisch team Noord";"Begeleiding";"Acute ondersteuning buiten het vaste team";"Cliënt";"Synthetische cliënt 0019";"SYN-C-00019";"Synthetische hoofdlocatie 020";"17-05-2026, 23:07:34";"18-05-2026, 00:05:34";"NACHT; VEEL_TEAMS_CLIENT; LATE_ACTIVATIE";"";"58"
"1101";"Hoog";"Synthetische medewerker 096";"SYN-M-0096";"Synthetisch testteam met lange naam";"Verpleegkundige testfunctie";"Voorbereiding van een geplande synthetische handeling";"Cliënt";"";"";"Synthetische hoofdlocatie 016";"17-05-2026, 23:42:52";"18-05-2026, 00:56:52";"NACHT; LATE_ACTIVATIE; ONVOLLEDIG_CLIENTDOEL";"";"74"
"953";"Hoog";"Synthetische medewerker 124";"SYN-M-0124";"Synthetisch testteam met lange naam";"Verpleegkundige testfunctie";"Ondersteuning tijdens avond- of nachtdienst";"Cliënt";"";"";"Synthetische hoofdlocatie 011";"18-05-2026, 02:10:40";"18-05-2026, 03:57:40";"NACHT; LATE_ACTIVATIE; ONVOLLEDIG_CLIENTDOEL";"";"107"
"1146";"Hoog";"Synthetische medewerker 008";"SYN-M-0008";"Synthetisch testteam met lange naam";"Verpleegkundige testfunctie";"Synthetische reden voor geautomatiseerde layoutcontrole";"Cliënt";"Synthetische cliënt 0384";"SYN-C-00384";"Synthetische hoofdlocatie 010";"18-05-2026, 04:13:30";"18-05-2026, 04:41:30";"NACHT; VEEL_MEDEWERKERS_CLIENT; LATE_ACTIVATIE";"";"28"
"24";"Hoog";"Synthetische medewerker 061";"SYN-M-0061";"Synthetisch team Noord";"Begeleiding";"Synthetische reden voor geautomatiseerde layoutcontrole";"Cliënt";"Synthetische cliënt 0492";"SYN-C-00492";"Synthetische hoofdlocatie 018";"18-05-2026, 05:54:09";"18-05-2026, 06:29:09";"NACHT; VEEL_MEDEWERKERS_CLIENT; LATE_ACTIVATIE";"";"35"
"402";"Hoog";"Synthetische medewerker 186";"SYN-M-0186";"Synthetisch team Oost";"Nachtdienst";"Synthetische reden voor geautomatiseerde layoutcontrole";"Cliënt";"Synthetische cliënt 0413";"SYN-C-00413";"Synthetische hoofdlocatie 014";"18-05-2026, 23:49:37";"18-05-2026, 23:45:37";"NACHT; VEEL_MEDEWERKERS_CLIENT; ONGELDIGE_ACTIVATIE";"";"-4"
"1985";"Hoog";"Synthetische medewerker 054";"SYN-M-0054";"Synthetisch team Oost";"Nachtdienst";"Voorbereiding van een geplande synthetische handeling";"Cliënt";"Synthetische cliënt 0293";"SYN-C-00293";"Synthetische hoofdlocatie 019";"19-05-2026, 01:55:54";"19-05-2026, 03:48:54";"NACHT; VEEL_MEDEWERKERS_CLIENT; LATE_ACTIVATIE";"";"113"
"168";"Hoog";"Synthetische medewerker 190";"SYN-M-0190";"Synthetisch team Oost";"Nachtdienst";"Voorbereiding van een geplande synthetische handeling";"Cliënt";"Synthetische cliënt 0472";"SYN-C-00472";"Synthetische hoofdlocatie 023";"19-05-2026, 04:03:51";"19-05-2026, 04:19:51";"NACHT; VEEL_TEAMS_CLIENT; LATE_ACTIVATIE";"";"16"
"1302";"Hoog";"Synthetische medewerker 158";"SYN-M-0158";"Synthetisch team Oost";"Nachtdienst";"Voorbereiding van een geplande synthetische handeling";"Cliënt";"Synthetische cliënt 0489";"SYN-C-00489";"Synthetische hoofdlocatie 015";"19-05-2026, 04:24:47";"19-05-2026, 05:26:47";"NACHT; VEEL_MEDEWERKERS_CLIENT; LATE_ACTIVATIE";"";"62"
"1881";"Hoog";"Synthetische medewerker 110";"SYN-M-0110";"Synthetisch team Oost";"Nachtdienst";"Acute ondersteuning buiten het vaste team";"Cliënt";"Synthetische cliënt 0476";"SYN-C-00476";"Synthetische hoofdlocatie 002";"19-05-2026, 05:14:03";"19-05-2026, 04:52:03";"NACHT; VEEL_MEDEWERKERS_CLIENT; ONGELDIGE_ACTIVATIE";"";"-22"
"103";"Hoog";"Synthetische medewerker 075";"SYN-M-0075";"Synthetisch team West";"Synthetische deskundigheid";"Acute ondersteuning buiten het vaste team";"Cliënt";"Synthetische cliënt 0579";"SYN-C-00579";"Synthetische hoofdlocatie 005";"19-05-2026, 05:40:39";"19-05-2026, 06:48:39";"NACHT; VEEL_MEDEWERKERS_CLIENT; LATE_ACTIVATIE";"";"68"
"1843";"Hoog";"Synthetische medewerker 058";"SYN-M-0058";"Synthetisch team Oost";"Nachtdienst";"Controle na overdracht van zorg";"Cliënt";"Synthetische cliënt 0399";"SYN-C-00399";"Synthetische hoofdlocatie 025";"20-05-2026, 02:40:25";"20-05-2026, 03:23:25";"NACHT; VEEL_TEAMS_CLIENT; LATE_ACTIVATIE";"";"43"
"784";"Hoog";"Synthetische medewerker 122";"SYN-M-0122";"Synthetisch team Oost";"Nachtdienst";"Acute ondersteuning buiten het vaste team";"Cliënt";"";"";"Synthetische hoofdlocatie 022";"20-05-2026, 05:30:09";"20-05-2026, 05:38:09";"NACHT; LATE_ACTIVATIE; ONVOLLEDIG_CLIENTDOEL";"";"8"
"947";"Hoog";"Synthetische medewerker 081";"SYN-M-0081";"Synthetisch team Noord";"Begeleiding";"Acute ondersteuning buiten het vaste team";"Cliënt";"Synthetische cliënt 0526";"SYN-C-00526";"Synthetische hoofdlocatie 002";"21-05-2026, 01:49:10";"21-05-2026, 02:23:10";"NACHT; VEEL_MEDEWERKERS_CLIENT; LATE_ACTIVATIE";"";"34"
"1940";"Hoog";"Synthetische medewerker 112";"SYN-M-0112";"Synthetisch testteam met lange naam";"Verpleegkundige testfunctie";"Tijdelijke vervanging binnen het testrooster";"Cliënt";"Synthetische cliënt 0222";"SYN-C-00222";"Synthetische hoofdlocatie 023";"21-05-2026, 03:28:57";"21-05-2026, 05:18:57";"NACHT; VEEL_MEDEWERKERS_CLIENT; LATE_ACTIVATIE";"";"110"
"1474";"Hoog";"Synthetische medewerker 146";"SYN-M-0146";"Synthetisch team Oost";"Nachtdienst";"Controle na overdracht van zorg";"Cliënt";"Synthetische cliënt 0415";"SYN-C-00415";"Synthetische hoofdlocatie 016";"21-05-2026, 04:06:02";"21-05-2026, 06:01:02";"NACHT; VEEL_MEDEWERKERS_CLIENT; LATE_ACTIVATIE";"";"115"
"397";"Hoog";"Synthetische medewerker 034";"SYN-M-0034";"Synthetisch team Oost";"Nachtdienst";"Tijdelijke vervanging binnen het testrooster";"Cliënt";"Synthetische cliënt 0293";"SYN-C-00293";"Synthetische hoofdlocatie 019";"21-05-2026, 04:14:58";"21-05-2026, 05:16:58";"NACHT; VEEL_MEDEWERKERS_CLIENT; LATE_ACTIVATIE";"";"62"
"671";"Hoog";"Synthetische medewerker 133";"SYN-M-0133";"Synthetisch team Noord";"Begeleiding";"Voorbereiding van een geplande synthetische handeling";"Cliënt";"Synthetische cliënt 0521";"SYN-C-00521";"Synthetische hoofdlocatie 022";"21-05-2026, 05:34:44";"21-05-2026, 06:18:44";"NACHT; VEEL_TEAMS_CLIENT; LATE_ACTIVATIE";"";"44"
"1755";"Hoog";"Synthetische medewerker 059";"SYN-M-0059";"Synthetisch team West";"Synthetische deskundigheid";"Synthetische reden voor geautomatiseerde layoutcontrole";"Cliënt";"Synthetische cliënt 0243";"SYN-C-00243";"Synthetische hoofdlocatie 019";"21-05-2026, 23:37:58";"21-05-2026, 23:49:58";"NACHT; VEEL_TEAMS_CLIENT; LATE_ACTIVATIE";"";"12"
"1280";"Hoog";"Synthetische medewerker 030";"SYN-M-0030";"Synthetisch team Oost";"Nachtdienst";"Synthetische reden voor geautomatiseerde layoutcontrole";"Cliënt";"Synthetische cliënt 0148";"SYN-C-00148";"Synthetische hoofdlocatie 024";"22-05-2026, 00:09:53";"Niet geactiveerd";"NIET_GEACTIVEERD; NACHT; VEEL_MEDEWERKERS_CLIENT";"";""
"1001";"Hoog";"Synthetische medewerker 145";"SYN-M-0145";"Synthetisch team Noord";"Begeleiding";"Controle na overdracht van zorg";"Cliënt";"Synthetische cliënt 0136";"SYN-C-00136";"Synthetische hoofdlocatie 012";"22-05-2026, 03:22:41";"22-05-2026, 04:49:41";"NACHT; VEEL_MEDEWERKERS_CLIENT; LATE_ACTIVATIE";"";"87"
"696";"Hoog";"Synthetische medewerker 060";"SYN-M-0060";"Synthetisch testteam met lange naam";"Verpleegkundige testfunctie";"Voorbereiding van een geplande synthetische handeling";"Cliënt";"Synthetische cliënt 0101";"SYN-C-00101";"Synthetische hoofdlocatie 002";"22-05-2026, 03:49:59";"22-05-2026, 04:51:59";"NACHT; VEEL_MEDEWERKERS_CLIENT; LATE_ACTIVATIE";"";"62"
"352";"Hoog";"Synthetische medewerker 012";"SYN-M-0012";"Synthetisch testteam met lange naam";"Verpleegkundige testfunctie";"Voorbereiding van een geplande synthetische handeling";"Cliënt";"Synthetische cliënt 0317";"SYN-C-00317";"Synthetische hoofdlocatie 018";"22-05-2026, 04:21:32";"22-05-2026, 04:41:32";"NACHT; VEEL_MEDEWERKERS_CLIENT; LATE_ACTIVATIE";"";"20"
"319";"Hoog";"Synthetische medewerker 131";"SYN-M-0131";"Synthetisch team West";"Synthetische deskundigheid";"Voorbereiding van een geplande synthetische handeling";"Cliënt";"Synthetische cliënt 0527";"SYN-C-00527";"Synthetische hoofdlocatie 003";"22-05-2026, 05:29:47";"22-05-2026, 06:59:47";"NACHT; VEEL_TEAMS_CLIENT; LATE_ACTIVATIE";"";"90"
"944";"Hoog";"Synthetische medewerker 047";"SYN-M-0047";"Synthetisch team West";"Synthetische deskundigheid";"Acute ondersteuning buiten het vaste team";"Cliënt";"Synthetische cliënt 0264";"SYN-C-00264";"Synthetische hoofdlocatie 015";"22-05-2026, 23:30:54";"23-05-2026, 00:53:54";"NACHT; VEEL_MEDEWERKERS_CLIENT; LATE_ACTIVATIE";"";"83"
"1368";"Hoog";"Synthetische medewerker 101";"SYN-M-0101";"Synthetisch team Noord";"Begeleiding";"Controle na overdracht van zorg";"Cliënt";"Synthetische cliënt 0328";"SYN-C-00328";"Synthetische hoofdlocatie 004";"22-05-2026, 23:39:39";"23-05-2026, 00:06:39";"NACHT; VEEL_TEAMS_CLIENT; LATE_ACTIVATIE";"";"27"
"1214";"Hoog";"Synthetische medewerker 116";"SYN-M-0116";"Synthetisch testteam met lange naam";"Verpleegkundige testfunctie";"Tijdelijke vervanging binnen het testrooster";"Cliënt";"Synthetische cliënt 0506";"SYN-C-00506";"Synthetische hoofdlocatie 007";"23-05-2026, 00:56:10";"Niet geactiveerd";"NIET_GEACTIVEERD; NACHT; VEEL_TEAMS_CLIENT";"";""
"1524";"Hoog";"Synthetische medewerker 156";"SYN-M-0156";"Synthetisch testteam met lange naam";"Verpleegkundige testfunctie";"Acute ondersteuning buiten het vaste team";"Cliënt";"Synthetische cliënt 0303";"SYN-C-00303";"Synthetische hoofdlocatie 004";"23-05-2026, 01:48:04";"23-05-2026, 01:47:04";"NACHT; VEEL_TEAMS_CLIENT; ONGELDIGE_ACTIVATIE";"";"-1"
"351";"Hoog";"Synthetische medewerker 065";"SYN-M-0065";"Synthetisch team Noord";"Begeleiding";"Voorbereiding van een geplande synthetische handeling";"Cliënt";"Synthetische cliënt 0089";"SYN-C-00089";"Synthetische hoofdlocatie 015";"23-05-2026, 02:01:13";"23-05-2026, 03:20:13";"NACHT; VEEL_MEDEWERKERS_CLIENT; LATE_ACTIVATIE";"";"79"
"1619";"Hoog";"Synthetische medewerker 211";"SYN-M-0211";"Synthetisch team West";"Synthetische deskundigheid";"Acute ondersteuning buiten het vaste team";"Cliënt";"Synthetische cliënt 0044";"SYN-C-00044";"Synthetische hoofdlocatie 020";"23-05-2026, 02:45:50";"23-05-2026, 03:04:50";"NACHT; VEEL_TEAMS_CLIENT; LATE_ACTIVATIE";"";"19"
"66";"Hoog";"Synthetische medewerker 047";"SYN-M-0047";"Synthetisch team West";"Synthetische deskundigheid";"Voorbereiding van een geplande synthetische handeling";"Cliënt";"Synthetische cliënt 0595";"SYN-C-00595";"Synthetische hoofdlocatie 021";"23-05-2026, 03:29:28";"23-05-2026, 04:01:28";"NACHT; VEEL_TEAMS_CLIENT; LATE_ACTIVATIE";"";"32"
"740";"Hoog";"Synthetische medewerker 046";"SYN-M-0046";"Synthetisch team Oost";"Nachtdienst";"Acute ondersteuning buiten het vaste team";"Cliënt";"Synthetische cliënt 0526";"SYN-C-00526";"Synthetische hoofdlocatie 002";"23-05-2026, 03:36:00";"Niet geactiveerd";"NIET_GEACTIVEERD; NACHT; VEEL_MEDEWERKERS_CLIENT";"";""
"1473";"Hoog";"Synthetische medewerker 106";"SYN-M-0106";"Synthetisch team Oost";"Nachtdienst";"Synthetische reden voor geautomatiseerde layoutcontrole";"Cliënt";"Synthetische cliënt 0539";"SYN-C-00539";"Synthetische hoofdlocatie 015";"23-05-2026, 03:40:08";"Niet geactiveerd";"NIET_GEACTIVEERD; NACHT; VEEL_MEDEWERKERS_CLIENT";"";""
"1909";"Hoog";"Synthetische medewerker 219";"SYN-M-0219";"Synthetisch team West";"Synthetische deskundigheid";"Synthetische reden voor geautomatiseerde layoutcontrole";"Cliënt";"Synthetische cliënt 0353";"SYN-C-00353";"Synthetische hoofdlocatie 004";"24-05-2026, 00:35:50";"24-05-2026, 00:55:50";"NACHT; VEEL_MEDEWERKERS_CLIENT; LATE_ACTIVATIE";"";"20"
"439";"Hoog";"Synthetische medewerker 217";"SYN-M-0217";"Synthetisch team Noord";"Begeleiding";"Acute ondersteuning buiten het vaste team";"Cliënt";"Synthetische cliënt 0442";"SYN-C-00442";"Synthetische hoofdlocatie 018";"24-05-2026, 01:26:53";"24-05-2026, 01:53:53";"NACHT; VEEL_MEDEWERKERS_CLIENT; LATE_ACTIVATIE";"";"27"
"1073";"Hoog";"Synthetische medewerker 128";"SYN-M-0128";"Synthetisch testteam met lange naam";"Verpleegkundige testfunctie";"Tijdelijke vervanging binnen het testrooster";"Cliënt";"Synthetische cliënt 0106";"SYN-C-00106";"Synthetische hoofdlocatie 007";"24-05-2026, 03:13:17";"24-05-2026, 03:57:17";"NACHT; VEEL_TEAMS_CLIENT; LATE_ACTIVATIE";"";"44"
"127";"Hoog";"Synthetische medewerker 242";"SYN-M-0242";"Synthetisch team Oost";"Nachtdienst";"Tijdelijke vervanging binnen het testrooster";"Cliënt";"";"";"Synthetische hoofdlocatie 019";"25-05-2026, 00:29:40";"25-05-2026, 01:25:40";"NACHT; LATE_ACTIVATIE; ONVOLLEDIG_CLIENTDOEL";"";"56"
"518";"Hoog";"Synthetische medewerker 138";"SYN-M-0138";"Synthetisch team Oost";"Nachtdienst";"Controle na overdracht van zorg";"Cliënt";"";"";"Synthetische hoofdlocatie 018";"25-05-2026, 01:01:27";"25-05-2026, 01:43:27";"NACHT; LATE_ACTIVATIE; ONVOLLEDIG_CLIENTDOEL";"";"42"
"442";"Hoog";"Synthetische medewerker 242";"SYN-M-0242";"Synthetisch team Oost";"Nachtdienst";"Acute ondersteuning buiten het vaste team";"Cliënt";"Synthetische cliënt 0489";"SYN-C-00489";"Synthetische hoofdlocatie 015";"25-05-2026, 05:32:01";"25-05-2026, 06:52:01";"NACHT; VEEL_MEDEWERKERS_CLIENT; LATE_ACTIVATIE";"";"80"
"1243";"Hoog";"Synthetische medewerker 233";"SYN-M-0233";"Synthetisch team Noord";"Begeleiding";"Voorbereiding van een geplande synthetische handeling";"Cliënt";"Synthetische cliënt 0506";"SYN-C-00506";"Synthetische hoofdlocatie 007";"26-05-2026, 01:12:49";"26-05-2026, 01:19:49";"NACHT; VEEL_TEAMS_CLIENT; LATE_ACTIVATIE";"";"7"
"608";"Hoog";"Synthetische medewerker 091";"SYN-M-0091";"Synthetisch team West";"Synthetische deskundigheid";"Tijdelijke vervanging binnen het testrooster";"Cliënt";"Synthetische cliënt 0510";"SYN-C-00510";"Synthetische hoofdlocatie 011";"26-05-2026, 04:55:20";"26-05-2026, 06:46:20";"NACHT; VEEL_TEAMS_CLIENT; LATE_ACTIVATIE";"";"111"
"756";"Hoog";"Synthetische medewerker 142";"SYN-M-0142";"Synthetisch team Oost";"Nachtdienst";"Voorbereiding van een geplande synthetische handeling";"Cliënt";"Synthetische cliënt 0303";"SYN-C-00303";"Synthetische hoofdlocatie 004";"26-05-2026, 04:56:23";"26-05-2026, 06:34:23";"NACHT; VEEL_TEAMS_CLIENT; LATE_ACTIVATIE";"";"98"
"741";"Hoog";"Synthetische medewerker 205";"SYN-M-0205";"Synthetisch team Noord";"Begeleiding";"Synthetische reden voor geautomatiseerde layoutcontrole";"Cliënt";"";"";"Synthetische hoofdlocatie 018";"27-05-2026, 03:25:40";"27-05-2026, 05:12:40";"NACHT; LATE_ACTIVATIE; ONVOLLEDIG_CLIENTDOEL";"";"107"
"702";"Hoog";"Synthetische medewerker 199";"SYN-M-0199";"Synthetisch team West";"Synthetische deskundigheid";"Tijdelijke vervanging binnen het testrooster";"Cliënt";"Synthetische cliënt 0457";"SYN-C-00457";"Synthetische hoofdlocatie 008";"27-05-2026, 03:35:35";"27-05-2026, 04:32:35";"NACHT; VEEL_TEAMS_CLIENT; LATE_ACTIVATIE";"";"57"
"417";"Hoog";"Synthetische medewerker 153";"SYN-M-0153";"Synthetisch team Noord";"Begeleiding";"Acute ondersteuning buiten het vaste team";"Cliënt";"Synthetische cliënt 0545";"SYN-C-00545";"Synthetische hoofdlocatie 021";"27-05-2026, 04:43:05";"27-05-2026, 05:59:05";"NACHT; VEEL_TEAMS_CLIENT; LATE_ACTIVATIE";"";"76"
"1570";"Hoog";"Synthetische medewerker 081";"SYN-M-0081";"Synthetisch team Noord";"Begeleiding";"Controle na overdracht van zorg";"Cliënt";"Synthetische cliënt 0114";"SYN-C-00114";"Synthetische hoofdlocatie 015";"27-05-2026, 23:04:41";"Niet geactiveerd";"NIET_GEACTIVEERD; NACHT; VEEL_MEDEWERKERS_CLIENT";"";""
"92";"Hoog";"Synthetische medewerker 063";"SYN-M-0063";"Synthetisch team West";"Synthetische deskundigheid";"Voorbereiding van een geplande synthetische handeling";"Cliënt";"Synthetische cliënt 0255";"SYN-C-00255";"Synthetische hoofdlocatie 006";"28-05-2026, 04:48:40";"Niet geactiveerd";"NIET_GEACTIVEERD; NACHT; VEEL_MEDEWERKERS_CLIENT";"";""
"932";"Hoog";"Synthetische medewerker 181";"SYN-M-0181";"Synthetisch team Noord";"Begeleiding";"Tijdelijke vervanging binnen het testrooster";"Cliënt";"Synthetische cliënt 0243";"SYN-C-00243";"Synthetische hoofdlocatie 019";"28-05-2026, 23:40:01";"Niet geactiveerd";"NIET_GEACTIVEERD; NACHT; VEEL_TEAMS_CLIENT";"";""
"129";"Hoog";"Synthetische medewerker 242";"SYN-M-0242";"Synthetisch team Oost";"Nachtdienst";"Controle na overdracht van zorg";"Cliënt";"";"";"Synthetische hoofdlocatie 025";"29-05-2026, 00:14:08";"29-05-2026, 00:21:08";"NACHT; LATE_ACTIVATIE; ONVOLLEDIG_CLIENTDOEL";"";"7"
"1737";"Hoog";"Synthetische medewerker 054";"SYN-M-0054";"Synthetisch team Oost";"Nachtdienst";"Acute ondersteuning buiten het vaste team";"Cliënt";"Synthetische cliënt 0463";"SYN-C-00463";"Synthetische hoofdlocatie 014";"29-05-2026, 00:39:52";"29-05-2026, 01:53:52";"NACHT; VEEL_MEDEWERKERS_CLIENT; LATE_ACTIVATIE";"";"74"
"1814";"Hoog";"Synthetische medewerker 004";"SYN-M-0004";"Synthetisch testteam met lange naam";"Verpleegkundige testfunctie";"Ondersteuning tijdens avond- of nachtdienst";"Cliënt";"Synthetische cliënt 0328";"SYN-C-00328";"Synthetische hoofdlocatie 004";"29-05-2026, 03:42:07";"29-05-2026, 05:31:07";"NACHT; VEEL_TEAMS_CLIENT; LATE_ACTIVATIE";"";"109"
"125";"Hoog";"Synthetische medewerker 190";"SYN-M-0190";"Synthetisch team Oost";"Nachtdienst";"Ondersteuning tijdens avond- of nachtdienst";"Cliënt";"Synthetische cliënt 0146";"SYN-C-00146";"Synthetische hoofdlocatie 022";"29-05-2026, 03:52:04";"29-05-2026, 04:08:04";"NACHT; VEEL_TEAMS_CLIENT; LATE_ACTIVATIE";"";"16"
"1382";"Hoog";"Synthetische medewerker 173";"SYN-M-0173";"Synthetisch team Noord";"Begeleiding";"Ondersteuning tijdens avond- of nachtdienst";"Cliënt";"Synthetische cliënt 0182";"SYN-C-00182";"Synthetische hoofdlocatie 008";"29-05-2026, 04:09:14";"29-05-2026, 05:56:14";"NACHT; VEEL_MEDEWERKERS_CLIENT; LATE_ACTIVATIE";"";"107"
"1868";"Hoog";"Synthetische medewerker 126";"SYN-M-0126";"Synthetisch team Oost";"Nachtdienst";"Ondersteuning tijdens avond- of nachtdienst";"Cliënt";"Synthetische cliënt 0457";"SYN-C-00457";"Synthetische hoofdlocatie 008";"29-05-2026, 23:11:30";"30-05-2026, 01:00:30";"NACHT; VEEL_TEAMS_CLIENT; LATE_ACTIVATIE";"";"109"
"1761";"Hoog";"Synthetische medewerker 247";"SYN-M-0247";"Synthetisch team West";"Synthetische deskundigheid";"Acute ondersteuning buiten het vaste team";"Cliënt";"Synthetische cliënt 0233";"SYN-C-00233";"Synthetische hoofdlocatie 009";"31-05-2026, 02:41:42";"31-05-2026, 04:30:42";"NACHT; VEEL_TEAMS_CLIENT; LATE_ACTIVATIE";"";"109"
"1713";"Hoog";"Synthetische medewerker 062";"SYN-M-0062";"Synthetisch team Oost";"Nachtdienst";"Voorbereiding van een geplande synthetische handeling";"Cliënt";"Synthetische cliënt 0591";"SYN-C-00591";"Synthetische hoofdlocatie 017";"31-05-2026, 05:33:46";"31-05-2026, 06:57:46";"NACHT; VEEL_MEDEWERKERS_CLIENT; LATE_ACTIVATIE";"";"84"
"927";"Hoog";"Synthetische medewerker 091";"SYN-M-0091";"Synthetisch team West";"Synthetische deskundigheid";"Ondersteuning tijdens avond- of nachtdienst";"Cliënt";"Synthetische cliënt 0036";"SYN-C-00036";"Synthetische hoofdlocatie 012";"31-05-2026, 23:26:39";"Niet geactiveerd";"NIET_GEACTIVEERD; NACHT; VEEL_TEAMS_CLIENT";"";""
"1639";"Hoog";"Synthetische medewerker 220";"SYN-M-0220";"Synthetisch testteam met lange naam";"Verpleegkundige testfunctie";"Synthetische reden voor geautomatiseerde layoutcontrole";"Cliënt";"Synthetische cliënt 0222";"SYN-C-00222";"Synthetische hoofdlocatie 023";"31-05-2026, 23:33:15";"Niet geactiveerd";"NIET_GEACTIVEERD; NACHT; VEEL_MEDEWERKERS_CLIENT";"";""
"1478";"Hoog";"Synthetische medewerker 175";"SYN-M-0175";"Synthetisch team West";"Synthetische deskundigheid";"Voorbereiding van een geplande synthetische handeling";"Cliënt";"Synthetische cliënt 0156";"SYN-C-00156";"Synthetische hoofdlocatie 007";"31-05-2026, 23:46:18";"31-05-2026, 23:53:18";"NACHT; VEEL_MEDEWERKERS_CLIENT; LATE_ACTIVATIE";"";"7"
"641";"Midden";"Synthetische medewerker 199";"SYN-M-0199";"Synthetisch team West";"Synthetische deskundigheid";"Ondersteuning tijdens avond- of nachtdienst";"Cliënt";"Synthetische cliënt 0070";"SYN-C-00070";"Synthetische hoofdlocatie 021";"01-05-2026, 07:11:51";"01-05-2026, 08:59:51";"VEEL_MEDEWERKERS_CLIENT; VEEL_TEAMS_CLIENT; LATE_ACTIVATIE";"";"108"
"1911";"Midden";"Synthetische medewerker 216";"SYN-M-0216";"Synthetisch testteam met lange naam";"Verpleegkundige testfunctie";"Synthetische reden voor geautomatiseerde layoutcontrole";"Cliënt";"Synthetische cliënt 0461";"SYN-C-00461";"Synthetische hoofdlocatie 012";"01-05-2026, 07:20:59";"01-05-2026, 08:04:59";"VEEL_MEDEWERKERS_CLIENT; VEEL_TEAMS_CLIENT; LATE_ACTIVATIE";"";"44"
"1386";"Midden";"Synthetische medewerker 110";"SYN-M-0110";"Synthetisch team Oost";"Nachtdienst";"Controle na overdracht van zorg";"Cliënt";"Synthetische cliënt 0382";"SYN-C-00382";"Synthetische hoofdlocatie 008";"01-05-2026, 07:29:35";"01-05-2026, 08:59:35";"VEEL_MEDEWERKERS_CLIENT; VEEL_TEAMS_CLIENT; LATE_ACTIVATIE";"";"90"
"627";"Midden";"Synthetische medewerker 086";"SYN-M-0086";"Synthetisch team Oost";"Nachtdienst";"Synthetische reden voor geautomatiseerde layoutcontrole";"Cliënt";"Synthetische cliënt 0568";"SYN-C-00568";"Synthetische hoofdlocatie 019";"01-05-2026, 07:57:53";"01-05-2026, 09:45:53";"VEEL_MEDEWERKERS_CLIENT; VEEL_TEAMS_CLIENT; LATE_ACTIVATIE";"";"108"
"1921";"Midden";"Synthetische medewerker 190";"SYN-M-0190";"Synthetisch team Oost";"Nachtdienst";"Tijdelijke vervanging binnen het testrooster";"Cliënt";"Synthetische cliënt 0218";"SYN-C-00218";"Synthetische hoofdlocatie 019";"01-05-2026, 08:11:08";"01-05-2026, 09:21:08";"VEEL_MEDEWERKERS_CLIENT; VEEL_TEAMS_CLIENT; LATE_ACTIVATIE";"";"70"
"1590";"Midden";"Synthetische medewerker 093";"SYN-M-0093";"Synthetisch team Noord";"Begeleiding";"Ondersteuning tijdens avond- of nachtdienst";"Cliënt";"Synthetische cliënt 0319";"SYN-C-00319";"Synthetische hoofdlocatie 020";"01-05-2026, 12:02:58";"01-05-2026, 12:38:58";"VEEL_MEDEWERKERS_CLIENT; VEEL_TEAMS_CLIENT; LATE_ACTIVATIE";"";"36"
"1757";"Midden";"Synthetische medewerker 061";"SYN-M-0061";"Synthetisch team Noord";"Begeleiding";"Ondersteuning tijdens avond- of nachtdienst";"Cliënt";"Synthetische cliënt 0301";"SYN-C-00301";"Synthetische hoofdlocatie 002";"01-05-2026, 12:07:56";"01-05-2026, 13:17:56";"VEEL_MEDEWERKERS_CLIENT; VEEL_TEAMS_CLIENT; LATE_ACTIVATIE";"";"70"
"665";"Midden";"Synthetische medewerker 158";"SYN-M-0158";"Synthetisch team Oost";"Nachtdienst";"Synthetische reden voor geautomatiseerde layoutcontrole";"Cliënt";"Synthetische cliënt 0588";"SYN-C-00588";"Synthetische hoofdlocatie 014";"01-05-2026, 13:35:52";"01-05-2026, 15:00:52";"VEEL_MEDEWERKERS_CLIENT; VEEL_TEAMS_CLIENT; LATE_ACTIVATIE";"";"85"
"775";"Midden";"Synthetische medewerker 098";"SYN-M-0098";"Synthetisch team Oost";"Nachtdienst";"Synthetische reden voor geautomatiseerde layoutcontrole";"Cliënt";"Synthetische cliënt 0319";"SYN-C-00319";"Synthetische hoofdlocatie 020";"01-05-2026, 14:11:37";"01-05-2026, 16:02:37";"VEEL_MEDEWERKERS_CLIENT; VEEL_TEAMS_CLIENT; LATE_ACTIVATIE";"";"111"
"1020";"Midden";"Synthetische medewerker 176";"SYN-M-0176";"Synthetisch testteam met lange naam";"Verpleegkundige testfunctie";"Voorbereiding van een geplande synthetische handeling";"Cliënt";"Synthetische cliënt 0201";"SYN-C-00201";"Synthetische hoofdlocatie 002";"01-05-2026, 15:59:33";"01-05-2026, 17:06:33";"VEEL_MEDEWERKERS_CLIENT; VEEL_TEAMS_CLIENT; LATE_ACTIVATIE";"";"67"
"139";"Midden";"Synthetische medewerker 073";"SYN-M-0073";"Synthetisch team Noord";"Begeleiding";"Ondersteuning tijdens avond- of nachtdienst";"Cliënt";"Synthetische cliënt 0049";"SYN-C-00049";"Synthetische hoofdlocatie 025";"01-05-2026, 19:36:31";"01-05-2026, 20:36:31";"VEEL_MEDEWERKERS_CLIENT; VEEL_TEAMS_CLIENT; LATE_ACTIVATIE";"";"60"
"697";"Midden";"Synthetische medewerker 040";"SYN-M-0040";"Synthetisch testteam met lange naam";"Verpleegkundige testfunctie";"Synthetische reden voor geautomatiseerde layoutcontrole";"Cliënt";"Synthetische cliënt 0213";"SYN-C-00213";"Synthetische hoofdlocatie 014";"01-05-2026, 19:48:42";"01-05-2026, 21:41:42";"VEEL_MEDEWERKERS_CLIENT; VEEL_TEAMS_CLIENT; LATE_ACTIVATIE";"";"113"
"1344";"Midden";"Synthetische medewerker 213";"SYN-M-0213";"Synthetisch team Noord";"Begeleiding";"Tijdelijke vervanging binnen het testrooster";"Cliënt";"Synthetische cliënt 0588";"SYN-C-00588";"Synthetische hoofdlocatie 014";"02-05-2026, 07:23:27";"02-05-2026, 07:58:27";"VEEL_MEDEWERKERS_CLIENT; VEEL_TEAMS_CLIENT; LATE_ACTIVATIE";"";"35"
"872";"Midden";"Synthetische medewerker 038";"SYN-M-0038";"Synthetisch team Oost";"Nachtdienst";"Synthetische reden voor geautomatiseerde layoutcontrole";"Cliënt";"Synthetische cliënt 0118";"SYN-C-00118";"Synthetische hoofdlocatie 019";"02-05-2026, 08:01:48";"02-05-2026, 08:49:48";"VEEL_MEDEWERKERS_CLIENT; VEEL_TEAMS_CLIENT; LATE_ACTIVATIE";"";"48"
"1345";"Midden";"Synthetische medewerker 182";"SYN-M-0182";"Synthetisch team Oost";"Nachtdienst";"Voorbereiding van een geplande synthetische handeling";"Cliënt";"Synthetische cliënt 0361";"SYN-C-00361";"Synthetische hoofdlocatie 012";"02-05-2026, 11:43:38";"02-05-2026, 12:50:38";"VEEL_MEDEWERKERS_CLIENT; VEEL_TEAMS_CLIENT; LATE_ACTIVATIE";"";"67"
"57";"Midden";"Synthetische medewerker 188";"SYN-M-0188";"Synthetisch testteam met lange naam";"Verpleegkundige testfunctie";"Ondersteuning tijdens avond- of nachtdienst";"Cliënt";"Synthetische cliënt 0348";"SYN-C-00348";"Synthetische hoofdlocatie 024";"02-05-2026, 12:24:11";"02-05-2026, 13:01:11";"VEEL_MEDEWERKERS_CLIENT; VEEL_TEAMS_CLIENT; LATE_ACTIVATIE";"";"37"
"1438";"Midden";"Synthetische medewerker 193";"SYN-M-0193";"Synthetisch team Noord";"Begeleiding";"Voorbereiding van een geplande synthetische handeling";"Cliënt";"Synthetische cliënt 0556";"SYN-C-00556";"Synthetische hoofdlocatie 007";"02-05-2026, 12:52:29";"02-05-2026, 13:55:29";"VEEL_MEDEWERKERS_CLIENT; VEEL_TEAMS_CLIENT; LATE_ACTIVATIE";"";"63"
"1370";"Midden";"Synthetische medewerker 059";"SYN-M-0059";"Synthetisch team West";"Synthetische deskundigheid";"Ondersteuning tijdens avond- of nachtdienst";"Cliënt";"Synthetische cliënt 0128";"SYN-C-00128";"Synthetische hoofdlocatie 004";"02-05-2026, 18:00:36";"02-05-2026, 18:35:36";"VEEL_MEDEWERKERS_CLIENT; VEEL_TEAMS_CLIENT; LATE_ACTIVATIE";"";"35"
"1816";"Midden";"Synthetische medewerker 135";"SYN-M-0135";"Synthetisch team West";"Synthetische deskundigheid";"Ondersteuning tijdens avond- of nachtdienst";"Cliënt";"Synthetische cliënt 0467";"SYN-C-00467";"Synthetische hoofdlocatie 018";"02-05-2026, 18:53:13";"02-05-2026, 19:49:13";"VEEL_MEDEWERKERS_CLIENT; VEEL_TEAMS_CLIENT; LATE_ACTIVATIE";"";"56"
"649";"Midden";"Synthetische medewerker 205";"SYN-M-0205";"Synthetisch team Noord";"Begeleiding";"Controle na overdracht van zorg";"Cliënt";"Synthetische cliënt 0569";"SYN-C-00569";"Synthetische hoofdlocatie 020";"02-05-2026, 19:14:54";"02-05-2026, 20:12:54";"VEEL_MEDEWERKERS_CLIENT; VEEL_TEAMS_CLIENT; LATE_ACTIVATIE";"";"58"
"1596";"Midden";"Synthetische medewerker 123";"SYN-M-0123";"Synthetisch team West";"Synthetische deskundigheid";"Synthetische reden voor geautomatiseerde layoutcontrole";"Cliënt";"Synthetische cliënt 0398";"SYN-C-00398";"Synthetische hoofdlocatie 024";"03-05-2026, 07:09:31";"Niet geactiveerd";"NIET_GEACTIVEERD; VEEL_MEDEWERKERS_CLIENT; VEEL_TEAMS_CLIENT";"";""
"86";"Midden";"Synthetische medewerker 141";"SYN-M-0141";"Synthetisch team Noord";"Begeleiding";"Acute ondersteuning buiten het vaste team";"Cliënt";"Synthetische cliënt 0109";"SYN-C-00109";"Synthetische hoofdlocatie 010";"03-05-2026, 07:26:56";"03-05-2026, 08:09:56";"VEEL_MEDEWERKERS_CLIENT; VEEL_TEAMS_CLIENT; LATE_ACTIVATIE";"";"43"
"1747";"Midden";"Synthetische medewerker 242";"SYN-M-0242";"Synthetisch team Oost";"Nachtdienst";"Synthetische reden voor geautomatiseerde layoutcontrole";"Cliënt";"Synthetische cliënt 0032";"SYN-C-00032";"Synthetische hoofdlocatie 008";"03-05-2026, 07:28:36";"03-05-2026, 09:04:36";"VEEL_MEDEWERKERS_CLIENT; VEEL_TEAMS_CLIENT; LATE_ACTIVATIE";"";"96"
"1320";"Midden";"Synthetische medewerker 057";"SYN-M-0057";"Synthetisch team Noord";"Begeleiding";"Tijdelijke vervanging binnen het testrooster";"Cliënt";"Synthetische cliënt 0307";"SYN-C-00307";"Synthetische hoofdlocatie 008";"03-05-2026, 07:51:31";"03-05-2026, 08:18:31";"VEEL_MEDEWERKERS_CLIENT; VEEL_TEAMS_CLIENT; LATE_ACTIVATIE";"";"27"
"1221";"Midden";"Synthetische medewerker 074";"SYN-M-0074";"Synthetisch team Oost";"Nachtdienst";"Tijdelijke vervanging binnen het testrooster";"Cliënt";"Synthetische cliënt 0461";"SYN-C-00461";"Synthetische hoofdlocatie 012";"03-05-2026, 08:27:39";"Niet geactiveerd";"NIET_GEACTIVEERD; VEEL_MEDEWERKERS_CLIENT; VEEL_TEAMS_CLIENT";"";""
"1495";"Midden";"Synthetische medewerker 178";"SYN-M-0178";"Synthetisch team Oost";"Nachtdienst";"Voorbereiding van een geplande synthetische handeling";"Cliënt";"Synthetische cliënt 0394";"SYN-C-00394";"Synthetische hoofdlocatie 020";"03-05-2026, 09:14:48";"03-05-2026, 09:41:48";"VEEL_MEDEWERKERS_CLIENT; VEEL_TEAMS_CLIENT; LATE_ACTIVATIE";"";"27"
"686";"Midden";"Synthetische medewerker 168";"SYN-M-0168";"Synthetisch testteam met lange naam";"Verpleegkundige testfunctie";"Tijdelijke vervanging binnen het testrooster";"Cliënt";"Synthetische cliënt 0297";"SYN-C-00297";"Synthetische hoofdlocatie 023";"03-05-2026, 10:01:34";"03-05-2026, 10:17:34";"VEEL_MEDEWERKERS_CLIENT; VEEL_TEAMS_CLIENT; LATE_ACTIVATIE";"";"16"
"964";"Midden";"Synthetische medewerker 196";"SYN-M-0196";"Synthetisch testteam met lange naam";"Verpleegkundige testfunctie";"Tijdelijke vervanging binnen het testrooster";"Cliënt";"Synthetische cliënt 0311";"SYN-C-00311";"Synthetische hoofdlocatie 012";"03-05-2026, 10:04:40";"03-05-2026, 11:12:40";"VEEL_MEDEWERKERS_CLIENT; VEEL_TEAMS_CLIENT; LATE_ACTIVATIE";"";"68"
"1674";"Midden";"Synthetische medewerker 051";"SYN-M-0051";"Synthetisch team West";"Synthetische deskundigheid";"Voorbereiding van een geplande synthetische handeling";"Cliënt";"Synthetische cliënt 0599";"SYN-C-00599";"Synthetische hoofdlocatie 025";"03-05-2026, 11:33:18";"Niet geactiveerd";"NIET_GEACTIVEERD; VEEL_MEDEWERKERS_CLIENT; VEEL_TEAMS_CLIENT";"";""
"237";"Midden";"Synthetische medewerker 039";"SYN-M-0039";"Synthetisch team West";"Synthetische deskundigheid";"Tijdelijke vervanging binnen het testrooster";"Cliënt";"Synthetische cliënt 0587";"SYN-C-00587";"Synthetische hoofdlocatie 013";"03-05-2026, 12:18:42";"03-05-2026, 13:29:42";"VEEL_MEDEWERKERS_CLIENT; VEEL_TEAMS_CLIENT; LATE_ACTIVATIE";"";"71"
"1134";"Midden";"Synthetische medewerker 101";"SYN-M-0101";"Synthetisch team Noord";"Begeleiding";"Synthetische reden voor geautomatiseerde layoutcontrole";"Cliënt";"Synthetische cliënt 0208";"SYN-C-00208";"Synthetische hoofdlocatie 009";"03-05-2026, 14:36:57";"03-05-2026, 15:59:57";"VEEL_MEDEWERKERS_CLIENT; VEEL_TEAMS_CLIENT; LATE_ACTIVATIE";"";"83"
"648";"Midden";"Synthetische medewerker 220";"SYN-M-0220";"Synthetisch testteam met lange naam";"Verpleegkundige testfunctie";"Acute ondersteuning buiten het vaste team";"Cliënt";"Synthetische cliënt 0311";"SYN-C-00311";"Synthetische hoofdlocatie 012";"03-05-2026, 15:34:16";"03-05-2026, 16:33:16";"VEEL_MEDEWERKERS_CLIENT; VEEL_TEAMS_CLIENT; LATE_ACTIVATIE";"";"59"
"1559";"Midden";"Synthetische medewerker 021";"SYN-M-0021";"Synthetisch team Noord";"Begeleiding";"Tijdelijke vervanging binnen het testrooster";"Cliënt";"Synthetische cliënt 0244";"SYN-C-00244";"Synthetische hoofdlocatie 020";"03-05-2026, 16:58:13";"03-05-2026, 18:36:13";"VEEL_MEDEWERKERS_CLIENT; VEEL_TEAMS_CLIENT; LATE_ACTIVATIE";"";"98"
"1886";"Midden";"Synthetische medewerker 036";"SYN-M-0036";"Synthetisch testteam met lange naam";"Verpleegkundige testfunctie";"Ondersteuning tijdens avond- of nachtdienst";"Cliënt";"Synthetische cliënt 0049";"SYN-C-00049";"Synthetische hoofdlocatie 025";"03-05-2026, 17:02:10";"03-05-2026, 18:25:10";"VEEL_MEDEWERKERS_CLIENT; VEEL_TEAMS_CLIENT; LATE_ACTIVATIE";"";"83"
"58";"Midden";"Synthetische medewerker 173";"SYN-M-0173";"Synthetisch team Noord";"Begeleiding";"Voorbereiding van een geplande synthetische handeling";"Cliënt";"Synthetische cliënt 0588";"SYN-C-00588";"Synthetische hoofdlocatie 014";"03-05-2026, 17:42:12";"03-05-2026, 18:28:12";"VEEL_MEDEWERKERS_CLIENT; VEEL_TEAMS_CLIENT; LATE_ACTIVATIE";"";"46"
"533";"Midden";"Synthetische medewerker 084";"SYN-M-0084";"Synthetisch testteam met lange naam";"Verpleegkundige testfunctie";"Tijdelijke vervanging binnen het testrooster";"Cliënt";"Synthetische cliënt 0133";"SYN-C-00133";"Synthetische hoofdlocatie 009";"03-05-2026, 20:20:25";"03-05-2026, 21:07:25";"VEEL_MEDEWERKERS_CLIENT; VEEL_TEAMS_CLIENT; LATE_ACTIVATIE";"";"47"
"1282";"Midden";"Synthetische medewerker 112";"SYN-M-0112";"Synthetisch testteam met lange naam";"Verpleegkundige testfunctie";"Controle na overdracht van zorg";"Cliënt";"Synthetische cliënt 0305";"SYN-C-00305";"Synthetische hoofdlocatie 006";"03-05-2026, 22:05:37";"03-05-2026, 22:13:37";"VEEL_MEDEWERKERS_CLIENT; VEEL_TEAMS_CLIENT; LATE_ACTIVATIE";"";"8"
"549";"Midden";"Synthetische medewerker 106";"SYN-M-0106";"Synthetisch team Oost";"Nachtdienst";"Tijdelijke vervanging binnen het testrooster";"Cliënt";"Synthetische cliënt 0495";"SYN-C-00495";"Synthetische hoofdlocatie 021";"04-05-2026, 08:08:30";"Niet geactiveerd";"NIET_GEACTIVEERD; VEEL_MEDEWERKERS_CLIENT; VEEL_TEAMS_CLIENT";"";""
"387";"Midden";"Synthetische medewerker 232";"SYN-M-0232";"Synthetisch testteam met lange naam";"Verpleegkundige testfunctie";"Synthetische reden voor geautomatiseerde layoutcontrole";"Cliënt";"Synthetische cliënt 0253";"SYN-C-00253";"Synthetische hoofdlocatie 004";"04-05-2026, 08:41:56";"04-05-2026, 09:17:56";"VEEL_MEDEWERKERS_CLIENT; VEEL_TEAMS_CLIENT; LATE_ACTIVATIE";"";"36"
"1623";"Midden";"Synthetische medewerker 078";"SYN-M-0078";"Synthetisch team Oost";"Nachtdienst";"Tijdelijke vervanging binnen het testrooster";"Cliënt";"Synthetische cliënt 0032";"SYN-C-00032";"Synthetische hoofdlocatie 008";"04-05-2026, 12:50:05";"04-05-2026, 13:11:05";"VEEL_MEDEWERKERS_CLIENT; VEEL_TEAMS_CLIENT; LATE_ACTIVATIE";"";"21"
"503";"Midden";"Synthetische medewerker 004";"SYN-M-0004";"Synthetisch testteam met lange naam";"Verpleegkundige testfunctie";"Voorbereiding van een geplande synthetische handeling";"Cliënt";"Synthetische cliënt 0161";"SYN-C-00161";"Synthetische hoofdlocatie 012";"04-05-2026, 14:51:33";"04-05-2026, 15:44:33";"VEEL_MEDEWERKERS_CLIENT; VEEL_TEAMS_CLIENT; LATE_ACTIVATIE";"";"53"
"124";"Midden";"Synthetische medewerker 046";"SYN-M-0046";"Synthetisch team Oost";"Nachtdienst";"Controle na overdracht van zorg";"Cliënt";"Synthetische cliënt 0454";"SYN-C-00454";"Synthetische hoofdlocatie 005";"04-05-2026, 15:29:48";"04-05-2026, 15:40:48";"VEEL_MEDEWERKERS_CLIENT; VEEL_TEAMS_CLIENT; LATE_ACTIVATIE";"";"11"
"170";"Midden";"Synthetische medewerker 203";"SYN-M-0203";"Synthetisch team West";"Synthetische deskundigheid";"Synthetische reden voor geautomatiseerde layoutcontrole";"Cliënt";"Synthetische cliënt 0426";"SYN-C-00426";"Synthetische hoofdlocatie 002";"04-05-2026, 16:03:18";"04-05-2026, 15:58:18";"VEEL_MEDEWERKERS_CLIENT; VEEL_TEAMS_CLIENT; ONGELDIGE_ACTIVATIE";"";"-5"
"1090";"Midden";"Synthetische medewerker 219";"SYN-M-0219";"Synthetisch team West";"Synthetische deskundigheid";"Synthetische reden voor geautomatiseerde layoutcontrole";"Cliënt";"Synthetische cliënt 0083";"SYN-C-00083";"Synthetische hoofdlocatie 009";"04-05-2026, 18:28:06";"04-05-2026, 20:01:06";"VEEL_MEDEWERKERS_CLIENT; VEEL_TEAMS_CLIENT; LATE_ACTIVATIE";"";"93"
"1953";"Midden";"Synthetische medewerker 095";"SYN-M-0095";"Synthetisch team West";"Synthetische deskundigheid";"Synthetische reden voor geautomatiseerde layoutcontrole";"Cliënt";"Synthetische cliënt 0068";"SYN-C-00068";"Synthetische hoofdlocatie 019";"04-05-2026, 20:20:49";"04-05-2026, 20:57:49";"VEEL_MEDEWERKERS_CLIENT; VEEL_TEAMS_CLIENT; LATE_ACTIVATIE";"";"37"
"1946";"Midden";"Synthetische medewerker 104";"SYN-M-0104";"Synthetisch testteam met lange naam";"Verpleegkundige testfunctie";"Tijdelijke vervanging binnen het testrooster";"Cliënt";"Synthetische cliënt 0291";"SYN-C-00291";"Synthetische hoofdlocatie 017";"04-05-2026, 22:02:14";"Niet geactiveerd";"NIET_GEACTIVEERD; VEEL_MEDEWERKERS_CLIENT; VEEL_TEAMS_CLIENT";"";""
"348";"Midden";"Synthetische medewerker 191";"SYN-M-0191";"Synthetisch team West";"Synthetische deskundigheid";"Ondersteuning tijdens avond- of nachtdienst";"Cliënt";"Synthetische cliënt 0568";"SYN-C-00568";"Synthetische hoofdlocatie 019";"05-05-2026, 08:43:45";"Niet geactiveerd";"NIET_GEACTIVEERD; VEEL_MEDEWERKERS_CLIENT; VEEL_TEAMS_CLIENT";"";""
"1328";"Midden";"Synthetische medewerker 045";"SYN-M-0045";"Synthetisch team Noord";"Begeleiding";"Controle na overdracht van zorg";"Cliënt";"Synthetische cliënt 0211";"SYN-C-00211";"Synthetische hoofdlocatie 012";"05-05-2026, 09:31:13";"05-05-2026, 10:03:13";"VEEL_MEDEWERKERS_CLIENT; VEEL_TEAMS_CLIENT; LATE_ACTIVATIE";"";"32"
"913";"Midden";"Synthetische medewerker 060";"SYN-M-0060";"Synthetisch testteam met lange naam";"Verpleegkundige testfunctie";"Voorbereiding van een geplande synthetische handeling";"Cliënt";"Synthetische cliënt 0256";"SYN-C-00256";"Synthetische hoofdlocatie 007";"05-05-2026, 16:06:40";"Niet geactiveerd";"NIET_GEACTIVEERD; VEEL_MEDEWERKERS_CLIENT; VEEL_TEAMS_CLIENT";"";""
"1896";"Midden";"Synthetische medewerker 140";"SYN-M-0140";"Synthetisch testteam met lange naam";"Verpleegkundige testfunctie";"Acute ondersteuning buiten het vaste team";"Cliënt";"Synthetische cliënt 0553";"SYN-C-00553";"Synthetische hoofdlocatie 004";"06-05-2026, 09:27:35";"06-05-2026, 10:47:35";"VEEL_MEDEWERKERS_CLIENT; VEEL_TEAMS_CLIENT; LATE_ACTIVATIE";"";"80"
"469";"Midden";"Synthetische medewerker 202";"SYN-M-0202";"Synthetisch team Oost";"Nachtdienst";"Voorbereiding van een geplande synthetische handeling";"Cliënt";"Synthetische cliënt 0210";"SYN-C-00210";"Synthetische hoofdlocatie 011";"06-05-2026, 09:57:31";"06-05-2026, 10:33:31";"VEEL_MEDEWERKERS_CLIENT; VEEL_TEAMS_CLIENT; LATE_ACTIVATIE";"";"36"
"959";"Midden";"Synthetische medewerker 167";"SYN-M-0167";"Synthetisch team West";"Synthetische deskundigheid";"Ondersteuning tijdens avond- of nachtdienst";"Cliënt";"Synthetische cliënt 0042";"SYN-C-00042";"Synthetische hoofdlocatie 018";"06-05-2026, 11:49:45";"06-05-2026, 12:37:45";"VEEL_MEDEWERKERS_CLIENT; VEEL_TEAMS_CLIENT; LATE_ACTIVATIE";"";"48"
"37";"Midden";"Synthetische medewerker 021";"SYN-M-0021";"Synthetisch team Noord";"Begeleiding";"Voorbereiding van een geplande synthetische handeling";"Cliënt";"Synthetische cliënt 0285";"SYN-C-00285";"Synthetische hoofdlocatie 011";"06-05-2026, 12:00:49";"06-05-2026, 12:55:49";"VEEL_MEDEWERKERS_CLIENT; VEEL_TEAMS_CLIENT; LATE_ACTIVATIE";"";"55"
"582";"Midden";"Synthetische medewerker 073";"SYN-M-0073";"Synthetisch team Noord";"Begeleiding";"Acute ondersteuning buiten het vaste team";"Cliënt";"Synthetische cliënt 0443";"SYN-C-00443";"Synthetische hoofdlocatie 019";"06-05-2026, 12:01:23";"06-05-2026, 13:43:23";"VEEL_MEDEWERKERS_CLIENT; VEEL_TEAMS_CLIENT; LATE_ACTIVATIE";"";"102"
"803";"Midden";"Synthetische medewerker 148";"SYN-M-0148";"Synthetisch testteam met lange naam";"Verpleegkundige testfunctie";"Acute ondersteuning buiten het vaste team";"Cliënt";"Synthetische cliënt 0517";"SYN-C-00517";"Synthetische hoofdlocatie 018";"06-05-2026, 15:48:05";"06-05-2026, 16:15:05";"VEEL_MEDEWERKERS_CLIENT; VEEL_TEAMS_CLIENT; LATE_ACTIVATIE";"";"27"
"1564";"Midden";"Synthetische medewerker 225";"SYN-M-0225";"Synthetisch team Noord";"Begeleiding";"Tijdelijke vervanging binnen het testrooster";"Cliënt";"Synthetische cliënt 0331";"SYN-C-00331";"Synthetische hoofdlocatie 007";"06-05-2026, 20:43:20";"06-05-2026, 21:41:20";"VEEL_MEDEWERKERS_CLIENT; VEEL_TEAMS_CLIENT; LATE_ACTIVATIE";"";"58"
"128";"Midden";"Synthetische medewerker 108";"SYN-M-0108";"Synthetisch testteam met lange naam";"Verpleegkundige testfunctie";"Acute ondersteuning buiten het vaste team";"Cliënt";"Synthetische cliënt 0443";"SYN-C-00443";"Synthetische hoofdlocatie 019";"06-05-2026, 22:06:14";"06-05-2026, 22:41:14";"VEEL_MEDEWERKERS_CLIENT; VEEL_TEAMS_CLIENT; LATE_ACTIVATIE";"";"35"
"1360";"Midden";"Synthetische medewerker 185";"SYN-M-0185";"Synthetisch team Noord";"Begeleiding";"Voorbereiding van een geplande synthetische handeling";"Cliënt";"Synthetische cliënt 0398";"SYN-C-00398";"Synthetische hoofdlocatie 024";"07-05-2026, 06:41:20";"07-05-2026, 07:33:20";"VEEL_MEDEWERKERS_CLIENT; VEEL_TEAMS_CLIENT; LATE_ACTIVATIE";"";"52"
"1143";"Midden";"Synthetische medewerker 174";"SYN-M-0174";"Synthetisch team Oost";"Nachtdienst";"Controle na overdracht van zorg";"Cliënt";"Synthetische cliënt 0334";"SYN-C-00334";"Synthetische hoofdlocatie 010";"07-05-2026, 07:05:02";"07-05-2026, 08:08:02";"VEEL_MEDEWERKERS_CLIENT; VEEL_TEAMS_CLIENT; LATE_ACTIVATIE";"";"63"
"474";"Midden";"Synthetische medewerker 137";"SYN-M-0137";"Synthetisch team Noord";"Begeleiding";"Ondersteuning tijdens avond- of nachtdienst";"Cliënt";"Synthetische cliënt 0534";"SYN-C-00534";"Synthetische hoofdlocatie 010";"07-05-2026, 07:47:14";"Niet geactiveerd";"NIET_GEACTIVEERD; VEEL_MEDEWERKERS_CLIENT; VEEL_TEAMS_CLIENT";"";""
"1030";"Midden";"Synthetische medewerker 191";"SYN-M-0191";"Synthetisch team West";"Synthetische deskundigheid";"Acute ondersteuning buiten het vaste team";"Cliënt";"Synthetische cliënt 0517";"SYN-C-00517";"Synthetische hoofdlocatie 018";"07-05-2026, 09:15:31";"07-05-2026, 10:56:31";"VEEL_MEDEWERKERS_CLIENT; VEEL_TEAMS_CLIENT; LATE_ACTIVATIE";"";"101"
"1215";"Midden";"Synthetische medewerker 210";"SYN-M-0210";"Synthetisch team Oost";"Nachtdienst";"Acute ondersteuning buiten het vaste team";"Cliënt";"Synthetische cliënt 0592";"SYN-C-00592";"Synthetische hoofdlocatie 018";"07-05-2026, 11:03:26";"07-05-2026, 11:34:26";"VEEL_MEDEWERKERS_CLIENT; VEEL_TEAMS_CLIENT; LATE_ACTIVATIE";"";"31"
"276";"Midden";"Synthetische medewerker 197";"SYN-M-0197";"Synthetisch team Noord";"Begeleiding";"Tijdelijke vervanging binnen het testrooster";"Cliënt";"Synthetische cliënt 0104";"SYN-C-00104";"Synthetische hoofdlocatie 005";"07-05-2026, 15:21:12";"07-05-2026, 15:55:12";"VEEL_MEDEWERKERS_CLIENT; VEEL_TEAMS_CLIENT; LATE_ACTIVATIE";"";"34"
"517";"Midden";"Synthetische medewerker 146";"SYN-M-0146";"Synthetisch team Oost";"Nachtdienst";"Ondersteuning tijdens avond- of nachtdienst";"Cliënt";"Synthetische cliënt 0285";"SYN-C-00285";"Synthetische hoofdlocatie 011";"07-05-2026, 15:40:23";"07-05-2026, 15:55:23";"VEEL_MEDEWERKERS_CLIENT; VEEL_TEAMS_CLIENT; LATE_ACTIVATIE";"";"15"
"65";"Midden";"Synthetische medewerker 106";"SYN-M-0106";"Synthetisch team Oost";"Nachtdienst";"Acute ondersteuning buiten het vaste team";"Cliënt";"Synthetische cliënt 0371";"SYN-C-00371";"Synthetische hoofdlocatie 022";"07-05-2026, 16:44:23";"Niet geactiveerd";"NIET_GEACTIVEERD; VEEL_MEDEWERKERS_CLIENT; VEEL_TEAMS_CLIENT";"";""
"1080";"Midden";"Synthetische medewerker 039";"SYN-M-0039";"Synthetisch team West";"Synthetische deskundigheid";"Tijdelijke vervanging binnen het testrooster";"Cliënt";"Synthetische cliënt 0302";"SYN-C-00302";"Synthetische hoofdlocatie 003";"07-05-2026, 17:03:56";"Niet geactiveerd";"NIET_GEACTIVEERD; VEEL_MEDEWERKERS_CLIENT; VEEL_TEAMS_CLIENT";"";""
"487";"Midden";"Synthetische medewerker 089";"SYN-M-0089";"Synthetisch team Noord";"Begeleiding";"Controle na overdracht van zorg";"Cliënt";"Synthetische cliënt 0218";"SYN-C-00218";"Synthetische hoofdlocatie 019";"07-05-2026, 17:31:54";"07-05-2026, 18:55:54";"VEEL_MEDEWERKERS_CLIENT; VEEL_TEAMS_CLIENT; LATE_ACTIVATIE";"";"84"
"1738";"Midden";"Synthetische medewerker 033";"SYN-M-0033";"Synthetisch team Noord";"Begeleiding";"Acute ondersteuning buiten het vaste team";"Cliënt";"Synthetische cliënt 0375";"SYN-C-00375";"Synthetische hoofdlocatie 001";"07-05-2026, 18:33:25";"Niet geactiveerd";"NIET_GEACTIVEERD; VEEL_MEDEWERKERS_CLIENT; VEEL_TEAMS_CLIENT";"";""
"1147";"Midden";"Synthetische medewerker 167";"SYN-M-0167";"Synthetisch team West";"Synthetische deskundigheid";"Tijdelijke vervanging binnen het testrooster";"Cliënt";"Synthetische cliënt 0583";"SYN-C-00583";"Synthetische hoofdlocatie 009";"07-05-2026, 21:19:49";"07-05-2026, 23:03:49";"VEEL_MEDEWERKERS_CLIENT; VEEL_TEAMS_CLIENT; LATE_ACTIVATIE";"";"104"
"1900";"Midden";"Synthetische medewerker 072";"SYN-M-0072";"Synthetisch testteam met lange naam";"Verpleegkundige testfunctie";"Acute ondersteuning buiten het vaste team";"Cliënt";"Synthetische cliënt 0161";"SYN-C-00161";"Synthetische hoofdlocatie 012";"07-05-2026, 21:42:15";"07-05-2026, 22:17:15";"VEEL_MEDEWERKERS_CLIENT; VEEL_TEAMS_CLIENT; LATE_ACTIVATIE";"";"35"
"842";"Midden";"Synthetische medewerker 012";"SYN-M-0012";"Synthetisch testteam met lange naam";"Verpleegkundige testfunctie";"Voorbereiding van een geplande synthetische handeling";"Cliënt";"Synthetische cliënt 0043";"SYN-C-00043";"Synthetische hoofdlocatie 019";"07-05-2026, 22:03:39";"Niet geactiveerd";"NIET_GEACTIVEERD; VEEL_MEDEWERKERS_CLIENT; VEEL_TEAMS_CLIENT";"";""
"1408";"Midden";"Synthetische medewerker 110";"SYN-M-0110";"Synthetisch team Oost";"Nachtdienst";"Controle na overdracht van zorg";"Cliënt";"Synthetische cliënt 0599";"SYN-C-00599";"Synthetische hoofdlocatie 025";"08-05-2026, 02:45:30";"08-05-2026, 02:47:30";"NACHT; VEEL_MEDEWERKERS_CLIENT; VEEL_TEAMS_CLIENT";"";"2"
"1727";"Midden";"Synthetische medewerker 160";"SYN-M-0160";"Synthetisch testteam met lange naam";"Verpleegkundige testfunctie";"Tijdelijke vervanging binnen het testrooster";"Cliënt";"Synthetische cliënt 0517";"SYN-C-00517";"Synthetische hoofdlocatie 018";"08-05-2026, 07:30:01";"08-05-2026, 08:35:01";"VEEL_MEDEWERKERS_CLIENT; VEEL_TEAMS_CLIENT; LATE_ACTIVATIE";"";"65"
"1783";"Midden";"Synthetische medewerker 242";"SYN-M-0242";"Synthetisch team Oost";"Nachtdienst";"Voorbereiding van een geplande synthetische handeling";"Cliënt";"Synthetische cliënt 0461";"SYN-C-00461";"Synthetische hoofdlocatie 012";"08-05-2026, 07:37:42";"08-05-2026, 08:06:42";"VEEL_MEDEWERKERS_CLIENT; VEEL_TEAMS_CLIENT; LATE_ACTIVATIE";"";"29"
"1038";"Midden";"Synthetische medewerker 128";"SYN-M-0128";"Synthetisch testteam met lange naam";"Verpleegkundige testfunctie";"Controle na overdracht van zorg";"Cliënt";"Synthetische cliënt 0111";"SYN-C-00111";"Synthetische hoofdlocatie 012";"08-05-2026, 10:20:21";"08-05-2026, 11:59:21";"VEEL_MEDEWERKERS_CLIENT; VEEL_TEAMS_CLIENT; LATE_ACTIVATIE";"";"99"
"1424";"Midden";"Synthetische medewerker 223";"SYN-M-0223";"Synthetisch team West";"Synthetische deskundigheid";"Controle na overdracht van zorg";"Cliënt";"Synthetische cliënt 0040";"SYN-C-00040";"Synthetische hoofdlocatie 016";"08-05-2026, 11:48:09";"08-05-2026, 12:04:09";"VEEL_MEDEWERKERS_CLIENT; VEEL_TEAMS_CLIENT; LATE_ACTIVATIE";"";"16"
"463";"Midden";"Synthetische medewerker 101";"SYN-M-0101";"Synthetisch team Noord";"Begeleiding";"Acute ondersteuning buiten het vaste team";"Cliënt";"Synthetische cliënt 0037";"SYN-C-00037";"Synthetische hoofdlocatie 013";"08-05-2026, 12:29:03";"Niet geactiveerd";"NIET_GEACTIVEERD; VEEL_MEDEWERKERS_CLIENT; VEEL_TEAMS_CLIENT";"";""
"1960";"Midden";"Synthetische medewerker 076";"SYN-M-0076";"Synthetisch testteam met lange naam";"Verpleegkundige testfunctie";"Acute ondersteuning buiten het vaste team";"Cliënt";"Synthetische cliënt 0305";"SYN-C-00305";"Synthetische hoofdlocatie 006";"08-05-2026, 13:51:27";"08-05-2026, 14:07:27";"VEEL_MEDEWERKERS_CLIENT; VEEL_TEAMS_CLIENT; LATE_ACTIVATIE";"";"16"
"886";"Midden";"Synthetische medewerker 117";"SYN-M-0117";"Synthetisch team Noord";"Begeleiding";"Ondersteuning tijdens avond- of nachtdienst";"Cliënt";"Synthetische cliënt 0357";"SYN-C-00357";"Synthetische hoofdlocatie 008";"08-05-2026, 17:59:33";"08-05-2026, 18:17:33";"VEEL_MEDEWERKERS_CLIENT; VEEL_TEAMS_CLIENT; LATE_ACTIVATIE";"";"18"
"318";"Midden";"Synthetische medewerker 215";"SYN-M-0215";"Synthetisch team West";"Synthetische deskundigheid";"Controle na overdracht van zorg";"Cliënt";"Synthetische cliënt 0109";"SYN-C-00109";"Synthetische hoofdlocatie 010";"08-05-2026, 18:11:09";"08-05-2026, 19:26:09";"VEEL_MEDEWERKERS_CLIENT; VEEL_TEAMS_CLIENT; LATE_ACTIVATIE";"";"75"
"1913";"Midden";"Synthetische medewerker 117";"SYN-M-0117";"Synthetisch team Noord";"Begeleiding";"Controle na overdracht van zorg";"Cliënt";"Synthetische cliënt 0573";"SYN-C-00573";"Synthetische hoofdlocatie 024";"08-05-2026, 18:25:35";"08-05-2026, 17:57:35";"VEEL_MEDEWERKERS_CLIENT; VEEL_TEAMS_CLIENT; ONGELDIGE_ACTIVATIE";"";"-28"
"985";"Midden";"Synthetische medewerker 209";"SYN-M-0209";"Synthetisch team Noord";"Begeleiding";"Tijdelijke vervanging binnen het testrooster";"Cliënt";"Synthetische cliënt 0021";"SYN-C-00021";"Synthetische hoofdlocatie 022";"08-05-2026, 19:38:59";"08-05-2026, 19:42:59";"VEEL_MEDEWERKERS_CLIENT; VEEL_TEAMS_CLIENT; LATE_ACTIVATIE";"";"4"
"695";"Midden";"Synthetische medewerker 005";"SYN-M-0005";"Synthetisch team Noord";"Begeleiding";"Tijdelijke vervanging binnen het testrooster";"Cliënt";"Synthetische cliënt 0201";"SYN-C-00201";"Synthetische hoofdlocatie 002";"08-05-2026, 20:01:45";"08-05-2026, 21:37:45";"VEEL_MEDEWERKERS_CLIENT; VEEL_TEAMS_CLIENT; LATE_ACTIVATIE";"";"96"
"266";"Midden";"Synthetische medewerker 036";"SYN-M-0036";"Synthetisch testteam met lange naam";"Verpleegkundige testfunctie";"Voorbereiding van een geplande synthetische handeling";"Cliënt";"Synthetische cliënt 0553";"SYN-C-00553";"Synthetische hoofdlocatie 004";"08-05-2026, 21:24:44";"08-05-2026, 22:43:44";"VEEL_MEDEWERKERS_CLIENT; VEEL_TEAMS_CLIENT; LATE_ACTIVATIE";"";"79"
"956";"Midden";"Synthetische medewerker 174";"SYN-M-0174";"Synthetisch team Oost";"Nachtdienst";"Ondersteuning tijdens avond- of nachtdienst";"Cliënt";"Synthetische cliënt 0159";"SYN-C-00159";"Synthetische hoofdlocatie 010";"09-05-2026, 10:22:09";"09-05-2026, 10:27:09";"VEEL_MEDEWERKERS_CLIENT; VEEL_TEAMS_CLIENT; LATE_ACTIVATIE";"";"5"
"1907";"Midden";"Synthetische medewerker 008";"SYN-M-0008";"Synthetisch testteam met lange naam";"Verpleegkundige testfunctie";"Tijdelijke vervanging binnen het testrooster";"Cliënt";"Synthetische cliënt 0331";"SYN-C-00331";"Synthetische hoofdlocatie 007";"09-05-2026, 11:53:49";"09-05-2026, 12:13:49";"VEEL_MEDEWERKERS_CLIENT; VEEL_TEAMS_CLIENT; LATE_ACTIVATIE";"";"20"
"84";"Midden";"Synthetische medewerker 050";"SYN-M-0050";"Synthetisch team Oost";"Nachtdienst";"Ondersteuning tijdens avond- of nachtdienst";"Cliënt";"Synthetische cliënt 0241";"SYN-C-00241";"Synthetische hoofdlocatie 017";"09-05-2026, 13:25:25";"09-05-2026, 15:03:25";"VEEL_MEDEWERKERS_CLIENT; VEEL_TEAMS_CLIENT; LATE_ACTIVATIE";"";"98"
"874";"Midden";"Synthetische medewerker 153";"SYN-M-0153";"Synthetisch team Noord";"Begeleiding";"Controle na overdracht van zorg";"Cliënt";"Synthetische cliënt 0390";"SYN-C-00390";"Synthetische hoofdlocatie 016";"09-05-2026, 15:18:57";"09-05-2026, 16:42:57";"VEEL_MEDEWERKERS_CLIENT; VEEL_TEAMS_CLIENT; LATE_ACTIVATIE";"";"84"
"534";"Midden";"Synthetische medewerker 081";"SYN-M-0081";"Synthetisch team Noord";"Begeleiding";"Ondersteuning tijdens avond- of nachtdienst";"Cliënt";"Synthetische cliënt 0396";"SYN-C-00396";"Synthetische hoofdlocatie 022";"09-05-2026, 16:00:18";"09-05-2026, 16:13:18";"VEEL_MEDEWERKERS_CLIENT; VEEL_TEAMS_CLIENT; LATE_ACTIVATIE";"";"13"
"1528";"Midden";"Synthetische medewerker 229";"SYN-M-0229";"Synthetisch team Noord";"Begeleiding";"Controle na overdracht van zorg";"Cliënt";"Synthetische cliënt 0435";"SYN-C-00435";"Synthetische hoofdlocatie 011";"09-05-2026, 17:10:31";"09-05-2026, 18:02:31";"VEEL_MEDEWERKERS_CLIENT; VEEL_TEAMS_CLIENT; LATE_ACTIVATIE";"";"52"
"893";"Midden";"Synthetische medewerker 129";"SYN-M-0129";"Synthetisch team Noord";"Begeleiding";"Acute ondersteuning buiten het vaste team";"Cliënt";"Synthetische cliënt 0047";"SYN-C-00047";"Synthetische hoofdlocatie 023";"10-05-2026, 08:46:08";"10-05-2026, 10:36:08";"VEEL_MEDEWERKERS_CLIENT; VEEL_TEAMS_CLIENT; LATE_ACTIVATIE";"";"110"
"951";"Midden";"Synthetische medewerker 090";"SYN-M-0090";"Synthetisch team Oost";"Nachtdienst";"Synthetische reden voor geautomatiseerde layoutcontrole";"Cliënt";"Synthetische cliënt 0083";"SYN-C-00083";"Synthetische hoofdlocatie 009";"10-05-2026, 08:52:35";"10-05-2026, 09:46:35";"VEEL_MEDEWERKERS_CLIENT; VEEL_TEAMS_CLIENT; LATE_ACTIVATIE";"";"54"
"339";"Midden";"Synthetische medewerker 248";"SYN-M-0248";"Synthetisch testteam met lange naam";"Verpleegkundige testfunctie";"Ondersteuning tijdens avond- of nachtdienst";"Cliënt";"Synthetische cliënt 0070";"SYN-C-00070";"Synthetische hoofdlocatie 021";"10-05-2026, 09:46:56";"10-05-2026, 10:49:56";"VEEL_MEDEWERKERS_CLIENT; VEEL_TEAMS_CLIENT; LATE_ACTIVATIE";"";"63"
"1772";"Midden";"Synthetische medewerker 029";"SYN-M-0029";"Synthetisch team Noord";"Begeleiding";"Acute ondersteuning buiten het vaste team";"Cliënt";"Synthetische cliënt 0397";"SYN-C-00397";"Synthetische hoofdlocatie 023";"10-05-2026, 10:27:12";"10-05-2026, 11:40:12";"VEEL_MEDEWERKERS_CLIENT; VEEL_TEAMS_CLIENT; LATE_ACTIVATIE";"";"73"
"1035";"Midden";"Synthetische medewerker 151";"SYN-M-0151";"Synthetisch team West";"Synthetische deskundigheid";"Acute ondersteuning buiten het vaste team";"Cliënt";"Synthetische cliënt 0467";"SYN-C-00467";"Synthetische hoofdlocatie 018";"10-05-2026, 12:23:32";"10-05-2026, 13:02:32";"VEEL_MEDEWERKERS_CLIENT; VEEL_TEAMS_CLIENT; LATE_ACTIVATIE";"";"39"
"585";"Midden";"Synthetische medewerker 017";"SYN-M-0017";"Synthetisch team Noord";"Begeleiding";"Ondersteuning tijdens avond- of nachtdienst";"Cliënt";"Synthetische cliënt 0301";"SYN-C-00301";"Synthetische hoofdlocatie 002";"10-05-2026, 14:03:17";"10-05-2026, 14:07:17";"VEEL_MEDEWERKERS_CLIENT; VEEL_TEAMS_CLIENT; LATE_ACTIVATIE";"";"4"
"1849";"Midden";"Synthetische medewerker 204";"SYN-M-0204";"Synthetisch testteam met lange naam";"Verpleegkundige testfunctie";"Acute ondersteuning buiten het vaste team";"Cliënt";"Synthetische cliënt 0367";"SYN-C-00367";"Synthetische hoofdlocatie 018";"10-05-2026, 14:45:55";"10-05-2026, 15:53:55";"VEEL_MEDEWERKERS_CLIENT; VEEL_TEAMS_CLIENT; LATE_ACTIVATIE";"";"68"
"525";"Midden";"Synthetische medewerker 043";"SYN-M-0043";"Synthetisch team West";"Synthetische deskundigheid";"Voorbereiding van een geplande synthetische handeling";"Cliënt";"Synthetische cliënt 0049";"SYN-C-00049";"Synthetische hoofdlocatie 025";"10-05-2026, 16:06:20";"10-05-2026, 16:35:20";"VEEL_MEDEWERKERS_CLIENT; VEEL_TEAMS_CLIENT; LATE_ACTIVATIE";"";"29"
"83";"Midden";"Synthetische medewerker 152";"SYN-M-0152";"Synthetisch testteam met lange naam";"Verpleegkundige testfunctie";"Acute ondersteuning buiten het vaste team";"Cliënt";"Synthetische cliënt 0153";"SYN-C-00153";"Synthetische hoofdlocatie 004";"10-05-2026, 16:44:53";"10-05-2026, 17:35:53";"VEEL_MEDEWERKERS_CLIENT; VEEL_TEAMS_CLIENT; LATE_ACTIVATIE";"";"51"
"1549";"Midden";"Synthetische medewerker 130";"SYN-M-0130";"Synthetisch team Oost";"Nachtdienst";"Ondersteuning tijdens avond- of nachtdienst";"Cliënt";"Synthetische cliënt 0367";"SYN-C-00367";"Synthetische hoofdlocatie 018";"10-05-2026, 19:06:57";"10-05-2026, 19:49:57";"VEEL_MEDEWERKERS_CLIENT; VEEL_TEAMS_CLIENT; LATE_ACTIVATIE";"";"43"
"540";"Midden";"Synthetische medewerker 068";"SYN-M-0068";"Synthetisch testteam met lange naam";"Verpleegkundige testfunctie";"Tijdelijke vervanging binnen het testrooster";"Cliënt";"Synthetische cliënt 0032";"SYN-C-00032";"Synthetische hoofdlocatie 008";"10-05-2026, 21:08:15";"10-05-2026, 21:33:15";"VEEL_MEDEWERKERS_CLIENT; VEEL_TEAMS_CLIENT; LATE_ACTIVATIE";"";"25"
"1860";"Midden";"Synthetische medewerker 001";"SYN-M-0001";"Synthetisch team Noord";"Begeleiding";"Controle na overdracht van zorg";"Cliënt";"Synthetische cliënt 0128";"SYN-C-00128";"Synthetische hoofdlocatie 004";"11-05-2026, 06:26:06";"11-05-2026, 08:06:06";"VEEL_MEDEWERKERS_CLIENT; VEEL_TEAMS_CLIENT; LATE_ACTIVATIE";"";"100"
"1018";"Midden";"Synthetische medewerker 089";"SYN-M-0089";"Synthetisch team Noord";"Begeleiding";"Controle na overdracht van zorg";"Cliënt";"Synthetische cliënt 0161";"SYN-C-00161";"Synthetische hoofdlocatie 012";"11-05-2026, 06:27:45";"11-05-2026, 07:12:45";"VEEL_MEDEWERKERS_CLIENT; VEEL_TEAMS_CLIENT; LATE_ACTIVATIE";"";"45"
"1274";"Midden";"Synthetische medewerker 066";"SYN-M-0066";"Synthetisch team Oost";"Nachtdienst";"Synthetische reden voor geautomatiseerde layoutcontrole";"Cliënt";"Synthetische cliënt 0040";"SYN-C-00040";"Synthetische hoofdlocatie 016";"11-05-2026, 06:42:02";"11-05-2026, 06:41:02";"VEEL_MEDEWERKERS_CLIENT; VEEL_TEAMS_CLIENT; ONGELDIGE_ACTIVATIE";"";"-1"
"1709";"Midden";"Synthetische medewerker 128";"SYN-M-0128";"Synthetisch testteam met lange naam";"Verpleegkundige testfunctie";"Ondersteuning tijdens avond- of nachtdienst";"Cliënt";"Synthetische cliënt 0556";"SYN-C-00556";"Synthetische hoofdlocatie 007";"11-05-2026, 09:57:16";"Niet geactiveerd";"NIET_GEACTIVEERD; VEEL_MEDEWERKERS_CLIENT; VEEL_TEAMS_CLIENT";"";""
"161";"Midden";"Synthetische medewerker 039";"SYN-M-0039";"Synthetisch team West";"Synthetische deskundigheid";"Tijdelijke vervanging binnen het testrooster";"Cliënt";"Synthetische cliënt 0398";"SYN-C-00398";"Synthetische hoofdlocatie 024";"11-05-2026, 10:04:54";"11-05-2026, 10:21:54";"VEEL_MEDEWERKERS_CLIENT; VEEL_TEAMS_CLIENT; LATE_ACTIVATIE";"";"17"
"1990";"Midden";"Synthetische medewerker 011";"SYN-M-0011";"Synthetisch team West";"Synthetische deskundigheid";"Controle na overdracht van zorg";"Cliënt";"Synthetische cliënt 0371";"SYN-C-00371";"Synthetische hoofdlocatie 022";"11-05-2026, 14:04:42";"11-05-2026, 14:12:42";"VEEL_MEDEWERKERS_CLIENT; VEEL_TEAMS_CLIENT; LATE_ACTIVATIE";"";"8"
"267";"Midden";"Synthetische medewerker 019";"SYN-M-0019";"Synthetisch team West";"Synthetische deskundigheid";"Tijdelijke vervanging binnen het testrooster";"Cliënt";"Synthetische cliënt 0435";"SYN-C-00435";"Synthetische hoofdlocatie 011";"11-05-2026, 16:47:13";"11-05-2026, 18:02:13";"VEEL_MEDEWERKERS_CLIENT; VEEL_TEAMS_CLIENT; LATE_ACTIVATIE";"";"75"
"1455";"Midden";"Synthetische medewerker 009";"SYN-M-0009";"Synthetisch team Noord";"Begeleiding";"Tijdelijke vervanging binnen het testrooster";"Cliënt";"Synthetische cliënt 0201";"SYN-C-00201";"Synthetische hoofdlocatie 002";"11-05-2026, 17:19:07";"11-05-2026, 18:48:07";"VEEL_MEDEWERKERS_CLIENT; VEEL_TEAMS_CLIENT; LATE_ACTIVATIE";"";"89"
"1050";"Midden";"Synthetische medewerker 249";"SYN-M-0249";"Synthetisch team Noord";"Begeleiding";"Synthetische reden voor geautomatiseerde layoutcontrole";"Cliënt";"Synthetische cliënt 0523";"SYN-C-00523";"Synthetische hoofdlocatie 024";"11-05-2026, 19:37:02";"11-05-2026, 21:24:02";"VEEL_MEDEWERKERS_CLIENT; VEEL_TEAMS_CLIENT; LATE_ACTIVATIE";"";"107"
"565";"Midden";"Synthetische medewerker 097";"SYN-M-0097";"Synthetisch team Noord";"Begeleiding";"Controle na overdracht van zorg";"Cliënt";"Synthetische cliënt 0208";"SYN-C-00208";"Synthetische hoofdlocatie 009";"11-05-2026, 20:01:21";"11-05-2026, 21:23:21";"VEEL_MEDEWERKERS_CLIENT; VEEL_TEAMS_CLIENT; LATE_ACTIVATIE";"";"82"
"1534";"Midden";"Synthetische medewerker 102";"SYN-M-0102";"Synthetisch team Oost";"Nachtdienst";"Synthetische reden voor geautomatiseerde layoutcontrole";"Cliënt";"Synthetische cliënt 0282";"SYN-C-00282";"Synthetische hoofdlocatie 008";"11-05-2026, 21:35:26";"Niet geactiveerd";"NIET_GEACTIVEERD; VEEL_MEDEWERKERS_CLIENT; VEEL_TEAMS_CLIENT";"";""
"4";"Midden";"Synthetische medewerker 155";"SYN-M-0155";"Synthetisch team West";"Synthetische deskundigheid";"Synthetische reden voor geautomatiseerde layoutcontrole";"Cliënt";"Synthetische cliënt 0297";"SYN-C-00297";"Synthetische hoofdlocatie 023";"12-05-2026, 10:09:56";"12-05-2026, 11:13:56";"VEEL_MEDEWERKERS_CLIENT; VEEL_TEAMS_CLIENT; LATE_ACTIVATIE";"";"64"
"860";"Midden";"Synthetische medewerker 107";"SYN-M-0107";"Synthetisch team West";"Synthetische deskundigheid";"Voorbereiding van een geplande synthetische handeling";"Cliënt";"Synthetische cliënt 0319";"SYN-C-00319";"Synthetische hoofdlocatie 020";"12-05-2026, 14:23:55";"12-05-2026, 15:28:55";"VEEL_MEDEWERKERS_CLIENT; VEEL_TEAMS_CLIENT; LATE_ACTIVATIE";"";"65"
"1670";"Midden";"Synthetische medewerker 188";"SYN-M-0188";"Synthetisch testteam met lange naam";"Verpleegkundige testfunctie";"Synthetische reden voor geautomatiseerde layoutcontrole";"Cliënt";"Synthetische cliënt 0159";"SYN-C-00159";"Synthetische hoofdlocatie 010";"12-05-2026, 14:38:26";"12-05-2026, 16:16:26";"VEEL_MEDEWERKERS_CLIENT; VEEL_TEAMS_CLIENT; LATE_ACTIVATIE";"";"98"
"1638";"Midden";"Synthetische medewerker 227";"SYN-M-0227";"Synthetisch team West";"Synthetische deskundigheid";"Acute ondersteuning buiten het vaste team";"Cliënt";"Synthetische cliënt 0322";"SYN-C-00322";"Synthetische hoofdlocatie 023";"12-05-2026, 14:42:13";"12-05-2026, 16:04:13";"VEEL_MEDEWERKERS_CLIENT; VEEL_TEAMS_CLIENT; LATE_ACTIVATIE";"";"82"
"1595";"Midden";"Synthetische medewerker 240";"SYN-M-0240";"Synthetisch testteam met lange naam";"Verpleegkundige testfunctie";"Synthetische reden voor geautomatiseerde layoutcontrole";"Cliënt";"Synthetische cliënt 0150";"SYN-C-00150";"Synthetische hoofdlocatie 001";"12-05-2026, 14:55:28";"Niet geactiveerd";"NIET_GEACTIVEERD; VEEL_MEDEWERKERS_CLIENT; VEEL_TEAMS_CLIENT";"";""
"1220";"Midden";"Synthetische medewerker 210";"SYN-M-0210";"Synthetisch team Oost";"Nachtdienst";"Acute ondersteuning buiten het vaste team";"Cliënt";"Synthetische cliënt 0104";"SYN-C-00104";"Synthetische hoofdlocatie 005";"12-05-2026, 15:20:59";"12-05-2026, 15:46:59";"VEEL_MEDEWERKERS_CLIENT; VEEL_TEAMS_CLIENT; LATE_ACTIVATIE";"";"26"
"539";"Midden";"Synthetische medewerker 175";"SYN-M-0175";"Synthetisch team West";"Synthetische deskundigheid";"Tijdelijke vervanging binnen het testrooster";"Cliënt";"Synthetische cliënt 0569";"SYN-C-00569";"Synthetische hoofdlocatie 020";"12-05-2026, 17:06:45";"12-05-2026, 17:22:45";"VEEL_MEDEWERKERS_CLIENT; VEEL_TEAMS_CLIENT; LATE_ACTIVATIE";"";"16"
"1511";"Midden";"Synthetische medewerker 007";"SYN-M-0007";"Synthetisch team West";"Synthetische deskundigheid";"Ondersteuning tijdens avond- of nachtdienst";"Cliënt";"Synthetische cliënt 0426";"SYN-C-00426";"Synthetische hoofdlocatie 002";"12-05-2026, 18:06:04";"12-05-2026, 19:21:04";"VEEL_MEDEWERKERS_CLIENT; VEEL_TEAMS_CLIENT; LATE_ACTIVATIE";"";"75"
"550";"Midden";"Synthetische medewerker 124";"SYN-M-0124";"Synthetisch testteam met lange naam";"Verpleegkundige testfunctie";"Synthetische reden voor geautomatiseerde layoutcontrole";"Cliënt";"Synthetische cliënt 0523";"SYN-C-00523";"Synthetische hoofdlocatie 024";"12-05-2026, 18:23:52";"12-05-2026, 19:21:52";"VEEL_MEDEWERKERS_CLIENT; VEEL_TEAMS_CLIENT; LATE_ACTIVATIE";"";"58"
"541";"Midden";"Synthetische medewerker 141";"SYN-M-0141";"Synthetisch team Noord";"Begeleiding";"Ondersteuning tijdens avond- of nachtdienst";"Cliënt";"Synthetische cliënt 0075";"SYN-C-00075";"Synthetische hoofdlocatie 001";"12-05-2026, 21:13:37";"Niet geactiveerd";"NIET_GEACTIVEERD; VEEL_MEDEWERKERS_CLIENT; VEEL_TEAMS_CLIENT";"";""
"8";"Midden";"Synthetische medewerker 077";"SYN-M-0077";"Synthetisch team Noord";"Begeleiding";"Synthetische reden voor geautomatiseerde layoutcontrole";"Cliënt";"Synthetische cliënt 0459";"SYN-C-00459";"Synthetische hoofdlocatie 010";"12-05-2026, 21:55:42";"12-05-2026, 22:53:42";"VEEL_MEDEWERKERS_CLIENT; VEEL_TEAMS_CLIENT; LATE_ACTIVATIE";"";"58"
"742";"Midden";"Synthetische medewerker 124";"SYN-M-0124";"Synthetisch testteam met lange naam";"Verpleegkundige testfunctie";"Synthetische reden voor geautomatiseerde layoutcontrole";"Cliënt";"Synthetische cliënt 0016";"SYN-C-00016";"Synthetische hoofdlocatie 017";"12-05-2026, 22:34:50";"12-05-2026, 23:40:50";"VEEL_MEDEWERKERS_CLIENT; VEEL_TEAMS_CLIENT; LATE_ACTIVATIE";"";"66"
"1470";"Midden";"Synthetische medewerker 030";"SYN-M-0030";"Synthetisch team Oost";"Nachtdienst";"Acute ondersteuning buiten het vaste team";"Cliënt";"Synthetische cliënt 0211";"SYN-C-00211";"Synthetische hoofdlocatie 012";"12-05-2026, 22:42:29";"12-05-2026, 23:07:29";"VEEL_MEDEWERKERS_CLIENT; VEEL_TEAMS_CLIENT; LATE_ACTIVATIE";"";"25"
"612";"Midden";"Synthetische medewerker 145";"SYN-M-0145";"Synthetisch team Noord";"Begeleiding";"Acute ondersteuning buiten het vaste team";"Cliënt";"Synthetische cliënt 0322";"SYN-C-00322";"Synthetische hoofdlocatie 023";"13-05-2026, 05:15:50";"13-05-2026, 05:17:50";"NACHT; VEEL_MEDEWERKERS_CLIENT; VEEL_TEAMS_CLIENT";"";"2"
"781";"Midden";"Synthetische medewerker 234";"SYN-M-0234";"Synthetisch team Oost";"Nachtdienst";"Ondersteuning tijdens avond- of nachtdienst";"Cliënt";"Synthetische cliënt 0043";"SYN-C-00043";"Synthetische hoofdlocatie 019";"13-05-2026, 06:45:06";"13-05-2026, 08:06:06";"VEEL_MEDEWERKERS_CLIENT; VEEL_TEAMS_CLIENT; LATE_ACTIVATIE";"";"81"
"805";"Midden";"Synthetische medewerker 206";"SYN-M-0206";"Synthetisch team Oost";"Nachtdienst";"Synthetische reden voor geautomatiseerde layoutcontrole";"Cliënt";"Synthetische cliënt 0210";"SYN-C-00210";"Synthetische hoofdlocatie 011";"13-05-2026, 08:07:22";"Niet geactiveerd";"NIET_GEACTIVEERD; VEEL_MEDEWERKERS_CLIENT; VEEL_TEAMS_CLIENT";"";""
"1352";"Midden";"Synthetische medewerker 064";"SYN-M-0064";"Synthetisch testteam met lange naam";"Verpleegkundige testfunctie";"Acute ondersteuning buiten het vaste team";"Cliënt";"Synthetische cliënt 0466";"SYN-C-00466";"Synthetische hoofdlocatie 017";"13-05-2026, 10:52:19";"13-05-2026, 12:26:19";"VEEL_MEDEWERKERS_CLIENT; VEEL_TEAMS_CLIENT; LATE_ACTIVATIE";"";"94"
"841";"Midden";"Synthetische medewerker 009";"SYN-M-0009";"Synthetisch team Noord";"Begeleiding";"Synthetische reden voor geautomatiseerde layoutcontrole";"Cliënt";"Synthetische cliënt 0466";"SYN-C-00466";"Synthetische hoofdlocatie 017";"13-05-2026, 15:18:49";"13-05-2026, 16:35:49";"VEEL_MEDEWERKERS_CLIENT; VEEL_TEAMS_CLIENT; LATE_ACTIVATIE";"";"77"
"993";"Midden";"Synthetische medewerker 160";"SYN-M-0160";"Synthetisch testteam met lange naam";"Verpleegkundige testfunctie";"Voorbereiding van een geplande synthetische handeling";"Cliënt";"Synthetische cliënt 0308";"SYN-C-00308";"Synthetische hoofdlocatie 009";"13-05-2026, 17:44:21";"13-05-2026, 19:07:21";"VEEL_MEDEWERKERS_CLIENT; VEEL_TEAMS_CLIENT; LATE_ACTIVATIE";"";"83"
"1634";"Midden";"Synthetische medewerker 073";"SYN-M-0073";"Synthetisch team Noord";"Begeleiding";"Voorbereiding van een geplande synthetische handeling";"Cliënt";"Synthetische cliënt 0376";"SYN-C-00376";"Synthetische hoofdlocatie 002";"13-05-2026, 18:07:25";"13-05-2026, 18:26:25";"VEEL_MEDEWERKERS_CLIENT; VEEL_TEAMS_CLIENT; LATE_ACTIVATIE";"";"19"
"1265";"Midden";"Synthetische medewerker 108";"SYN-M-0108";"Synthetisch testteam met lange naam";"Verpleegkundige testfunctie";"Tijdelijke vervanging binnen het testrooster";"Cliënt";"Synthetische cliënt 0588";"SYN-C-00588";"Synthetische hoofdlocatie 014";"13-05-2026, 19:07:35";"Niet geactiveerd";"NIET_GEACTIVEERD; VEEL_MEDEWERKERS_CLIENT; VEEL_TEAMS_CLIENT";"";""
"1163";"Midden";"Synthetische medewerker 009";"SYN-M-0009";"Synthetisch team Noord";"Begeleiding";"Synthetische reden voor geautomatiseerde layoutcontrole";"Cliënt";"Synthetische cliënt 0435";"SYN-C-00435";"Synthetische hoofdlocatie 011";"13-05-2026, 19:33:17";"13-05-2026, 20:13:17";"VEEL_MEDEWERKERS_CLIENT; VEEL_TEAMS_CLIENT; LATE_ACTIVATIE";"";"40"
"53";"Midden";"Synthetische medewerker 028";"SYN-M-0028";"Synthetisch testteam met lange naam";"Verpleegkundige testfunctie";"Synthetische reden voor geautomatiseerde layoutcontrole";"Cliënt";"Synthetische cliënt 0083";"SYN-C-00083";"Synthetische hoofdlocatie 009";"13-05-2026, 20:56:51";"13-05-2026, 22:31:51";"VEEL_MEDEWERKERS_CLIENT; VEEL_TEAMS_CLIENT; LATE_ACTIVATIE";"";"95"
"79";"Midden";"Synthetische medewerker 241";"SYN-M-0241";"Synthetisch team Noord";"Begeleiding";"Acute ondersteuning buiten het vaste team";"Cliënt";"Synthetische cliënt 0382";"SYN-C-00382";"Synthetische hoofdlocatie 008";"13-05-2026, 21:09:28";"13-05-2026, 23:06:28";"VEEL_MEDEWERKERS_CLIENT; VEEL_TEAMS_CLIENT; LATE_ACTIVATIE";"";"117"
"1209";"Midden";"Synthetische medewerker 131";"SYN-M-0131";"Synthetisch team West";"Synthetische deskundigheid";"Synthetische reden voor geautomatiseerde layoutcontrole";"Cliënt";"Synthetische cliënt 0599";"SYN-C-00599";"Synthetische hoofdlocatie 025";"13-05-2026, 21:36:12";"13-05-2026, 22:41:12";"VEEL_MEDEWERKERS_CLIENT; VEEL_TEAMS_CLIENT; LATE_ACTIVATIE";"";"65"
"1740";"Midden";"Synthetische medewerker 045";"SYN-M-0045";"Synthetisch team Noord";"Begeleiding";"Tijdelijke vervanging binnen het testrooster";"Cliënt";"Synthetische cliënt 0459";"SYN-C-00459";"Synthetische hoofdlocatie 010";"14-05-2026, 09:34:42";"14-05-2026, 10:43:42";"VEEL_MEDEWERKERS_CLIENT; VEEL_TEAMS_CLIENT; LATE_ACTIVATIE";"";"69"
"1685";"Midden";"Synthetische medewerker 087";"SYN-M-0087";"Synthetisch team West";"Synthetische deskundigheid";"Synthetische reden voor geautomatiseerde layoutcontrole";"Cliënt";"Synthetische cliënt 0111";"SYN-C-00111";"Synthetische hoofdlocatie 012";"14-05-2026, 10:12:38";"14-05-2026, 11:53:38";"VEEL_MEDEWERKERS_CLIENT; VEEL_TEAMS_CLIENT; LATE_ACTIVATIE";"";"101"
"1556";"Midden";"Synthetische medewerker 186";"SYN-M-0186";"Synthetisch team Oost";"Nachtdienst";"Tijdelijke vervanging binnen het testrooster";"Cliënt";"Synthetische cliënt 0388";"SYN-C-00388";"Synthetische hoofdlocatie 014";"14-05-2026, 10:36:25";"14-05-2026, 12:26:25";"VEEL_MEDEWERKERS_CLIENT; VEEL_TEAMS_CLIENT; LATE_ACTIVATIE";"";"110"
"1033";"Midden";"Synthetische medewerker 111";"SYN-M-0111";"Synthetisch team West";"Synthetische deskundigheid";"Controle na overdracht van zorg";"Cliënt";"Synthetische cliënt 0083";"SYN-C-00083";"Synthetische hoofdlocatie 009";"14-05-2026, 12:23:05";"Niet geactiveerd";"NIET_GEACTIVEERD; VEEL_MEDEWERKERS_CLIENT; VEEL_TEAMS_CLIENT";"";""
"1128";"Midden";"Synthetische medewerker 216";"SYN-M-0216";"Synthetisch testteam met lange naam";"Verpleegkundige testfunctie";"Voorbereiding van een geplande synthetische handeling";"Cliënt";"Synthetische cliënt 0301";"SYN-C-00301";"Synthetische hoofdlocatie 002";"14-05-2026, 13:43:24";"14-05-2026, 13:58:24";"VEEL_MEDEWERKERS_CLIENT; VEEL_TEAMS_CLIENT; LATE_ACTIVATIE";"";"15"
"391";"Midden";"Synthetische medewerker 054";"SYN-M-0054";"Synthetisch team Oost";"Nachtdienst";"Acute ondersteuning buiten het vaste team";"Cliënt";"Synthetische cliënt 0123";"SYN-C-00123";"Synthetische hoofdlocatie 024";"14-05-2026, 18:14:00";"14-05-2026, 19:55:00";"VEEL_MEDEWERKERS_CLIENT; VEEL_TEAMS_CLIENT; LATE_ACTIVATIE";"";"101"
"1420";"Midden";"Synthetische medewerker 201";"SYN-M-0201";"Synthetisch team Noord";"Begeleiding";"Voorbereiding van een geplande synthetische handeling";"Cliënt";"Synthetische cliënt 0584";"SYN-C-00584";"Synthetische hoofdlocatie 010";"14-05-2026, 22:07:22";"14-05-2026, 23:15:22";"VEEL_MEDEWERKERS_CLIENT; VEEL_TEAMS_CLIENT; LATE_ACTIVATIE";"";"68"
"1086";"Midden";"Synthetische medewerker 047";"SYN-M-0047";"Synthetisch team West";"Synthetische deskundigheid";"Voorbereiding van een geplande synthetische handeling";"Cliënt";"Synthetische cliënt 0414";"SYN-C-00414";"Synthetische hoofdlocatie 015";"15-05-2026, 07:48:25";"15-05-2026, 09:27:25";"VEEL_MEDEWERKERS_CLIENT; VEEL_TEAMS_CLIENT; LATE_ACTIVATIE";"";"99"
"987";"Midden";"Synthetische medewerker 225";"SYN-M-0225";"Synthetisch team Noord";"Begeleiding";"Tijdelijke vervanging binnen het testrooster";"Cliënt";"Synthetische cliënt 0042";"SYN-C-00042";"Synthetische hoofdlocatie 018";"15-05-2026, 08:39:19";"15-05-2026, 09:51:19";"VEEL_MEDEWERKERS_CLIENT; VEEL_TEAMS_CLIENT; LATE_ACTIVATIE";"";"72"
"1392";"Midden";"Synthetische medewerker 231";"SYN-M-0231";"Synthetisch team West";"Synthetische deskundigheid";"Tijdelijke vervanging binnen het testrooster";"Cliënt";"Synthetische cliënt 0197";"SYN-C-00197";"Synthetische hoofdlocatie 023";"15-05-2026, 11:45:09";"Niet geactiveerd";"NIET_GEACTIVEERD; VEEL_MEDEWERKERS_CLIENT; VEEL_TEAMS_CLIENT";"";""
"205";"Midden";"Synthetische medewerker 123";"SYN-M-0123";"Synthetisch team West";"Synthetische deskundigheid";"Ondersteuning tijdens avond- of nachtdienst";"Cliënt";"Synthetische cliënt 0452";"SYN-C-00452";"Synthetische hoofdlocatie 003";"15-05-2026, 14:18:04";"Niet geactiveerd";"NIET_GEACTIVEERD; VEEL_MEDEWERKERS_CLIENT; VEEL_TEAMS_CLIENT";"";""
"1717";"Midden";"Synthetische medewerker 020";"SYN-M-0020";"Synthetisch testteam met lange naam";"Verpleegkundige testfunctie";"Voorbereiding van een geplande synthetische handeling";"Cliënt";"Synthetische cliënt 0262";"SYN-C-00262";"Synthetische hoofdlocatie 013";"15-05-2026, 14:34:59";"15-05-2026, 16:34:59";"VEEL_MEDEWERKERS_CLIENT; VEEL_TEAMS_CLIENT; LATE_ACTIVATIE";"";"120"
"563";"Midden";"Synthetische medewerker 241";"SYN-M-0241";"Synthetisch team Noord";"Begeleiding";"Acute ondersteuning buiten het vaste team";"Cliënt";"Synthetische cliënt 0098";"SYN-C-00098";"Synthetische hoofdlocatie 024";"15-05-2026, 14:38:37";"15-05-2026, 14:28:37";"VEEL_MEDEWERKERS_CLIENT; VEEL_TEAMS_CLIENT; ONGELDIGE_ACTIVATIE";"";"-10"
"1238";"Midden";"Synthetische medewerker 054";"SYN-M-0054";"Synthetisch team Oost";"Nachtdienst";"Acute ondersteuning buiten het vaste team";"Cliënt";"Synthetische cliënt 0128";"SYN-C-00128";"Synthetische hoofdlocatie 004";"15-05-2026, 15:24:49";"15-05-2026, 16:09:49";"VEEL_MEDEWERKERS_CLIENT; VEEL_TEAMS_CLIENT; LATE_ACTIVATIE";"";"45"
"1603";"Midden";"Synthetische medewerker 224";"SYN-M-0224";"Synthetisch testteam met lange naam";"Verpleegkundige testfunctie";"Voorbereiding van een geplande synthetische handeling";"Cliënt";"Synthetische cliënt 0599";"SYN-C-00599";"Synthetische hoofdlocatie 025";"15-05-2026, 15:25:35";"15-05-2026, 15:52:35";"VEEL_MEDEWERKERS_CLIENT; VEEL_TEAMS_CLIENT; LATE_ACTIVATIE";"";"27"
"169";"Midden";"Synthetische medewerker 068";"SYN-M-0068";"Synthetisch testteam met lange naam";"Verpleegkundige testfunctie";"Acute ondersteuning buiten het vaste team";"Cliënt";"Synthetische cliënt 0153";"SYN-C-00153";"Synthetische hoofdlocatie 004";"15-05-2026, 18:50:35";"15-05-2026, 18:58:35";"VEEL_MEDEWERKERS_CLIENT; VEEL_TEAMS_CLIENT; LATE_ACTIVATIE";"";"8"
"658";"Midden";"Synthetische medewerker 112";"SYN-M-0112";"Synthetisch testteam met lange naam";"Verpleegkundige testfunctie";"Voorbereiding van een geplande synthetische handeling";"Cliënt";"Synthetische cliënt 0041";"SYN-C-00041";"Synthetische hoofdlocatie 017";"15-05-2026, 19:44:12";"15-05-2026, 20:30:12";"VEEL_MEDEWERKERS_CLIENT; VEEL_TEAMS_CLIENT; LATE_ACTIVATIE";"";"46"
"597";"Midden";"Synthetische medewerker 080";"SYN-M-0080";"Synthetisch testteam met lange naam";"Verpleegkundige testfunctie";"Tijdelijke vervanging binnen het testrooster";"Cliënt";"Synthetische cliënt 0083";"SYN-C-00083";"Synthetische hoofdlocatie 009";"15-05-2026, 20:16:55";"15-05-2026, 21:03:55";"VEEL_MEDEWERKERS_CLIENT; VEEL_TEAMS_CLIENT; LATE_ACTIVATIE";"";"47"
"802";"Midden";"Synthetische medewerker 189";"SYN-M-0189";"Synthetisch team Noord";"Begeleiding";"Controle na overdracht van zorg";"Cliënt";"Synthetische cliënt 0214";"SYN-C-00214";"Synthetische hoofdlocatie 015";"15-05-2026, 20:22:49";"15-05-2026, 21:38:49";"VEEL_MEDEWERKERS_CLIENT; VEEL_TEAMS_CLIENT; LATE_ACTIVATIE";"";"76"
"1436";"Midden";"Synthetische medewerker 231";"SYN-M-0231";"Synthetisch team West";"Synthetische deskundigheid";"Synthetische reden voor geautomatiseerde layoutcontrole";"Cliënt";"Synthetische cliënt 0150";"SYN-C-00150";"Synthetische hoofdlocatie 001";"16-05-2026, 07:09:27";"16-05-2026, 08:57:27";"VEEL_MEDEWERKERS_CLIENT; VEEL_TEAMS_CLIENT; LATE_ACTIVATIE";"";"108"
"1248";"Midden";"Synthetische medewerker 085";"SYN-M-0085";"Synthetisch team Noord";"Begeleiding";"Synthetische reden voor geautomatiseerde layoutcontrole";"Cliënt";"Synthetische cliënt 0514";"SYN-C-00514";"Synthetische hoofdlocatie 015";"16-05-2026, 07:12:04";"16-05-2026, 08:44:04";"VEEL_MEDEWERKERS_CLIENT; VEEL_TEAMS_CLIENT; LATE_ACTIVATIE";"";"92"
"1558";"Midden";"Synthetische medewerker 202";"SYN-M-0202";"Synthetisch team Oost";"Nachtdienst";"Controle na overdracht van zorg";"Cliënt";"Synthetische cliënt 0308";"SYN-C-00308";"Synthetische hoofdlocatie 009";"16-05-2026, 07:38:31";"16-05-2026, 09:16:31";"VEEL_MEDEWERKERS_CLIENT; VEEL_TEAMS_CLIENT; LATE_ACTIVATIE";"";"98"
"321";"Midden";"Synthetische medewerker 190";"SYN-M-0190";"Synthetisch team Oost";"Nachtdienst";"Voorbereiding van een geplande synthetische handeling";"Cliënt";"Synthetische cliënt 0043";"SYN-C-00043";"Synthetische hoofdlocatie 019";"16-05-2026, 08:29:24";"16-05-2026, 08:50:24";"VEEL_MEDEWERKERS_CLIENT; VEEL_TEAMS_CLIENT; LATE_ACTIVATIE";"";"21"
"1792";"Midden";"Synthetische medewerker 178";"SYN-M-0178";"Synthetisch team Oost";"Nachtdienst";"Synthetische reden voor geautomatiseerde layoutcontrole";"Cliënt";"Synthetische cliënt 0211";"SYN-C-00211";"Synthetische hoofdlocatie 012";"16-05-2026, 12:47:03";"16-05-2026, 14:42:03";"VEEL_MEDEWERKERS_CLIENT; VEEL_TEAMS_CLIENT; LATE_ACTIVATIE";"";"115"
"933";"Midden";"Synthetische medewerker 103";"SYN-M-0103";"Synthetisch team West";"Synthetische deskundigheid";"Controle na overdracht van zorg";"Cliënt";"Synthetische cliënt 0241";"SYN-C-00241";"Synthetische hoofdlocatie 017";"16-05-2026, 12:59:40";"16-05-2026, 14:46:40";"VEEL_MEDEWERKERS_CLIENT; VEEL_TEAMS_CLIENT; LATE_ACTIVATIE";"";"107"
"894";"Midden";"Synthetische medewerker 056";"SYN-M-0056";"Synthetisch testteam met lange naam";"Verpleegkundige testfunctie";"Ondersteuning tijdens avond- of nachtdienst";"Cliënt";"Synthetische cliënt 0334";"SYN-C-00334";"Synthetische hoofdlocatie 010";"16-05-2026, 13:22:23";"16-05-2026, 14:51:23";"VEEL_MEDEWERKERS_CLIENT; VEEL_TEAMS_CLIENT; LATE_ACTIVATIE";"";"89"
"238";"Midden";"Synthetische medewerker 151";"SYN-M-0151";"Synthetisch team West";"Synthetische deskundigheid";"Tijdelijke vervanging binnen het testrooster";"Cliënt";"Synthetische cliënt 0286";"SYN-C-00286";"Synthetische hoofdlocatie 012";"16-05-2026, 14:34:04";"16-05-2026, 16:11:04";"VEEL_MEDEWERKERS_CLIENT; VEEL_TEAMS_CLIENT; LATE_ACTIVATIE";"";"97"
"148";"Midden";"Synthetische medewerker 031";"SYN-M-0031";"Synthetisch team West";"Synthetische deskundigheid";"Controle na overdracht van zorg";"Cliënt";"Synthetische cliënt 0021";"SYN-C-00021";"Synthetische hoofdlocatie 022";"16-05-2026, 15:07:31";"16-05-2026, 16:18:31";"VEEL_MEDEWERKERS_CLIENT; VEEL_TEAMS_CLIENT; LATE_ACTIVATIE";"";"71"
"1891";"Midden";"Synthetische medewerker 115";"SYN-M-0115";"Synthetisch team West";"Synthetische deskundigheid";"Controle na overdracht van zorg";"Cliënt";"Synthetische cliënt 0123";"SYN-C-00123";"Synthetische hoofdlocatie 024";"16-05-2026, 16:55:15";"16-05-2026, 17:08:15";"VEEL_MEDEWERKERS_CLIENT; VEEL_TEAMS_CLIENT; LATE_ACTIVATIE";"";"13"
"369";"Midden";"Synthetische medewerker 185";"SYN-M-0185";"Synthetisch team Noord";"Begeleiding";"Ondersteuning tijdens avond- of nachtdienst";"Cliënt";"Synthetische cliënt 0536";"SYN-C-00536";"Synthetische hoofdlocatie 012";"16-05-2026, 17:18:59";"Niet geactiveerd";"NIET_GEACTIVEERD; VEEL_MEDEWERKERS_CLIENT; VEEL_TEAMS_CLIENT";"";""
"1195";"Midden";"Synthetische medewerker 061";"SYN-M-0061";"Synthetisch team Noord";"Begeleiding";"Ondersteuning tijdens avond- of nachtdienst";"Cliënt";"Synthetische cliënt 0297";"SYN-C-00297";"Synthetische hoofdlocatie 023";"16-05-2026, 17:52:38";"16-05-2026, 18:05:38";"VEEL_MEDEWERKERS_CLIENT; VEEL_TEAMS_CLIENT; LATE_ACTIVATIE";"";"13"
"1978";"Midden";"Synthetische medewerker 123";"SYN-M-0123";"Synthetisch team West";"Synthetische deskundigheid";"Voorbereiding van een geplande synthetische handeling";"Cliënt";"Synthetische cliënt 0311";"SYN-C-00311";"Synthetische hoofdlocatie 012";"16-05-2026, 18:32:10";"Niet geactiveerd";"NIET_GEACTIVEERD; VEEL_MEDEWERKERS_CLIENT; VEEL_TEAMS_CLIENT";"";""
"206";"Midden";"Synthetische medewerker 033";"SYN-M-0033";"Synthetisch team Noord";"Begeleiding";"Controle na overdracht van zorg";"Cliënt";"Synthetische cliënt 0239";"SYN-C-00239";"Synthetische hoofdlocatie 015";"16-05-2026, 18:44:25";"16-05-2026, 20:06:25";"VEEL_MEDEWERKERS_CLIENT; VEEL_TEAMS_CLIENT; LATE_ACTIVATIE";"";"82"
"917";"Midden";"Synthetische medewerker 069";"SYN-M-0069";"Synthetisch team Noord";"Begeleiding";"Tijdelijke vervanging binnen het testrooster";"Cliënt";"Synthetische cliënt 0099";"SYN-C-00099";"Synthetische hoofdlocatie 025";"16-05-2026, 18:53:30";"16-05-2026, 20:32:30";"VEEL_MEDEWERKERS_CLIENT; VEEL_TEAMS_CLIENT; LATE_ACTIVATIE";"";"99"
"918";"Midden";"Synthetische medewerker 091";"SYN-M-0091";"Synthetisch team West";"Synthetische deskundigheid";"Tijdelijke vervanging binnen het testrooster";"Cliënt";"Synthetische cliënt 0118";"SYN-C-00118";"Synthetische hoofdlocatie 019";"16-05-2026, 19:12:33";"16-05-2026, 20:41:33";"VEEL_MEDEWERKERS_CLIENT; VEEL_TEAMS_CLIENT; LATE_ACTIVATIE";"";"89"
"1464";"Midden";"Synthetische medewerker 096";"SYN-M-0096";"Synthetisch testteam met lange naam";"Verpleegkundige testfunctie";"Synthetische reden voor geautomatiseerde layoutcontrole";"Cliënt";"Synthetische cliënt 0320";"SYN-C-00320";"Synthetische hoofdlocatie 021";"17-05-2026, 08:58:46";"17-05-2026, 09:53:46";"VEEL_MEDEWERKERS_CLIENT; VEEL_TEAMS_CLIENT; LATE_ACTIVATIE";"";"55"
"1491";"Midden";"Synthetische medewerker 152";"SYN-M-0152";"Synthetisch testteam met lange naam";"Verpleegkundige testfunctie";"Acute ondersteuning buiten het vaste team";"Cliënt";"Synthetische cliënt 0302";"SYN-C-00302";"Synthetische hoofdlocatie 003";"17-05-2026, 10:01:33";"17-05-2026, 11:25:33";"VEEL_MEDEWERKERS_CLIENT; VEEL_TEAMS_CLIENT; LATE_ACTIVATIE";"";"84"
"1543";"Midden";"Synthetische medewerker 197";"SYN-M-0197";"Synthetisch team Noord";"Begeleiding";"Synthetische reden voor geautomatiseerde layoutcontrole";"Cliënt";"Synthetische cliënt 0495";"SYN-C-00495";"Synthetische hoofdlocatie 021";"17-05-2026, 11:24:49";"17-05-2026, 13:14:49";"VEEL_MEDEWERKERS_CLIENT; VEEL_TEAMS_CLIENT; LATE_ACTIVATIE";"";"110"
"1808";"Midden";"Synthetische medewerker 250";"SYN-M-0250";"Synthetisch team Oost";"Nachtdienst";"Tijdelijke vervanging binnen het testrooster";"Cliënt";"Synthetische cliënt 0467";"SYN-C-00467";"Synthetische hoofdlocatie 018";"17-05-2026, 12:42:35";"17-05-2026, 12:58:35";"VEEL_MEDEWERKERS_CLIENT; VEEL_TEAMS_CLIENT; LATE_ACTIVATIE";"";"16"
"760";"Midden";"Synthetische medewerker 219";"SYN-M-0219";"Synthetisch team West";"Synthetische deskundigheid";"Synthetische reden voor geautomatiseerde layoutcontrole";"Cliënt";"Synthetische cliënt 0239";"SYN-C-00239";"Synthetische hoofdlocatie 015";"17-05-2026, 12:51:49";"17-05-2026, 13:39:49";"VEEL_MEDEWERKERS_CLIENT; VEEL_TEAMS_CLIENT; LATE_ACTIVATIE";"";"48"
"317";"Midden";"Synthetische medewerker 232";"SYN-M-0232";"Synthetisch testteam met lange naam";"Verpleegkundige testfunctie";"Ondersteuning tijdens avond- of nachtdienst";"Cliënt";"Synthetische cliënt 0426";"SYN-C-00426";"Synthetische hoofdlocatie 002";"17-05-2026, 13:22:50";"17-05-2026, 13:55:50";"VEEL_MEDEWERKERS_CLIENT; VEEL_TEAMS_CLIENT; LATE_ACTIVATIE";"";"33"
"833";"Midden";"Synthetische medewerker 234";"SYN-M-0234";"Synthetisch team Oost";"Nachtdienst";"Tijdelijke vervanging binnen het testrooster";"Cliënt";"Synthetische cliënt 0161";"SYN-C-00161";"Synthetische hoofdlocatie 012";"17-05-2026, 14:11:13";"17-05-2026, 14:31:13";"VEEL_MEDEWERKERS_CLIENT; VEEL_TEAMS_CLIENT; LATE_ACTIVATIE";"";"20"
"1924";"Midden";"Synthetische medewerker 067";"SYN-M-0067";"Synthetisch team West";"Synthetische deskundigheid";"Synthetische reden voor geautomatiseerde layoutcontrole";"Cliënt";"Synthetische cliënt 0098";"SYN-C-00098";"Synthetische hoofdlocatie 024";"17-05-2026, 14:41:34";"17-05-2026, 16:21:34";"VEEL_MEDEWERKERS_CLIENT; VEEL_TEAMS_CLIENT; LATE_ACTIVATIE";"";"100"
"592";"Midden";"Synthetische medewerker 241";"SYN-M-0241";"Synthetisch team Noord";"Begeleiding";"Voorbereiding van een geplande synthetische handeling";"Cliënt";"Synthetische cliënt 0394";"SYN-C-00394";"Synthetische hoofdlocatie 020";"17-05-2026, 17:48:34";"17-05-2026, 18:54:34";"VEEL_MEDEWERKERS_CLIENT; VEEL_TEAMS_CLIENT; LATE_ACTIVATIE";"";"66"
"1076";"Midden";"Synthetische medewerker 166";"SYN-M-0166";"Synthetisch team Oost";"Nachtdienst";"Synthetische reden voor geautomatiseerde layoutcontrole";"Cliënt";"Synthetische cliënt 0584";"SYN-C-00584";"Synthetische hoofdlocatie 010";"17-05-2026, 18:57:36";"17-05-2026, 20:44:36";"VEEL_MEDEWERKERS_CLIENT; VEEL_TEAMS_CLIENT; LATE_ACTIVATIE";"";"107"
"12";"Midden";"Synthetische medewerker 052";"SYN-M-0052";"Synthetisch testteam met lange naam";"Verpleegkundige testfunctie";"Voorbereiding van een geplande synthetische handeling";"Cliënt";"Synthetische cliënt 0466";"SYN-C-00466";"Synthetische hoofdlocatie 017";"17-05-2026, 19:04:53";"17-05-2026, 19:49:53";"VEEL_MEDEWERKERS_CLIENT; VEEL_TEAMS_CLIENT; LATE_ACTIVATIE";"";"45"
"826";"Midden";"Synthetische medewerker 039";"SYN-M-0039";"Synthetisch team West";"Synthetische deskundigheid";"Synthetische reden voor geautomatiseerde layoutcontrole";"Cliënt";"Synthetische cliënt 0553";"SYN-C-00553";"Synthetische hoofdlocatie 004";"17-05-2026, 19:19:17";"17-05-2026, 19:33:17";"VEEL_MEDEWERKERS_CLIENT; VEEL_TEAMS_CLIENT; LATE_ACTIVATIE";"";"14"
"1452";"Midden";"Synthetische medewerker 195";"SYN-M-0195";"Synthetisch team West";"Synthetische deskundigheid";"Synthetische reden voor geautomatiseerde layoutcontrole";"Cliënt";"Synthetische cliënt 0553";"SYN-C-00553";"Synthetische hoofdlocatie 004";"17-05-2026, 19:47:49";"17-05-2026, 21:22:49";"VEEL_MEDEWERKERS_CLIENT; VEEL_TEAMS_CLIENT; LATE_ACTIVATIE";"";"95"
"1679";"Midden";"Synthetische medewerker 225";"SYN-M-0225";"Synthetisch team Noord";"Begeleiding";"Controle na overdracht van zorg";"Cliënt";"Synthetische cliënt 0153";"SYN-C-00153";"Synthetische hoofdlocatie 004";"17-05-2026, 21:55:33";"17-05-2026, 22:02:33";"VEEL_MEDEWERKERS_CLIENT; VEEL_TEAMS_CLIENT; LATE_ACTIVATIE";"";"7"
"1941";"Midden";"Synthetische medewerker 125";"SYN-M-0125";"Synthetisch team Noord";"Begeleiding";"Controle na overdracht van zorg";"Cliënt";"Synthetische cliënt 0302";"SYN-C-00302";"Synthetische hoofdlocatie 003";"18-05-2026, 11:28:04";"18-05-2026, 11:42:04";"VEEL_MEDEWERKERS_CLIENT; VEEL_TEAMS_CLIENT; LATE_ACTIVATIE";"";"14"
"332";"Midden";"Synthetische medewerker 059";"SYN-M-0059";"Synthetisch team West";"Synthetische deskundigheid";"Voorbereiding van een geplande synthetische handeling";"Cliënt";"Synthetische cliënt 0211";"SYN-C-00211";"Synthetische hoofdlocatie 012";"18-05-2026, 12:12:47";"18-05-2026, 13:54:47";"VEEL_MEDEWERKERS_CLIENT; VEEL_TEAMS_CLIENT; LATE_ACTIVATIE";"";"102"
"333";"Midden";"Synthetische medewerker 128";"SYN-M-0128";"Synthetisch testteam met lange naam";"Verpleegkundige testfunctie";"Synthetische reden voor geautomatiseerde layoutcontrole";"Cliënt";"Synthetische cliënt 0070";"SYN-C-00070";"Synthetische hoofdlocatie 021";"18-05-2026, 12:25:23";"18-05-2026, 12:53:23";"VEEL_MEDEWERKERS_CLIENT; VEEL_TEAMS_CLIENT; LATE_ACTIVATIE";"";"28"
"864";"Midden";"Synthetische medewerker 242";"SYN-M-0242";"Synthetisch team Oost";"Nachtdienst";"Acute ondersteuning buiten het vaste team";"Cliënt";"Synthetische cliënt 0058";"SYN-C-00058";"Synthetische hoofdlocatie 009";"18-05-2026, 14:14:30";"18-05-2026, 14:41:30";"VEEL_MEDEWERKERS_CLIENT; VEEL_TEAMS_CLIENT; LATE_ACTIVATIE";"";"27"
"171";"Midden";"Synthetische medewerker 230";"SYN-M-0230";"Synthetisch team Oost";"Nachtdienst";"Synthetische reden voor geautomatiseerde layoutcontrole";"Cliënt";"Synthetische cliënt 0161";"SYN-C-00161";"Synthetische hoofdlocatie 012";"18-05-2026, 14:27:18";"18-05-2026, 15:55:18";"VEEL_MEDEWERKERS_CLIENT; VEEL_TEAMS_CLIENT; LATE_ACTIVATIE";"";"88"
"625";"Midden";"Synthetische medewerker 148";"SYN-M-0148";"Synthetisch testteam met lange naam";"Verpleegkundige testfunctie";"Voorbereiding van een geplande synthetische handeling";"Cliënt";"Synthetische cliënt 0058";"SYN-C-00058";"Synthetische hoofdlocatie 009";"18-05-2026, 15:49:23";"18-05-2026, 16:43:23";"VEEL_MEDEWERKERS_CLIENT; VEEL_TEAMS_CLIENT; LATE_ACTIVATIE";"";"54"
"1444";"Midden";"Synthetische medewerker 073";"SYN-M-0073";"Synthetisch team Noord";"Begeleiding";"Voorbereiding van een geplande synthetische handeling";"Cliënt";"Synthetische cliënt 0583";"SYN-C-00583";"Synthetische hoofdlocatie 009";"18-05-2026, 18:44:13";"Niet geactiveerd";"NIET_GEACTIVEERD; VEEL_MEDEWERKERS_CLIENT; VEEL_TEAMS_CLIENT";"";""
"1155";"Midden";"Synthetische medewerker 194";"SYN-M-0194";"Synthetisch team Oost";"Nachtdienst";"Acute ondersteuning buiten het vaste team";"Cliënt";"Synthetische cliënt 0037";"SYN-C-00037";"Synthetische hoofdlocatie 013";"18-05-2026, 18:51:17";"18-05-2026, 19:47:17";"VEEL_MEDEWERKERS_CLIENT; VEEL_TEAMS_CLIENT; LATE_ACTIVATIE";"";"56"
"1233";"Midden";"Synthetische medewerker 169";"SYN-M-0169";"Synthetisch team Noord";"Begeleiding";"Ondersteuning tijdens avond- of nachtdienst";"Cliënt";"Synthetische cliënt 0159";"SYN-C-00159";"Synthetische hoofdlocatie 010";"18-05-2026, 20:46:42";"Niet geactiveerd";"NIET_GEACTIVEERD; VEEL_MEDEWERKERS_CLIENT; VEEL_TEAMS_CLIENT";"";""
"349";"Midden";"Synthetische medewerker 103";"SYN-M-0103";"Synthetisch team West";"Synthetische deskundigheid";"Ondersteuning tijdens avond- of nachtdienst";"Cliënt";"Synthetische cliënt 0287";"SYN-C-00287";"Synthetische hoofdlocatie 013";"18-05-2026, 21:42:24";"18-05-2026, 21:50:24";"VEEL_MEDEWERKERS_CLIENT; VEEL_TEAMS_CLIENT; LATE_ACTIVATIE";"";"8"
"484";"Midden";"Synthetische medewerker 012";"SYN-M-0012";"Synthetisch testteam met lange naam";"Verpleegkundige testfunctie";"Controle na overdracht van zorg";"Cliënt";"Synthetische cliënt 0068";"SYN-C-00068";"Synthetische hoofdlocatie 019";"18-05-2026, 22:05:55";"18-05-2026, 22:04:55";"VEEL_MEDEWERKERS_CLIENT; VEEL_TEAMS_CLIENT; ONGELDIGE_ACTIVATIE";"";"-1"
"787";"Midden";"Synthetische medewerker 085";"SYN-M-0085";"Synthetisch team Noord";"Begeleiding";"Tijdelijke vervanging binnen het testrooster";"Cliënt";"Synthetische cliënt 0234";"SYN-C-00234";"Synthetische hoofdlocatie 010";"19-05-2026, 06:56:20";"Niet geactiveerd";"NIET_GEACTIVEERD; VEEL_MEDEWERKERS_CLIENT; VEEL_TEAMS_CLIENT";"";""
"275";"Midden";"Synthetische medewerker 005";"SYN-M-0005";"Synthetisch team Noord";"Begeleiding";"Tijdelijke vervanging binnen het testrooster";"Cliënt";"Synthetische cliënt 0357";"SYN-C-00357";"Synthetische hoofdlocatie 008";"19-05-2026, 08:24:15";"19-05-2026, 09:03:15";"VEEL_MEDEWERKERS_CLIENT; VEEL_TEAMS_CLIENT; LATE_ACTIVATIE";"";"39"
"1902";"Midden";"Synthetische medewerker 087";"SYN-M-0087";"Synthetisch team West";"Synthetische deskundigheid";"Synthetische reden voor geautomatiseerde layoutcontrole";"Cliënt";"Synthetische cliënt 0160";"SYN-C-00160";"Synthetische hoofdlocatie 011";"19-05-2026, 08:48:44";"19-05-2026, 09:11:44";"VEEL_MEDEWERKERS_CLIENT; VEEL_TEAMS_CLIENT; LATE_ACTIVATIE";"";"23"
"906";"Midden";"Synthetische medewerker 148";"SYN-M-0148";"Synthetisch testteam met lange naam";"Verpleegkundige testfunctie";"Ondersteuning tijdens avond- of nachtdienst";"Cliënt";"Synthetische cliënt 0214";"SYN-C-00214";"Synthetische hoofdlocatie 015";"19-05-2026, 08:58:01";"19-05-2026, 08:40:01";"VEEL_MEDEWERKERS_CLIENT; VEEL_TEAMS_CLIENT; ONGELDIGE_ACTIVATIE";"";"-18"
"1089";"Midden";"Synthetische medewerker 139";"SYN-M-0139";"Synthetisch team West";"Synthetische deskundigheid";"Tijdelijke vervanging binnen het testrooster";"Cliënt";"Synthetische cliënt 0495";"SYN-C-00495";"Synthetische hoofdlocatie 021";"19-05-2026, 11:45:45";"Niet geactiveerd";"NIET_GEACTIVEERD; VEEL_MEDEWERKERS_CLIENT; VEEL_TEAMS_CLIENT";"";""
"1744";"Midden";"Synthetische medewerker 005";"SYN-M-0005";"Synthetisch team Noord";"Begeleiding";"Acute ondersteuning buiten het vaste team";"Cliënt";"Synthetische cliënt 0104";"SYN-C-00104";"Synthetische hoofdlocatie 005";"19-05-2026, 14:10:45";"Niet geactiveerd";"NIET_GEACTIVEERD; VEEL_MEDEWERKERS_CLIENT; VEEL_TEAMS_CLIENT";"";""
"1648";"Midden";"Synthetische medewerker 250";"SYN-M-0250";"Synthetisch team Oost";"Nachtdienst";"Ondersteuning tijdens avond- of nachtdienst";"Cliënt";"Synthetische cliënt 0021";"SYN-C-00021";"Synthetische hoofdlocatie 022";"19-05-2026, 16:35:23";"19-05-2026, 18:05:23";"VEEL_MEDEWERKERS_CLIENT; VEEL_TEAMS_CLIENT; LATE_ACTIVATIE";"";"90"
"1041";"Midden";"Synthetische medewerker 035";"SYN-M-0035";"Synthetisch team West";"Synthetische deskundigheid";"Controle na overdracht van zorg";"Cliënt";"Synthetische cliënt 0587";"SYN-C-00587";"Synthetische hoofdlocatie 013";"19-05-2026, 17:42:27";"19-05-2026, 18:00:27";"VEEL_MEDEWERKERS_CLIENT; VEEL_TEAMS_CLIENT; LATE_ACTIVATIE";"";"18"
"1133";"Midden";"Synthetische medewerker 133";"SYN-M-0133";"Synthetisch team Noord";"Begeleiding";"Acute ondersteuning buiten het vaste team";"Cliënt";"Synthetische cliënt 0367";"SYN-C-00367";"Synthetische hoofdlocatie 018";"19-05-2026, 17:45:07";"19-05-2026, 18:51:07";"VEEL_MEDEWERKERS_CLIENT; VEEL_TEAMS_CLIENT; LATE_ACTIVATIE";"";"66"
"1255";"Midden";"Synthetische medewerker 214";"SYN-M-0214";"Synthetisch team Oost";"Nachtdienst";"Ondersteuning tijdens avond- of nachtdienst";"Cliënt";"Synthetische cliënt 0454";"SYN-C-00454";"Synthetische hoofdlocatie 005";"19-05-2026, 17:54:34";"19-05-2026, 19:19:34";"VEEL_MEDEWERKERS_CLIENT; VEEL_TEAMS_CLIENT; LATE_ACTIVATIE";"";"85"
"89";"Midden";"Synthetische medewerker 053";"SYN-M-0053";"Synthetisch team Noord";"Begeleiding";"Synthetische reden voor geautomatiseerde layoutcontrole";"Cliënt";"Synthetische cliënt 0277";"SYN-C-00277";"Synthetische hoofdlocatie 003";"19-05-2026, 18:22:37";"19-05-2026, 20:04:37";"VEEL_MEDEWERKERS_CLIENT; VEEL_TEAMS_CLIENT; LATE_ACTIVATIE";"";"102"
"490";"Midden";"Synthetische medewerker 130";"SYN-M-0130";"Synthetisch team Oost";"Nachtdienst";"Acute ondersteuning buiten het vaste team";"Cliënt";"Synthetische cliënt 0142";"SYN-C-00142";"Synthetische hoofdlocatie 018";"19-05-2026, 18:29:57";"19-05-2026, 19:40:57";"VEEL_MEDEWERKERS_CLIENT; VEEL_TEAMS_CLIENT; LATE_ACTIVATIE";"";"71"
"1884";"Midden";"Synthetische medewerker 225";"SYN-M-0225";"Synthetisch team Noord";"Begeleiding";"Controle na overdracht van zorg";"Cliënt";"Synthetische cliënt 0016";"SYN-C-00016";"Synthetische hoofdlocatie 017";"20-05-2026, 06:03:12";"20-05-2026, 07:30:12";"VEEL_MEDEWERKERS_CLIENT; VEEL_TEAMS_CLIENT; LATE_ACTIVATIE";"";"87"
"845";"Midden";"Synthetische medewerker 168";"SYN-M-0168";"Synthetisch testteam met lange naam";"Verpleegkundige testfunctie";"Ondersteuning tijdens avond- of nachtdienst";"Cliënt";"Synthetische cliënt 0454";"SYN-C-00454";"Synthetische hoofdlocatie 005";"20-05-2026, 07:01:30";"Niet geactiveerd";"NIET_GEACTIVEERD; VEEL_MEDEWERKERS_CLIENT; VEEL_TEAMS_CLIENT";"";""
"1855";"Midden";"Synthetische medewerker 240";"SYN-M-0240";"Synthetisch testteam met lange naam";"Verpleegkundige testfunctie";"Ondersteuning tijdens avond- of nachtdienst";"Cliënt";"Synthetische cliënt 0397";"SYN-C-00397";"Synthetische hoofdlocatie 023";"20-05-2026, 07:06:59";"20-05-2026, 08:32:59";"VEEL_MEDEWERKERS_CLIENT; VEEL_TEAMS_CLIENT; LATE_ACTIVATIE";"";"86"
"320";"Midden";"Synthetische medewerker 112";"SYN-M-0112";"Synthetisch testteam met lange naam";"Verpleegkundige testfunctie";"Voorbereiding van een geplande synthetische handeling";"Cliënt";"Synthetische cliënt 0277";"SYN-C-00277";"Synthetische hoofdlocatie 003";"20-05-2026, 08:28:13";"Niet geactiveerd";"NIET_GEACTIVEERD; VEEL_MEDEWERKERS_CLIENT; VEEL_TEAMS_CLIENT";"";""
"1230";"Midden";"Synthetische medewerker 073";"SYN-M-0073";"Synthetisch team Noord";"Begeleiding";"Ondersteuning tijdens avond- of nachtdienst";"Cliënt";"Synthetische cliënt 0208";"SYN-C-00208";"Synthetische hoofdlocatie 009";"20-05-2026, 09:13:10";"20-05-2026, 10:26:10";"VEEL_MEDEWERKERS_CLIENT; VEEL_TEAMS_CLIENT; LATE_ACTIVATIE";"";"73"
"573";"Midden";"Synthetische medewerker 048";"SYN-M-0048";"Synthetisch testteam met lange naam";"Verpleegkundige testfunctie";"Acute ondersteuning buiten het vaste team";"Cliënt";"Synthetische cliënt 0308";"SYN-C-00308";"Synthetische hoofdlocatie 009";"20-05-2026, 10:12:06";"20-05-2026, 11:59:06";"VEEL_MEDEWERKERS_CLIENT; VEEL_TEAMS_CLIENT; LATE_ACTIVATIE";"";"107"
"876";"Midden";"Synthetische medewerker 106";"SYN-M-0106";"Synthetisch team Oost";"Nachtdienst";"Acute ondersteuning buiten het vaste team";"Cliënt";"Synthetische cliënt 0286";"SYN-C-00286";"Synthetische hoofdlocatie 012";"20-05-2026, 12:40:39";"20-05-2026, 13:00:39";"VEEL_MEDEWERKERS_CLIENT; VEEL_TEAMS_CLIENT; LATE_ACTIVATIE";"";"20"
"1877";"Midden";"Synthetische medewerker 142";"SYN-M-0142";"Synthetisch team Oost";"Nachtdienst";"Ondersteuning tijdens avond- of nachtdienst";"Cliënt";"Synthetische cliënt 0485";"SYN-C-00485";"Synthetische hoofdlocatie 011";"20-05-2026, 14:12:11";"20-05-2026, 16:12:11";"VEEL_MEDEWERKERS_CLIENT; VEEL_TEAMS_CLIENT; LATE_ACTIVATIE";"";"120"
"840";"Midden";"Synthetische medewerker 128";"SYN-M-0128";"Synthetisch testteam met lange naam";"Verpleegkundige testfunctie";"Ondersteuning tijdens avond- of nachtdienst";"Cliënt";"Synthetische cliënt 0357";"SYN-C-00357";"Synthetische hoofdlocatie 008";"20-05-2026, 15:59:04";"20-05-2026, 17:32:04";"VEEL_MEDEWERKERS_CLIENT; VEEL_TEAMS_CLIENT; LATE_ACTIVATIE";"";"93"
"1858";"Midden";"Synthetische medewerker 170";"SYN-M-0170";"Synthetisch team Oost";"Nachtdienst";"Voorbereiding van een geplande synthetische handeling";"Cliënt";"Synthetische cliënt 0435";"SYN-C-00435";"Synthetische hoofdlocatie 011";"20-05-2026, 18:29:48";"Niet geactiveerd";"NIET_GEACTIVEERD; VEEL_MEDEWERKERS_CLIENT; VEEL_TEAMS_CLIENT";"";""
"1574";"Midden";"Synthetische medewerker 237";"SYN-M-0237";"Synthetisch team Noord";"Begeleiding";"Controle na overdracht van zorg";"Cliënt";"Synthetische cliënt 0301";"SYN-C-00301";"Synthetische hoofdlocatie 002";"20-05-2026, 18:40:29";"20-05-2026, 19:41:29";"VEEL_MEDEWERKERS_CLIENT; VEEL_TEAMS_CLIENT; LATE_ACTIVATIE";"";"61"
"1547";"Midden";"Synthetische medewerker 150";"SYN-M-0150";"Synthetisch team Oost";"Nachtdienst";"Controle na overdracht van zorg";"Cliënt";"Synthetische cliënt 0234";"SYN-C-00234";"Synthetische hoofdlocatie 010";"20-05-2026, 19:15:11";"20-05-2026, 21:15:11";"VEEL_MEDEWERKERS_CLIENT; VEEL_TEAMS_CLIENT; LATE_ACTIVATIE";"";"120"
"1777";"Midden";"Synthetische medewerker 014";"SYN-M-0014";"Synthetisch team Oost";"Nachtdienst";"Acute ondersteuning buiten het vaste team";"Cliënt";"Synthetische cliënt 0075";"SYN-C-00075";"Synthetische hoofdlocatie 001";"20-05-2026, 19:48:26";"20-05-2026, 21:14:26";"VEEL_MEDEWERKERS_CLIENT; VEEL_TEAMS_CLIENT; LATE_ACTIVATIE";"";"86"
"1500";"Midden";"Synthetische medewerker 004";"SYN-M-0004";"Synthetisch testteam met lange naam";"Verpleegkundige testfunctie";"Tijdelijke vervanging binnen het testrooster";"Cliënt";"Synthetische cliënt 0277";"SYN-C-00277";"Synthetische hoofdlocatie 003";"20-05-2026, 20:32:17";"20-05-2026, 22:03:17";"VEEL_MEDEWERKERS_CLIENT; VEEL_TEAMS_CLIENT; LATE_ACTIVATIE";"";"91"
"902";"Midden";"Synthetische medewerker 221";"SYN-M-0221";"Synthetisch team Noord";"Begeleiding";"Ondersteuning tijdens avond- of nachtdienst";"Cliënt";"Synthetische cliënt 0109";"SYN-C-00109";"Synthetische hoofdlocatie 010";"21-05-2026, 07:11:32";"21-05-2026, 07:28:32";"VEEL_MEDEWERKERS_CLIENT; VEEL_TEAMS_CLIENT; LATE_ACTIVATIE";"";"17"
"1861";"Midden";"Synthetische medewerker 002";"SYN-M-0002";"Synthetisch team Oost";"Nachtdienst";"Controle na overdracht van zorg";"Cliënt";"Synthetische cliënt 0461";"SYN-C-00461";"Synthetische hoofdlocatie 012";"21-05-2026, 10:18:42";"21-05-2026, 10:06:42";"VEEL_MEDEWERKERS_CLIENT; VEEL_TEAMS_CLIENT; ONGELDIGE_ACTIVATIE";"";"-12"
"1297";"Midden";"Synthetische medewerker 022";"SYN-M-0022";"Synthetisch team Oost";"Nachtdienst";"Controle na overdracht van zorg";"Cliënt";"Synthetische cliënt 0376";"SYN-C-00376";"Synthetische hoofdlocatie 002";"21-05-2026, 11:31:32";"21-05-2026, 12:55:32";"VEEL_MEDEWERKERS_CLIENT; VEEL_TEAMS_CLIENT; LATE_ACTIVATIE";"";"84"
"914";"Midden";"Synthetische medewerker 113";"SYN-M-0113";"Synthetisch team Noord";"Begeleiding";"Ondersteuning tijdens avond- of nachtdienst";"Cliënt";"Synthetische cliënt 0174";"SYN-C-00174";"Synthetische hoofdlocatie 025";"21-05-2026, 11:58:14";"21-05-2026, 12:08:14";"VEEL_MEDEWERKERS_CLIENT; VEEL_TEAMS_CLIENT; LATE_ACTIVATIE";"";"10"
"578";"Midden";"Synthetische medewerker 206";"SYN-M-0206";"Synthetisch team Oost";"Nachtdienst";"Controle na overdracht van zorg";"Cliënt";"Synthetische cliënt 0234";"SYN-C-00234";"Synthetische hoofdlocatie 010";"21-05-2026, 15:58:17";"21-05-2026, 16:18:17";"VEEL_MEDEWERKERS_CLIENT; VEEL_TEAMS_CLIENT; LATE_ACTIVATIE";"";"20"
"186";"Midden";"Synthetische medewerker 072";"SYN-M-0072";"Synthetisch testteam met lange naam";"Verpleegkundige testfunctie";"Synthetische reden voor geautomatiseerde layoutcontrole";"Cliënt";"Synthetische cliënt 0174";"SYN-C-00174";"Synthetische hoofdlocatie 025";"21-05-2026, 18:42:21";"Niet geactiveerd";"NIET_GEACTIVEERD; VEEL_MEDEWERKERS_CLIENT; VEEL_TEAMS_CLIENT";"";""
"561";"Midden";"Synthetische medewerker 214";"SYN-M-0214";"Synthetisch team Oost";"Nachtdienst";"Tijdelijke vervanging binnen het testrooster";"Cliënt";"Synthetische cliënt 0218";"SYN-C-00218";"Synthetische hoofdlocatie 019";"21-05-2026, 18:45:30";"Niet geactiveerd";"NIET_GEACTIVEERD; VEEL_MEDEWERKERS_CLIENT; VEEL_TEAMS_CLIENT";"";""
"1288";"Midden";"Synthetische medewerker 166";"SYN-M-0166";"Synthetisch team Oost";"Nachtdienst";"Ondersteuning tijdens avond- of nachtdienst";"Cliënt";"Synthetische cliënt 0253";"SYN-C-00253";"Synthetische hoofdlocatie 004";"21-05-2026, 21:31:47";"21-05-2026, 21:42:47";"VEEL_MEDEWERKERS_CLIENT; VEEL_TEAMS_CLIENT; LATE_ACTIVATIE";"";"11"
"1631";"Midden";"Synthetische medewerker 115";"SYN-M-0115";"Synthetisch team West";"Synthetische deskundigheid";"Ondersteuning tijdens avond- of nachtdienst";"Cliënt";"Synthetische cliënt 0244";"SYN-C-00244";"Synthetische hoofdlocatie 020";"21-05-2026, 22:11:07";"21-05-2026, 22:16:07";"VEEL_MEDEWERKERS_CLIENT; VEEL_TEAMS_CLIENT; LATE_ACTIVATIE";"";"5"
"882";"Midden";"Synthetische medewerker 185";"SYN-M-0185";"Synthetisch team Noord";"Begeleiding";"Controle na overdracht van zorg";"Cliënt";"Synthetische cliënt 0287";"SYN-C-00287";"Synthetische hoofdlocatie 013";"22-05-2026, 08:14:43";"Niet geactiveerd";"NIET_GEACTIVEERD; VEEL_MEDEWERKERS_CLIENT; VEEL_TEAMS_CLIENT";"";""
"994";"Midden";"Synthetische medewerker 117";"SYN-M-0117";"Synthetisch team Noord";"Begeleiding";"Tijdelijke vervanging binnen het testrooster";"Cliënt";"Synthetische cliënt 0414";"SYN-C-00414";"Synthetische hoofdlocatie 015";"22-05-2026, 08:15:26";"22-05-2026, 08:34:26";"VEEL_MEDEWERKERS_CLIENT; VEEL_TEAMS_CLIENT; LATE_ACTIVATIE";"";"19"
"514";"Midden";"Synthetische medewerker 193";"SYN-M-0193";"Synthetisch team Noord";"Begeleiding";"Voorbereiding van een geplande synthetische handeling";"Cliënt";"Synthetische cliënt 0320";"SYN-C-00320";"Synthetische hoofdlocatie 021";"22-05-2026, 10:53:38";"22-05-2026, 12:37:38";"VEEL_MEDEWERKERS_CLIENT; VEEL_TEAMS_CLIENT; LATE_ACTIVATIE";"";"104"
"18";"Midden";"Synthetische medewerker 021";"SYN-M-0021";"Synthetisch team Noord";"Begeleiding";"Ondersteuning tijdens avond- of nachtdienst";"Cliënt";"Synthetische cliënt 0239";"SYN-C-00239";"Synthetische hoofdlocatie 015";"22-05-2026, 11:04:19";"22-05-2026, 11:35:19";"VEEL_MEDEWERKERS_CLIENT; VEEL_TEAMS_CLIENT; LATE_ACTIVATIE";"";"31"
"1290";"Midden";"Synthetische medewerker 113";"SYN-M-0113";"Synthetisch team Noord";"Begeleiding";"Ondersteuning tijdens avond- of nachtdienst";"Cliënt";"Synthetische cliënt 0584";"SYN-C-00584";"Synthetische hoofdlocatie 010";"22-05-2026, 11:26:39";"22-05-2026, 12:43:39";"VEEL_MEDEWERKERS_CLIENT; VEEL_TEAMS_CLIENT; LATE_ACTIVATIE";"";"77"
"922";"Midden";"Synthetische medewerker 160";"SYN-M-0160";"Synthetisch testteam met lange naam";"Verpleegkundige testfunctie";"Voorbereiding van een geplande synthetische handeling";"Cliënt";"Synthetische cliënt 0118";"SYN-C-00118";"Synthetische hoofdlocatie 019";"22-05-2026, 15:02:45";"22-05-2026, 16:40:45";"VEEL_MEDEWERKERS_CLIENT; VEEL_TEAMS_CLIENT; LATE_ACTIVATIE";"";"98"
"1357";"Midden";"Synthetische medewerker 095";"SYN-M-0095";"Synthetisch team West";"Synthetische deskundigheid";"Voorbereiding van een geplande synthetische handeling";"Cliënt";"Synthetische cliënt 0376";"SYN-C-00376";"Synthetische hoofdlocatie 002";"22-05-2026, 15:25:06";"22-05-2026, 16:24:06";"VEEL_MEDEWERKERS_CLIENT; VEEL_TEAMS_CLIENT; LATE_ACTIVATIE";"";"59"
"136";"Midden";"Synthetische medewerker 246";"SYN-M-0246";"Synthetisch team Oost";"Nachtdienst";"Controle na overdracht van zorg";"Cliënt";"Synthetische cliënt 0361";"SYN-C-00361";"Synthetische hoofdlocatie 012";"22-05-2026, 16:35:31";"22-05-2026, 16:42:31";"VEEL_MEDEWERKERS_CLIENT; VEEL_TEAMS_CLIENT; LATE_ACTIVATIE";"";"7"
"590";"Midden";"Synthetische medewerker 032";"SYN-M-0032";"Synthetisch testteam met lange naam";"Verpleegkundige testfunctie";"Controle na overdracht van zorg";"Cliënt";"Synthetische cliënt 0123";"SYN-C-00123";"Synthetische hoofdlocatie 024";"22-05-2026, 17:16:41";"22-05-2026, 17:25:41";"VEEL_MEDEWERKERS_CLIENT; VEEL_TEAMS_CLIENT; LATE_ACTIVATIE";"";"9"
"560";"Midden";"Synthetische medewerker 184";"SYN-M-0184";"Synthetisch testteam met lange naam";"Verpleegkundige testfunctie";"Tijdelijke vervanging binnen het testrooster";"Cliënt";"Synthetische cliënt 0361";"SYN-C-00361";"Synthetische hoofdlocatie 012";"22-05-2026, 17:30:21";"22-05-2026, 17:34:21";"VEEL_MEDEWERKERS_CLIENT; VEEL_TEAMS_CLIENT; LATE_ACTIVATIE";"";"4"
"1541";"Midden";"Synthetische medewerker 074";"SYN-M-0074";"Synthetisch team Oost";"Nachtdienst";"Controle na overdracht van zorg";"Cliënt";"Synthetische cliënt 0197";"SYN-C-00197";"Synthetische hoofdlocatie 023";"22-05-2026, 18:01:43";"Niet geactiveerd";"NIET_GEACTIVEERD; VEEL_MEDEWERKERS_CLIENT; VEEL_TEAMS_CLIENT";"";""
"341";"Midden";"Synthetische medewerker 227";"SYN-M-0227";"Synthetisch team West";"Synthetische deskundigheid";"Voorbereiding van een geplande synthetische handeling";"Cliënt";"Synthetische cliënt 0118";"SYN-C-00118";"Synthetische hoofdlocatie 019";"22-05-2026, 19:08:48";"22-05-2026, 20:56:48";"VEEL_MEDEWERKERS_CLIENT; VEEL_TEAMS_CLIENT; LATE_ACTIVATIE";"";"108"
"144";"Midden";"Synthetische medewerker 123";"SYN-M-0123";"Synthetisch team West";"Synthetische deskundigheid";"Ondersteuning tijdens avond- of nachtdienst";"Cliënt";"Synthetische cliënt 0534";"SYN-C-00534";"Synthetische hoofdlocatie 010";"22-05-2026, 20:07:22";"22-05-2026, 21:36:22";"VEEL_MEDEWERKERS_CLIENT; VEEL_TEAMS_CLIENT; LATE_ACTIVATIE";"";"89"
"106";"Midden";"Synthetische medewerker 202";"SYN-M-0202";"Synthetisch team Oost";"Nachtdienst";"Acute ondersteuning buiten het vaste team";"Cliënt";"Synthetische cliënt 0302";"SYN-C-00302";"Synthetische hoofdlocatie 003";"22-05-2026, 20:46:28";"Niet geactiveerd";"NIET_GEACTIVEERD; VEEL_MEDEWERKERS_CLIENT; VEEL_TEAMS_CLIENT";"";""
"643";"Midden";"Synthetische medewerker 129";"SYN-M-0129";"Synthetisch team Noord";"Begeleiding";"Controle na overdracht van zorg";"Cliënt";"Synthetische cliënt 0297";"SYN-C-00297";"Synthetische hoofdlocatie 023";"22-05-2026, 21:58:37";"22-05-2026, 23:21:37";"VEEL_MEDEWERKERS_CLIENT; VEEL_TEAMS_CLIENT; LATE_ACTIVATIE";"";"83"
"1378";"Midden";"Synthetische medewerker 029";"SYN-M-0029";"Synthetisch team Noord";"Begeleiding";"Ondersteuning tijdens avond- of nachtdienst";"Cliënt";"Synthetische cliënt 0390";"SYN-C-00390";"Synthetische hoofdlocatie 016";"22-05-2026, 22:35:35";"Niet geactiveerd";"NIET_GEACTIVEERD; VEEL_MEDEWERKERS_CLIENT; VEEL_TEAMS_CLIENT";"";""
"1286";"Midden";"Synthetische medewerker 149";"SYN-M-0149";"Synthetisch team Noord";"Begeleiding";"Acute ondersteuning buiten het vaste team";"Cliënt";"Synthetische cliënt 0213";"SYN-C-00213";"Synthetische hoofdlocatie 014";"22-05-2026, 22:55:41";"22-05-2026, 23:07:41";"VEEL_MEDEWERKERS_CLIENT; VEEL_TEAMS_CLIENT; LATE_ACTIVATIE";"";"12"
"1748";"Midden";"Synthetische medewerker 026";"SYN-M-0026";"Synthetisch team Oost";"Nachtdienst";"Controle na overdracht van zorg";"Cliënt";"Synthetische cliënt 0042";"SYN-C-00042";"Synthetische hoofdlocatie 018";"22-05-2026, 22:58:42";"22-05-2026, 23:49:42";"VEEL_MEDEWERKERS_CLIENT; VEEL_TEAMS_CLIENT; LATE_ACTIVATIE";"";"51"
"1200";"Midden";"Synthetische medewerker 168";"SYN-M-0168";"Synthetisch testteam met lange naam";"Verpleegkundige testfunctie";"Ondersteuning tijdens avond- of nachtdienst";"Cliënt";"Synthetische cliënt 0388";"SYN-C-00388";"Synthetische hoofdlocatie 014";"23-05-2026, 07:50:15";"23-05-2026, 08:25:15";"VEEL_MEDEWERKERS_CLIENT; VEEL_TEAMS_CLIENT; LATE_ACTIVATIE";"";"35"
"1183";"Midden";"Synthetische medewerker 084";"SYN-M-0084";"Synthetisch testteam met lange naam";"Verpleegkundige testfunctie";"Acute ondersteuning buiten het vaste team";"Cliënt";"Synthetische cliënt 0523";"SYN-C-00523";"Synthetische hoofdlocatie 024";"23-05-2026, 08:16:40";"23-05-2026, 09:46:40";"VEEL_MEDEWERKERS_CLIENT; VEEL_TEAMS_CLIENT; LATE_ACTIVATIE";"";"90"
"1335";"Midden";"Synthetische medewerker 012";"SYN-M-0012";"Synthetisch testteam met lange naam";"Verpleegkundige testfunctie";"Ondersteuning tijdens avond- of nachtdienst";"Cliënt";"Synthetische cliënt 0485";"SYN-C-00485";"Synthetische hoofdlocatie 011";"23-05-2026, 09:39:59";"Niet geactiveerd";"NIET_GEACTIVEERD; VEEL_MEDEWERKERS_CLIENT; VEEL_TEAMS_CLIENT";"";""
"899";"Midden";"Synthetische medewerker 063";"SYN-M-0063";"Synthetisch team West";"Synthetische deskundigheid";"Tijdelijke vervanging binnen het testrooster";"Cliënt";"Synthetische cliënt 0032";"SYN-C-00032";"Synthetische hoofdlocatie 008";"23-05-2026, 10:20:39";"23-05-2026, 11:59:39";"VEEL_MEDEWERKERS_CLIENT; VEEL_TEAMS_CLIENT; LATE_ACTIVATIE";"";"99"
"1555";"Midden";"Synthetische medewerker 067";"SYN-M-0067";"Synthetisch team West";"Synthetische deskundigheid";"Voorbereiding van een geplande synthetische handeling";"Cliënt";"Synthetische cliënt 0436";"SYN-C-00436";"Synthetische hoofdlocatie 012";"23-05-2026, 13:00:50";"23-05-2026, 14:24:50";"VEEL_MEDEWERKERS_CLIENT; VEEL_TEAMS_CLIENT; LATE_ACTIVATIE";"";"84"
"1847";"Midden";"Synthetische medewerker 066";"SYN-M-0066";"Synthetisch team Oost";"Nachtdienst";"Synthetische reden voor geautomatiseerde layoutcontrole";"Cliënt";"Synthetische cliënt 0290";"SYN-C-00290";"Synthetische hoofdlocatie 016";"23-05-2026, 13:04:32";"23-05-2026, 14:59:32";"VEEL_MEDEWERKERS_CLIENT; VEEL_TEAMS_CLIENT; LATE_ACTIVATIE";"";"115"
"1804";"Midden";"Synthetische medewerker 102";"SYN-M-0102";"Synthetisch team Oost";"Nachtdienst";"Controle na overdracht van zorg";"Cliënt";"Synthetische cliënt 0208";"SYN-C-00208";"Synthetische hoofdlocatie 009";"23-05-2026, 13:48:41";"23-05-2026, 15:03:41";"VEEL_MEDEWERKERS_CLIENT; VEEL_TEAMS_CLIENT; LATE_ACTIVATIE";"";"75"
"1756";"Midden";"Synthetische medewerker 182";"SYN-M-0182";"Synthetisch team Oost";"Nachtdienst";"Tijdelijke vervanging binnen het testrooster";"Cliënt";"Synthetische cliënt 0040";"SYN-C-00040";"Synthetische hoofdlocatie 016";"23-05-2026, 15:17:47";"23-05-2026, 15:56:47";"VEEL_MEDEWERKERS_CLIENT; VEEL_TEAMS_CLIENT; LATE_ACTIVATIE";"";"39"
"17";"Midden";"Synthetische medewerker 135";"SYN-M-0135";"Synthetisch team West";"Synthetische deskundigheid";"Ondersteuning tijdens avond- of nachtdienst";"Cliënt";"Synthetische cliënt 0262";"SYN-C-00262";"Synthetische hoofdlocatie 013";"23-05-2026, 15:18:43";"23-05-2026, 16:24:43";"VEEL_MEDEWERKERS_CLIENT; VEEL_TEAMS_CLIENT; LATE_ACTIVATIE";"";"66"
"1177";"Midden";"Synthetische medewerker 112";"SYN-M-0112";"Synthetisch testteam met lange naam";"Verpleegkundige testfunctie";"Acute ondersteuning buiten het vaste team";"Cliënt";"Synthetische cliënt 0534";"SYN-C-00534";"Synthetische hoofdlocatie 010";"23-05-2026, 17:08:11";"23-05-2026, 18:06:11";"VEEL_MEDEWERKERS_CLIENT; VEEL_TEAMS_CLIENT; LATE_ACTIVATIE";"";"58"
"1689";"Midden";"Synthetische medewerker 121";"SYN-M-0121";"Synthetisch team Noord";"Begeleiding";"Ondersteuning tijdens avond- of nachtdienst";"Cliënt";"Synthetische cliënt 0426";"SYN-C-00426";"Synthetische hoofdlocatie 002";"23-05-2026, 19:59:20";"23-05-2026, 21:21:20";"VEEL_MEDEWERKERS_CLIENT; VEEL_TEAMS_CLIENT; LATE_ACTIVATIE";"";"82"
"1187";"Midden";"Synthetische medewerker 229";"SYN-M-0229";"Synthetisch team Noord";"Begeleiding";"Voorbereiding van een geplande synthetische handeling";"Cliënt";"Synthetische cliënt 0435";"SYN-C-00435";"Synthetische hoofdlocatie 011";"23-05-2026, 20:48:51";"23-05-2026, 21:31:51";"VEEL_MEDEWERKERS_CLIENT; VEEL_TEAMS_CLIENT; LATE_ACTIVATIE";"";"43"
"25";"Midden";"Synthetische medewerker 145";"SYN-M-0145";"Synthetisch team Noord";"Begeleiding";"Synthetische reden voor geautomatiseerde layoutcontrole";"Cliënt";"Synthetische cliënt 0514";"SYN-C-00514";"Synthetische hoofdlocatie 015";"23-05-2026, 22:33:49";"23-05-2026, 23:28:49";"VEEL_MEDEWERKERS_CLIENT; VEEL_TEAMS_CLIENT; LATE_ACTIVATIE";"";"55"
"143";"Midden";"Synthetische medewerker 172";"SYN-M-0172";"Synthetisch testteam met lange naam";"Verpleegkundige testfunctie";"Ondersteuning tijdens avond- of nachtdienst";"Cliënt";"Synthetische cliënt 0286";"SYN-C-00286";"Synthetische hoofdlocatie 012";"24-05-2026, 06:15:51";"24-05-2026, 07:10:51";"VEEL_MEDEWERKERS_CLIENT; VEEL_TEAMS_CLIENT; LATE_ACTIVATIE";"";"55"
"216";"Midden";"Synthetische medewerker 043";"SYN-M-0043";"Synthetisch team West";"Synthetische deskundigheid";"Voorbereiding van een geplande synthetische handeling";"Cliënt";"Synthetische cliënt 0396";"SYN-C-00396";"Synthetische hoofdlocatie 022";"24-05-2026, 06:42:28";"24-05-2026, 08:29:28";"VEEL_MEDEWERKERS_CLIENT; VEEL_TEAMS_CLIENT; LATE_ACTIVATIE";"";"107"
"1132";"Midden";"Synthetische medewerker 024";"SYN-M-0024";"Synthetisch testteam met lange naam";"Verpleegkundige testfunctie";"Ondersteuning tijdens avond- of nachtdienst";"Cliënt";"Synthetische cliënt 0239";"SYN-C-00239";"Synthetische hoofdlocatie 015";"24-05-2026, 08:04:31";"24-05-2026, 08:49:31";"VEEL_MEDEWERKERS_CLIENT; VEEL_TEAMS_CLIENT; LATE_ACTIVATIE";"";"45"
"300";"Midden";"Synthetische medewerker 012";"SYN-M-0012";"Synthetisch testteam met lange naam";"Verpleegkundige testfunctie";"Tijdelijke vervanging binnen het testrooster";"Cliënt";"Synthetische cliënt 0459";"SYN-C-00459";"Synthetische hoofdlocatie 010";"24-05-2026, 09:26:34";"24-05-2026, 09:51:34";"VEEL_MEDEWERKERS_CLIENT; VEEL_TEAMS_CLIENT; LATE_ACTIVATIE";"";"25"
"1988";"Midden";"Synthetische medewerker 138";"SYN-M-0138";"Synthetisch team Oost";"Nachtdienst";"Acute ondersteuning buiten het vaste team";"Cliënt";"Synthetische cliënt 0305";"SYN-C-00305";"Synthetische hoofdlocatie 006";"24-05-2026, 09:58:24";"24-05-2026, 10:21:24";"VEEL_MEDEWERKERS_CLIENT; VEEL_TEAMS_CLIENT; LATE_ACTIVATIE";"";"23"
"1591";"Midden";"Synthetische medewerker 059";"SYN-M-0059";"Synthetisch team West";"Synthetische deskundigheid";"Ondersteuning tijdens avond- of nachtdienst";"Cliënt";"Synthetische cliënt 0414";"SYN-C-00414";"Synthetische hoofdlocatie 015";"24-05-2026, 11:09:53";"24-05-2026, 12:47:53";"VEEL_MEDEWERKERS_CLIENT; VEEL_TEAMS_CLIENT; LATE_ACTIVATIE";"";"98"
"1830";"Midden";"Synthetische medewerker 132";"SYN-M-0132";"Synthetisch testteam met lange naam";"Verpleegkundige testfunctie";"Synthetische reden voor geautomatiseerde layoutcontrole";"Cliënt";"Synthetische cliënt 0375";"SYN-C-00375";"Synthetische hoofdlocatie 001";"24-05-2026, 11:16:47";"24-05-2026, 12:28:47";"VEEL_MEDEWERKERS_CLIENT; VEEL_TEAMS_CLIENT; LATE_ACTIVATIE";"";"72"
"1269";"Midden";"Synthetische medewerker 249";"SYN-M-0249";"Synthetisch team Noord";"Begeleiding";"Tijdelijke vervanging binnen het testrooster";"Cliënt";"Synthetische cliënt 0452";"SYN-C-00452";"Synthetische hoofdlocatie 003";"24-05-2026, 11:57:53";"24-05-2026, 12:47:53";"VEEL_MEDEWERKERS_CLIENT; VEEL_TEAMS_CLIENT; LATE_ACTIVATIE";"";"50"
"98";"Midden";"Synthetische medewerker 070";"SYN-M-0070";"Synthetisch team Oost";"Nachtdienst";"Controle na overdracht van zorg";"Cliënt";"Synthetische cliënt 0070";"SYN-C-00070";"Synthetische hoofdlocatie 021";"24-05-2026, 13:10:57";"24-05-2026, 13:23:57";"VEEL_MEDEWERKERS_CLIENT; VEEL_TEAMS_CLIENT; LATE_ACTIVATIE";"";"13"
"1095";"Midden";"Synthetische medewerker 215";"SYN-M-0215";"Synthetisch team West";"Synthetische deskundigheid";"Ondersteuning tijdens avond- of nachtdienst";"Cliënt";"Synthetische cliënt 0301";"SYN-C-00301";"Synthetische hoofdlocatie 002";"24-05-2026, 13:28:23";"24-05-2026, 15:25:23";"VEEL_MEDEWERKERS_CLIENT; VEEL_TEAMS_CLIENT; LATE_ACTIVATIE";"";"117"
"160";"Midden";"Synthetische medewerker 104";"SYN-M-0104";"Synthetisch testteam met lange naam";"Verpleegkundige testfunctie";"Ondersteuning tijdens avond- of nachtdienst";"Cliënt";"Synthetische cliënt 0376";"SYN-C-00376";"Synthetische hoofdlocatie 002";"24-05-2026, 14:27:46";"24-05-2026, 16:27:46";"VEEL_MEDEWERKERS_CLIENT; VEEL_TEAMS_CLIENT; LATE_ACTIVATIE";"";"120"
"1805";"Midden";"Synthetische medewerker 183";"SYN-M-0183";"Synthetisch team West";"Synthetische deskundigheid";"Voorbereiding van een geplande synthetische handeling";"Cliënt";"Synthetische cliënt 0568";"SYN-C-00568";"Synthetische hoofdlocatie 019";"24-05-2026, 16:04:44";"24-05-2026, 17:14:44";"VEEL_MEDEWERKERS_CLIENT; VEEL_TEAMS_CLIENT; LATE_ACTIVATIE";"";"70"
"177";"Midden";"Synthetische medewerker 132";"SYN-M-0132";"Synthetisch testteam met lange naam";"Verpleegkundige testfunctie";"Synthetische reden voor geautomatiseerde layoutcontrole";"Cliënt";"Synthetische cliënt 0394";"SYN-C-00394";"Synthetische hoofdlocatie 020";"24-05-2026, 18:34:48";"24-05-2026, 19:53:48";"VEEL_MEDEWERKERS_CLIENT; VEEL_TEAMS_CLIENT; LATE_ACTIVATIE";"";"79"
"1637";"Midden";"Synthetische medewerker 187";"SYN-M-0187";"Synthetisch team West";"Synthetische deskundigheid";"Voorbereiding van een geplande synthetische handeling";"Cliënt";"Synthetische cliënt 0291";"SYN-C-00291";"Synthetische hoofdlocatie 017";"24-05-2026, 18:34:58";"24-05-2026, 20:21:58";"VEEL_MEDEWERKERS_CLIENT; VEEL_TEAMS_CLIENT; LATE_ACTIVATIE";"";"107"
"357";"Midden";"Synthetische medewerker 181";"SYN-M-0181";"Synthetisch team Noord";"Begeleiding";"Tijdelijke vervanging binnen het testrooster";"Cliënt";"Synthetische cliënt 0592";"SYN-C-00592";"Synthetische hoofdlocatie 018";"24-05-2026, 18:42:43";"Niet geactiveerd";"NIET_GEACTIVEERD; VEEL_MEDEWERKERS_CLIENT; VEEL_TEAMS_CLIENT";"";""
"208";"Midden";"Synthetische medewerker 179";"SYN-M-0179";"Synthetisch team West";"Synthetische deskundigheid";"Tijdelijke vervanging binnen het testrooster";"Cliënt";"Synthetische cliënt 0466";"SYN-C-00466";"Synthetische hoofdlocatie 017";"24-05-2026, 20:32:01";"24-05-2026, 21:04:01";"VEEL_MEDEWERKERS_CLIENT; VEEL_TEAMS_CLIENT; LATE_ACTIVATIE";"";"32"
"937";"Midden";"Synthetische medewerker 179";"SYN-M-0179";"Synthetisch team West";"Synthetische deskundigheid";"Voorbereiding van een geplande synthetische handeling";"Cliënt";"Synthetische cliënt 0058";"SYN-C-00058";"Synthetische hoofdlocatie 009";"25-05-2026, 06:38:36";"25-05-2026, 08:04:36";"VEEL_MEDEWERKERS_CLIENT; VEEL_TEAMS_CLIENT; LATE_ACTIVATIE";"";"86"
"1588";"Midden";"Synthetische medewerker 002";"SYN-M-0002";"Synthetisch team Oost";"Nachtdienst";"Voorbereiding van een geplande synthetische handeling";"Cliënt";"Synthetische cliënt 0320";"SYN-C-00320";"Synthetische hoofdlocatie 021";"25-05-2026, 08:25:49";"25-05-2026, 08:06:49";"VEEL_MEDEWERKERS_CLIENT; VEEL_TEAMS_CLIENT; ONGELDIGE_ACTIVATIE";"";"-19"
"858";"Midden";"Synthetische medewerker 099";"SYN-M-0099";"Synthetisch team West";"Synthetische deskundigheid";"Ondersteuning tijdens avond- of nachtdienst";"Cliënt";"Synthetische cliënt 0443";"SYN-C-00443";"Synthetische hoofdlocatie 019";"25-05-2026, 11:50:10";"25-05-2026, 13:03:10";"VEEL_MEDEWERKERS_CLIENT; VEEL_TEAMS_CLIENT; LATE_ACTIVATIE";"";"73"
"126";"Midden";"Synthetische medewerker 181";"SYN-M-0181";"Synthetisch team Noord";"Begeleiding";"Acute ondersteuning buiten het vaste team";"Cliënt";"Synthetische cliënt 0111";"SYN-C-00111";"Synthetische hoofdlocatie 012";"25-05-2026, 13:19:09";"Niet geactiveerd";"NIET_GEACTIVEERD; VEEL_MEDEWERKERS_CLIENT; VEEL_TEAMS_CLIENT";"";""
"1217";"Midden";"Synthetische medewerker 145";"SYN-M-0145";"Synthetisch team Noord";"Begeleiding";"Tijdelijke vervanging binnen het testrooster";"Cliënt";"Synthetische cliënt 0382";"SYN-C-00382";"Synthetische hoofdlocatie 008";"25-05-2026, 14:15:34";"25-05-2026, 15:16:34";"VEEL_MEDEWERKERS_CLIENT; VEEL_TEAMS_CLIENT; LATE_ACTIVATIE";"";"61"
"1314";"Midden";"Synthetische medewerker 064";"SYN-M-0064";"Synthetisch testteam met lange naam";"Verpleegkundige testfunctie";"Acute ondersteuning buiten het vaste team";"Cliënt";"Synthetische cliënt 0234";"SYN-C-00234";"Synthetische hoofdlocatie 010";"25-05-2026, 20:45:03";"Niet geactiveerd";"NIET_GEACTIVEERD; VEEL_MEDEWERKERS_CLIENT; VEEL_TEAMS_CLIENT";"";""
"278";"Midden";"Synthetische medewerker 245";"SYN-M-0245";"Synthetisch team Noord";"Begeleiding";"Controle na overdracht van zorg";"Cliënt";"Synthetische cliënt 0517";"SYN-C-00517";"Synthetische hoofdlocatie 018";"25-05-2026, 21:26:54";"Niet geactiveerd";"NIET_GEACTIVEERD; VEEL_MEDEWERKERS_CLIENT; VEEL_TEAMS_CLIENT";"";""
"1565";"Midden";"Synthetische medewerker 222";"SYN-M-0222";"Synthetisch team Oost";"Nachtdienst";"Controle na overdracht van zorg";"Cliënt";"Synthetische cliënt 0174";"SYN-C-00174";"Synthetische hoofdlocatie 025";"25-05-2026, 22:45:28";"25-05-2026, 23:14:28";"VEEL_MEDEWERKERS_CLIENT; VEEL_TEAMS_CLIENT; LATE_ACTIVATIE";"";"29"
"1051";"Midden";"Synthetische medewerker 225";"SYN-M-0225";"Synthetisch team Noord";"Begeleiding";"Tijdelijke vervanging binnen het testrooster";"Cliënt";"Synthetische cliënt 0454";"SYN-C-00454";"Synthetische hoofdlocatie 005";"26-05-2026, 07:32:58";"26-05-2026, 09:00:58";"VEEL_MEDEWERKERS_CLIENT; VEEL_TEAMS_CLIENT; LATE_ACTIVATIE";"";"88"
"1196";"Midden";"Synthetische medewerker 055";"SYN-M-0055";"Synthetisch team West";"Synthetische deskundigheid";"Tijdelijke vervanging binnen het testrooster";"Cliënt";"Synthetische cliënt 0482";"SYN-C-00482";"Synthetische hoofdlocatie 008";"26-05-2026, 08:28:50";"26-05-2026, 10:10:50";"VEEL_MEDEWERKERS_CLIENT; VEEL_TEAMS_CLIENT; LATE_ACTIVATIE";"";"102"
"782";"Midden";"Synthetische medewerker 175";"SYN-M-0175";"Synthetisch team West";"Synthetische deskundigheid";"Synthetische reden voor geautomatiseerde layoutcontrole";"Cliënt";"Synthetische cliënt 0320";"SYN-C-00320";"Synthetische hoofdlocatie 021";"26-05-2026, 09:05:00";"26-05-2026, 09:41:00";"VEEL_MEDEWERKERS_CLIENT; VEEL_TEAMS_CLIENT; LATE_ACTIVATIE";"";"36"
"244";"Midden";"Synthetische medewerker 015";"SYN-M-0015";"Synthetisch team West";"Synthetische deskundigheid";"Tijdelijke vervanging binnen het testrooster";"Cliënt";"Synthetische cliënt 0307";"SYN-C-00307";"Synthetische hoofdlocatie 008";"26-05-2026, 11:19:58";"26-05-2026, 13:10:58";"VEEL_MEDEWERKERS_CLIENT; VEEL_TEAMS_CLIENT; LATE_ACTIVATIE";"";"111"
"1079";"Midden";"Synthetische medewerker 142";"SYN-M-0142";"Synthetisch team Oost";"Nachtdienst";"Synthetische reden voor geautomatiseerde layoutcontrole";"Cliënt";"Synthetische cliënt 0197";"SYN-C-00197";"Synthetische hoofdlocatie 023";"26-05-2026, 14:06:58";"26-05-2026, 15:29:58";"VEEL_MEDEWERKERS_CLIENT; VEEL_TEAMS_CLIENT; LATE_ACTIVATIE";"";"83"
"258";"Midden";"Synthetische medewerker 225";"SYN-M-0225";"Synthetisch team Noord";"Begeleiding";"Ondersteuning tijdens avond- of nachtdienst";"Cliënt";"Synthetische cliënt 0142";"SYN-C-00142";"Synthetische hoofdlocatie 018";"26-05-2026, 16:35:55";"26-05-2026, 18:32:55";"VEEL_MEDEWERKERS_CLIENT; VEEL_TEAMS_CLIENT; LATE_ACTIVATIE";"";"117"
"1882";"Midden";"Synthetische medewerker 127";"SYN-M-0127";"Synthetisch team West";"Synthetische deskundigheid";"Ondersteuning tijdens avond- of nachtdienst";"Cliënt";"Synthetische cliënt 0160";"SYN-C-00160";"Synthetische hoofdlocatie 011";"26-05-2026, 16:59:00";"26-05-2026, 18:51:00";"VEEL_MEDEWERKERS_CLIENT; VEEL_TEAMS_CLIENT; LATE_ACTIVATIE";"";"112"
"1121";"Midden";"Synthetische medewerker 026";"SYN-M-0026";"Synthetisch team Oost";"Nachtdienst";"Ondersteuning tijdens avond- of nachtdienst";"Cliënt";"Synthetische cliënt 0307";"SYN-C-00307";"Synthetische hoofdlocatie 008";"26-05-2026, 17:18:22";"26-05-2026, 18:16:22";"VEEL_MEDEWERKERS_CLIENT; VEEL_TEAMS_CLIENT; LATE_ACTIVATIE";"";"58"
"115";"Midden";"Synthetische medewerker 243";"SYN-M-0243";"Synthetisch team West";"Synthetische deskundigheid";"Synthetische reden voor geautomatiseerde layoutcontrole";"Cliënt";"Synthetische cliënt 0388";"SYN-C-00388";"Synthetische hoofdlocatie 014";"26-05-2026, 18:00:34";"Niet geactiveerd";"NIET_GEACTIVEERD; VEEL_MEDEWERKERS_CLIENT; VEEL_TEAMS_CLIENT";"";""
"817";"Midden";"Synthetische medewerker 015";"SYN-M-0015";"Synthetisch team West";"Synthetische deskundigheid";"Voorbereiding van een geplande synthetische handeling";"Cliënt";"Synthetische cliënt 0357";"SYN-C-00357";"Synthetische hoofdlocatie 008";"26-05-2026, 18:30:34";"Niet geactiveerd";"NIET_GEACTIVEERD; VEEL_MEDEWERKERS_CLIENT; VEEL_TEAMS_CLIENT";"";""
"101";"Midden";"Synthetische medewerker 051";"SYN-M-0051";"Synthetisch team West";"Synthetische deskundigheid";"Controle na overdracht van zorg";"Cliënt";"Synthetische cliënt 0376";"SYN-C-00376";"Synthetische hoofdlocatie 002";"26-05-2026, 19:01:30";"Niet geactiveerd";"NIET_GEACTIVEERD; VEEL_MEDEWERKERS_CLIENT; VEEL_TEAMS_CLIENT";"";""
"810";"Midden";"Synthetische medewerker 169";"SYN-M-0169";"Synthetisch team Noord";"Begeleiding";"Voorbereiding van een geplande synthetische handeling";"Cliënt";"Synthetische cliënt 0104";"SYN-C-00104";"Synthetische hoofdlocatie 005";"26-05-2026, 20:17:45";"Niet geactiveerd";"NIET_GEACTIVEERD; VEEL_MEDEWERKERS_CLIENT; VEEL_TEAMS_CLIENT";"";""
"298";"Midden";"Synthetische medewerker 076";"SYN-M-0076";"Synthetisch testteam met lange naam";"Verpleegkundige testfunctie";"Voorbereiding van een geplande synthetische handeling";"Cliënt";"Synthetische cliënt 0307";"SYN-C-00307";"Synthetische hoofdlocatie 008";"26-05-2026, 20:53:28";"26-05-2026, 22:35:28";"VEEL_MEDEWERKERS_CLIENT; VEEL_TEAMS_CLIENT; LATE_ACTIVATIE";"";"102"
"1641";"Midden";"Synthetische medewerker 219";"SYN-M-0219";"Synthetisch team West";"Synthetische deskundigheid";"Tijdelijke vervanging binnen het testrooster";"Cliënt";"Synthetische cliënt 0414";"SYN-C-00414";"Synthetische hoofdlocatie 015";"27-05-2026, 06:10:26";"27-05-2026, 07:36:26";"VEEL_MEDEWERKERS_CLIENT; VEEL_TEAMS_CLIENT; LATE_ACTIVATIE";"";"86"
"1763";"Midden";"Synthetische medewerker 125";"SYN-M-0125";"Synthetisch team Noord";"Begeleiding";"Acute ondersteuning buiten het vaste team";"Cliënt";"Synthetische cliënt 0397";"SYN-C-00397";"Synthetische hoofdlocatie 023";"27-05-2026, 07:13:56";"Niet geactiveerd";"NIET_GEACTIVEERD; VEEL_MEDEWERKERS_CLIENT; VEEL_TEAMS_CLIENT";"";""
"151";"Midden";"Synthetische medewerker 080";"SYN-M-0080";"Synthetisch testteam met lange naam";"Verpleegkundige testfunctie";"Controle na overdracht van zorg";"Cliënt";"Synthetische cliënt 0592";"SYN-C-00592";"Synthetische hoofdlocatie 018";"27-05-2026, 08:48:40";"27-05-2026, 10:47:40";"VEEL_MEDEWERKERS_CLIENT; VEEL_TEAMS_CLIENT; LATE_ACTIVATIE";"";"119"
"1125";"Midden";"Synthetische medewerker 037";"SYN-M-0037";"Synthetisch team Noord";"Begeleiding";"Tijdelijke vervanging binnen het testrooster";"Cliënt";"Synthetische cliënt 0371";"SYN-C-00371";"Synthetische hoofdlocatie 022";"27-05-2026, 09:38:36";"Niet geactiveerd";"NIET_GEACTIVEERD; VEEL_MEDEWERKERS_CLIENT; VEEL_TEAMS_CLIENT";"";""
"287";"Midden";"Synthetische medewerker 178";"SYN-M-0178";"Synthetisch team Oost";"Nachtdienst";"Synthetische reden voor geautomatiseerde layoutcontrole";"Cliënt";"Synthetische cliënt 0282";"SYN-C-00282";"Synthetische hoofdlocatie 008";"27-05-2026, 10:59:22";"27-05-2026, 12:26:22";"VEEL_MEDEWERKERS_CLIENT; VEEL_TEAMS_CLIENT; LATE_ACTIVATIE";"";"87"
"1540";"Midden";"Synthetische medewerker 224";"SYN-M-0224";"Synthetisch testteam met lange naam";"Verpleegkundige testfunctie";"Controle na overdracht van zorg";"Cliënt";"Synthetische cliënt 0218";"SYN-C-00218";"Synthetische hoofdlocatie 019";"27-05-2026, 13:55:20";"27-05-2026, 14:17:20";"VEEL_MEDEWERKERS_CLIENT; VEEL_TEAMS_CLIENT; LATE_ACTIVATIE";"";"22"
"1776";"Midden";"Synthetische medewerker 164";"SYN-M-0164";"Synthetisch testteam met lange naam";"Verpleegkundige testfunctie";"Voorbereiding van een geplande synthetische handeling";"Cliënt";"Synthetische cliënt 0150";"SYN-C-00150";"Synthetische hoofdlocatie 001";"27-05-2026, 15:44:26";"Niet geactiveerd";"NIET_GEACTIVEERD; VEEL_MEDEWERKERS_CLIENT; VEEL_TEAMS_CLIENT";"";""
"558";"Midden";"Synthetische medewerker 007";"SYN-M-0007";"Synthetisch team West";"Synthetische deskundigheid";"Controle na overdracht van zorg";"Cliënt";"Synthetische cliënt 0331";"SYN-C-00331";"Synthetische hoofdlocatie 007";"27-05-2026, 16:16:05";"27-05-2026, 16:54:05";"VEEL_MEDEWERKERS_CLIENT; VEEL_TEAMS_CLIENT; LATE_ACTIVATIE";"";"38"
"1780";"Midden";"Synthetische medewerker 146";"SYN-M-0146";"Synthetisch team Oost";"Nachtdienst";"Ondersteuning tijdens avond- of nachtdienst";"Cliënt";"Synthetische cliënt 0592";"SYN-C-00592";"Synthetische hoofdlocatie 018";"27-05-2026, 18:48:16";"27-05-2026, 19:02:16";"VEEL_MEDEWERKERS_CLIENT; VEEL_TEAMS_CLIENT; LATE_ACTIVATIE";"";"14"
"1359";"Midden";"Synthetische medewerker 096";"SYN-M-0096";"Synthetisch testteam met lange naam";"Verpleegkundige testfunctie";"Synthetische reden voor geautomatiseerde layoutcontrole";"Cliënt";"Synthetische cliënt 0482";"SYN-C-00482";"Synthetische hoofdlocatie 008";"27-05-2026, 20:17:17";"27-05-2026, 20:40:17";"VEEL_MEDEWERKERS_CLIENT; VEEL_TEAMS_CLIENT; LATE_ACTIVATIE";"";"23"
"743";"Midden";"Synthetische medewerker 189";"SYN-M-0189";"Synthetisch team Noord";"Begeleiding";"Controle na overdracht van zorg";"Cliënt";"Synthetische cliënt 0159";"SYN-C-00159";"Synthetische hoofdlocatie 010";"27-05-2026, 22:49:26";"27-05-2026, 23:10:26";"VEEL_MEDEWERKERS_CLIENT; VEEL_TEAMS_CLIENT; LATE_ACTIVATIE";"";"21"
"1820";"Midden";"Synthetische medewerker 087";"SYN-M-0087";"Synthetisch team West";"Synthetische deskundigheid";"Acute ondersteuning buiten het vaste team";"Cliënt";"Synthetische cliënt 0397";"SYN-C-00397";"Synthetische hoofdlocatie 023";"28-05-2026, 08:25:32";"28-05-2026, 08:34:32";"VEEL_MEDEWERKERS_CLIENT; VEEL_TEAMS_CLIENT; LATE_ACTIVATIE";"";"9"
"304";"Midden";"Synthetische medewerker 100";"SYN-M-0100";"Synthetisch testteam met lange naam";"Verpleegkundige testfunctie";"Acute ondersteuning buiten het vaste team";"Cliënt";"Synthetische cliënt 0142";"SYN-C-00142";"Synthetische hoofdlocatie 018";"28-05-2026, 08:35:56";"28-05-2026, 08:44:56";"VEEL_MEDEWERKERS_CLIENT; VEEL_TEAMS_CLIENT; LATE_ACTIVATIE";"";"9"
"379";"Midden";"Synthetische medewerker 132";"SYN-M-0132";"Synthetisch testteam met lange naam";"Verpleegkundige testfunctie";"Synthetische reden voor geautomatiseerde layoutcontrole";"Cliënt";"Synthetische cliënt 0308";"SYN-C-00308";"Synthetische hoofdlocatie 009";"28-05-2026, 08:52:03";"28-05-2026, 10:12:03";"VEEL_MEDEWERKERS_CLIENT; VEEL_TEAMS_CLIENT; LATE_ACTIVATIE";"";"80"
"506";"Midden";"Synthetische medewerker 038";"SYN-M-0038";"Synthetisch team Oost";"Nachtdienst";"Voorbereiding van een geplande synthetische handeling";"Cliënt";"Synthetische cliënt 0160";"SYN-C-00160";"Synthetische hoofdlocatie 011";"28-05-2026, 13:21:08";"Niet geactiveerd";"NIET_GEACTIVEERD; VEEL_MEDEWERKERS_CLIENT; VEEL_TEAMS_CLIENT";"";""
"737";"Midden";"Synthetische medewerker 028";"SYN-M-0028";"Synthetisch testteam met lange naam";"Verpleegkundige testfunctie";"Acute ondersteuning buiten het vaste team";"Cliënt";"Synthetische cliënt 0536";"SYN-C-00536";"Synthetische hoofdlocatie 012";"28-05-2026, 16:29:19";"28-05-2026, 16:48:19";"VEEL_MEDEWERKERS_CLIENT; VEEL_TEAMS_CLIENT; LATE_ACTIVATIE";"";"19"
"1943";"Midden";"Synthetische medewerker 218";"SYN-M-0218";"Synthetisch team Oost";"Nachtdienst";"Voorbereiding van een geplande synthetische handeling";"Cliënt";"Synthetische cliënt 0375";"SYN-C-00375";"Synthetische hoofdlocatie 001";"28-05-2026, 17:56:21";"Niet geactiveerd";"NIET_GEACTIVEERD; VEEL_MEDEWERKERS_CLIENT; VEEL_TEAMS_CLIENT";"";""
"1417";"Midden";"Synthetische medewerker 219";"SYN-M-0219";"Synthetisch team West";"Synthetische deskundigheid";"Acute ondersteuning buiten het vaste team";"Cliënt";"Synthetische cliënt 0466";"SYN-C-00466";"Synthetische hoofdlocatie 017";"29-05-2026, 04:21:35";"29-05-2026, 04:21:35";"NACHT; VEEL_MEDEWERKERS_CLIENT; VEEL_TEAMS_CLIENT";"";"0"
"256";"Midden";"Synthetische medewerker 015";"SYN-M-0015";"Synthetisch team West";"Synthetische deskundigheid";"Ondersteuning tijdens avond- of nachtdienst";"Cliënt";"Synthetische cliënt 0367";"SYN-C-00367";"Synthetische hoofdlocatie 018";"29-05-2026, 07:38:36";"29-05-2026, 08:21:36";"VEEL_MEDEWERKERS_CLIENT; VEEL_TEAMS_CLIENT; LATE_ACTIVATIE";"";"43"
"1901";"Midden";"Synthetische medewerker 229";"SYN-M-0229";"Synthetisch team Noord";"Begeleiding";"Tijdelijke vervanging binnen het testrooster";"Cliënt";"Synthetische cliënt 0290";"SYN-C-00290";"Synthetische hoofdlocatie 016";"29-05-2026, 08:08:54";"29-05-2026, 09:49:54";"VEEL_MEDEWERKERS_CLIENT; VEEL_TEAMS_CLIENT; LATE_ACTIVATIE";"";"101"
"110";"Midden";"Synthetische medewerker 016";"SYN-M-0016";"Synthetisch testteam met lange naam";"Verpleegkundige testfunctie";"Acute ondersteuning buiten het vaste team";"Cliënt";"Synthetische cliënt 0161";"SYN-C-00161";"Synthetische hoofdlocatie 012";"29-05-2026, 13:27:01";"29-05-2026, 15:03:01";"VEEL_MEDEWERKERS_CLIENT; VEEL_TEAMS_CLIENT; LATE_ACTIVATIE";"";"96"
"1974";"Midden";"Synthetische medewerker 123";"SYN-M-0123";"Synthetisch team West";"Synthetische deskundigheid";"Synthetische reden voor geautomatiseerde layoutcontrole";"Cliënt";"Synthetische cliënt 0322";"SYN-C-00322";"Synthetische hoofdlocatie 023";"29-05-2026, 14:15:09";"Niet geactiveerd";"NIET_GEACTIVEERD; VEEL_MEDEWERKERS_CLIENT; VEEL_TEAMS_CLIENT";"";""
"1412";"Midden";"Synthetische medewerker 089";"SYN-M-0089";"Synthetisch team Noord";"Begeleiding";"Acute ondersteuning buiten het vaste team";"Cliënt";"Synthetische cliënt 0058";"SYN-C-00058";"Synthetische hoofdlocatie 009";"29-05-2026, 14:52:09";"29-05-2026, 16:29:09";"VEEL_MEDEWERKERS_CLIENT; VEEL_TEAMS_CLIENT; LATE_ACTIVATIE";"";"97"
"338";"Midden";"Synthetische medewerker 147";"SYN-M-0147";"Synthetisch team West";"Synthetische deskundigheid";"Voorbereiding van een geplande synthetische handeling";"Cliënt";"Synthetische cliënt 0390";"SYN-C-00390";"Synthetische hoofdlocatie 016";"29-05-2026, 14:58:27";"29-05-2026, 16:43:27";"VEEL_MEDEWERKERS_CLIENT; VEEL_TEAMS_CLIENT; LATE_ACTIVATIE";"";"105"
"982";"Midden";"Synthetische medewerker 006";"SYN-M-0006";"Synthetisch team Oost";"Nachtdienst";"Controle na overdracht van zorg";"Cliënt";"Synthetische cliënt 0262";"SYN-C-00262";"Synthetische hoofdlocatie 013";"29-05-2026, 15:11:43";"29-05-2026, 16:29:43";"VEEL_MEDEWERKERS_CLIENT; VEEL_TEAMS_CLIENT; LATE_ACTIVATIE";"";"78"
"1148";"Midden";"Synthetische medewerker 174";"SYN-M-0174";"Synthetisch team Oost";"Nachtdienst";"Voorbereiding van een geplande synthetische handeling";"Cliënt";"Synthetische cliënt 0098";"SYN-C-00098";"Synthetische hoofdlocatie 024";"29-05-2026, 15:23:39";"Niet geactiveerd";"NIET_GEACTIVEERD; VEEL_MEDEWERKERS_CLIENT; VEEL_TEAMS_CLIENT";"";""
"715";"Midden";"Synthetische medewerker 250";"SYN-M-0250";"Synthetisch team Oost";"Nachtdienst";"Voorbereiding van een geplande synthetische handeling";"Cliënt";"Synthetische cliënt 0241";"SYN-C-00241";"Synthetische hoofdlocatie 017";"29-05-2026, 17:29:30";"29-05-2026, 19:12:30";"VEEL_MEDEWERKERS_CLIENT; VEEL_TEAMS_CLIENT; LATE_ACTIVATIE";"";"103"
"1010";"Midden";"Synthetische medewerker 119";"SYN-M-0119";"Synthetisch team West";"Synthetische deskundigheid";"Voorbereiding van een geplande synthetische handeling";"Cliënt";"Synthetische cliënt 0068";"SYN-C-00068";"Synthetische hoofdlocatie 019";"29-05-2026, 20:01:22";"29-05-2026, 21:10:22";"VEEL_MEDEWERKERS_CLIENT; VEEL_TEAMS_CLIENT; LATE_ACTIVATIE";"";"69"
"1722";"Midden";"Synthetische medewerker 202";"SYN-M-0202";"Synthetisch team Oost";"Nachtdienst";"Controle na overdracht van zorg";"Cliënt";"Synthetische cliënt 0556";"SYN-C-00556";"Synthetische hoofdlocatie 007";"29-05-2026, 20:11:36";"29-05-2026, 21:24:36";"VEEL_MEDEWERKERS_CLIENT; VEEL_TEAMS_CLIENT; LATE_ACTIVATIE";"";"73"
"1204";"Midden";"Synthetische medewerker 031";"SYN-M-0031";"Synthetisch team West";"Synthetische deskundigheid";"Acute ondersteuning buiten het vaste team";"Cliënt";"Synthetische cliënt 0334";"SYN-C-00334";"Synthetische hoofdlocatie 010";"29-05-2026, 22:06:02";"29-05-2026, 23:32:02";"VEEL_MEDEWERKERS_CLIENT; VEEL_TEAMS_CLIENT; LATE_ACTIVATIE";"";"86"
"633";"Midden";"Synthetische medewerker 009";"SYN-M-0009";"Synthetisch team Noord";"Begeleiding";"Synthetische reden voor geautomatiseerde layoutcontrole";"Cliënt";"Synthetische cliënt 0021";"SYN-C-00021";"Synthetische hoofdlocatie 022";"29-05-2026, 22:48:53";"30-05-2026, 00:05:53";"VEEL_MEDEWERKERS_CLIENT; VEEL_TEAMS_CLIENT; LATE_ACTIVATIE";"";"77"
"221";"Midden";"Synthetische medewerker 132";"SYN-M-0132";"Synthetisch testteam met lange naam";"Verpleegkundige testfunctie";"Acute ondersteuning buiten het vaste team";"Cliënt";"Synthetische cliënt 0104";"SYN-C-00104";"Synthetische hoofdlocatie 005";"29-05-2026, 22:49:33";"29-05-2026, 23:52:33";"VEEL_MEDEWERKERS_CLIENT; VEEL_TEAMS_CLIENT; LATE_ACTIVATIE";"";"63"
"1512";"Midden";"Synthetische medewerker 006";"SYN-M-0006";"Synthetisch team Oost";"Nachtdienst";"Ondersteuning tijdens avond- of nachtdienst";"Cliënt";"Synthetische cliënt 0244";"SYN-C-00244";"Synthetische hoofdlocatie 020";"30-05-2026, 10:29:53";"30-05-2026, 11:51:53";"VEEL_MEDEWERKERS_CLIENT; VEEL_TEAMS_CLIENT; LATE_ACTIVATIE";"";"82"
"1551";"Midden";"Synthetische medewerker 230";"SYN-M-0230";"Synthetisch team Oost";"Nachtdienst";"Controle na overdracht van zorg";"Cliënt";"Synthetische cliënt 0075";"SYN-C-00075";"Synthetische hoofdlocatie 001";"30-05-2026, 11:46:13";"30-05-2026, 12:03:13";"VEEL_MEDEWERKERS_CLIENT; VEEL_TEAMS_CLIENT; LATE_ACTIVATIE";"";"17"
"1207";"Midden";"Synthetische medewerker 146";"SYN-M-0146";"Synthetisch team Oost";"Nachtdienst";"Acute ondersteuning buiten het vaste team";"Cliënt";"Synthetische cliënt 0075";"SYN-C-00075";"Synthetische hoofdlocatie 001";"30-05-2026, 12:06:39";"30-05-2026, 13:36:39";"VEEL_MEDEWERKERS_CLIENT; VEEL_TEAMS_CLIENT; LATE_ACTIVATIE";"";"90"
"632";"Midden";"Synthetische medewerker 042";"SYN-M-0042";"Synthetisch team Oost";"Nachtdienst";"Voorbereiding van een geplande synthetische handeling";"Cliënt";"Synthetische cliënt 0394";"SYN-C-00394";"Synthetische hoofdlocatie 020";"30-05-2026, 13:00:21";"30-05-2026, 13:39:21";"VEEL_MEDEWERKERS_CLIENT; VEEL_TEAMS_CLIENT; LATE_ACTIVATIE";"";"39"
"1850";"Midden";"Synthetische medewerker 101";"SYN-M-0101";"Synthetisch team Noord";"Begeleiding";"Controle na overdracht van zorg";"Cliënt";"Synthetische cliënt 0075";"SYN-C-00075";"Synthetische hoofdlocatie 001";"30-05-2026, 13:17:52";"30-05-2026, 14:13:52";"VEEL_MEDEWERKERS_CLIENT; VEEL_TEAMS_CLIENT; LATE_ACTIVATIE";"";"56"
"688";"Midden";"Synthetische medewerker 014";"SYN-M-0014";"Synthetisch team Oost";"Nachtdienst";"Voorbereiding van een geplande synthetische handeling";"Cliënt";"Synthetische cliënt 0123";"SYN-C-00123";"Synthetische hoofdlocatie 024";"30-05-2026, 13:23:20";"30-05-2026, 15:11:20";"VEEL_MEDEWERKERS_CLIENT; VEEL_TEAMS_CLIENT; LATE_ACTIVATIE";"";"108"
"1104";"Midden";"Synthetische medewerker 126";"SYN-M-0126";"Synthetisch team Oost";"Nachtdienst";"Tijdelijke vervanging binnen het testrooster";"Cliënt";"Synthetische cliënt 0253";"SYN-C-00253";"Synthetische hoofdlocatie 004";"30-05-2026, 13:31:15";"30-05-2026, 13:44:15";"VEEL_MEDEWERKERS_CLIENT; VEEL_TEAMS_CLIENT; LATE_ACTIVATIE";"";"13"
"290";"Midden";"Synthetische medewerker 057";"SYN-M-0057";"Synthetisch team Noord";"Begeleiding";"Synthetische reden voor geautomatiseerde layoutcontrole";"Cliënt";"Synthetische cliënt 0282";"SYN-C-00282";"Synthetische hoofdlocatie 008";"30-05-2026, 15:10:57";"30-05-2026, 16:34:57";"VEEL_MEDEWERKERS_CLIENT; VEEL_TEAMS_CLIENT; LATE_ACTIVATIE";"";"84"
"711";"Midden";"Synthetische medewerker 118";"SYN-M-0118";"Synthetisch team Oost";"Nachtdienst";"Controle na overdracht van zorg";"Cliënt";"Synthetische cliënt 0390";"SYN-C-00390";"Synthetische hoofdlocatie 016";"30-05-2026, 15:47:30";"30-05-2026, 16:49:30";"VEEL_MEDEWERKERS_CLIENT; VEEL_TEAMS_CLIENT; LATE_ACTIVATIE";"";"62"
"488";"Midden";"Synthetische medewerker 186";"SYN-M-0186";"Synthetisch team Oost";"Nachtdienst";"Tijdelijke vervanging binnen het testrooster";"Cliënt";"Synthetische cliënt 0599";"SYN-C-00599";"Synthetische hoofdlocatie 025";"30-05-2026, 17:21:17";"30-05-2026, 18:06:17";"VEEL_MEDEWERKERS_CLIENT; VEEL_TEAMS_CLIENT; LATE_ACTIVATIE";"";"45"
"2000";"Midden";"Synthetische medewerker 076";"SYN-M-0076";"Synthetisch testteam met lange naam";"Verpleegkundige testfunctie";"Synthetische reden voor geautomatiseerde layoutcontrole";"Cliënt";"Synthetische cliënt 0307";"SYN-C-00307";"Synthetische hoofdlocatie 008";"30-05-2026, 17:23:17";"30-05-2026, 18:22:17";"VEEL_MEDEWERKERS_CLIENT; VEEL_TEAMS_CLIENT; LATE_ACTIVATIE";"";"59"
"1672";"Midden";"Synthetische medewerker 014";"SYN-M-0014";"Synthetisch team Oost";"Nachtdienst";"Synthetische reden voor geautomatiseerde layoutcontrole";"Cliënt";"Synthetische cliënt 0133";"SYN-C-00133";"Synthetische hoofdlocatie 009";"30-05-2026, 17:54:59";"30-05-2026, 19:53:59";"VEEL_MEDEWERKERS_CLIENT; VEEL_TEAMS_CLIENT; LATE_ACTIVATIE";"";"119"
"1300";"Midden";"Synthetische medewerker 012";"SYN-M-0012";"Synthetisch testteam met lange naam";"Verpleegkundige testfunctie";"Acute ondersteuning buiten het vaste team";"Cliënt";"Synthetische cliënt 0153";"SYN-C-00153";"Synthetische hoofdlocatie 004";"30-05-2026, 18:17:24";"Niet geactiveerd";"NIET_GEACTIVEERD; VEEL_MEDEWERKERS_CLIENT; VEEL_TEAMS_CLIENT";"";""
"1942";"Midden";"Synthetische medewerker 109";"SYN-M-0109";"Synthetisch team Noord";"Begeleiding";"Ondersteuning tijdens avond- of nachtdienst";"Cliënt";"Synthetische cliënt 0104";"SYN-C-00104";"Synthetische hoofdlocatie 005";"30-05-2026, 18:31:02";"30-05-2026, 20:19:02";"VEEL_MEDEWERKERS_CLIENT; VEEL_TEAMS_CLIENT; LATE_ACTIVATIE";"";"108"
"459";"Midden";"Synthetische medewerker 067";"SYN-M-0067";"Synthetisch team West";"Synthetische deskundigheid";"Ondersteuning tijdens avond- of nachtdienst";"Cliënt";"Synthetische cliënt 0517";"SYN-C-00517";"Synthetische hoofdlocatie 018";"30-05-2026, 19:09:41";"30-05-2026, 20:54:41";"VEEL_MEDEWERKERS_CLIENT; VEEL_TEAMS_CLIENT; LATE_ACTIVATIE";"";"105"
"1205";"Midden";"Synthetische medewerker 089";"SYN-M-0089";"Synthetisch team Noord";"Begeleiding";"Acute ondersteuning buiten het vaste team";"Cliënt";"Synthetische cliënt 0197";"SYN-C-00197";"Synthetische hoofdlocatie 023";"30-05-2026, 19:57:53";"Niet geactiveerd";"NIET_GEACTIVEERD; VEEL_MEDEWERKERS_CLIENT; VEEL_TEAMS_CLIENT";"";""
"316";"Midden";"Synthetische medewerker 106";"SYN-M-0106";"Synthetisch team Oost";"Nachtdienst";"Ondersteuning tijdens avond- of nachtdienst";"Cliënt";"Synthetische cliënt 0174";"SYN-C-00174";"Synthetische hoofdlocatie 025";"30-05-2026, 21:19:50";"30-05-2026, 23:00:50";"VEEL_MEDEWERKERS_CLIENT; VEEL_TEAMS_CLIENT; LATE_ACTIVATIE";"";"101"
"149";"Midden";"Synthetische medewerker 203";"SYN-M-0203";"Synthetisch team West";"Synthetische deskundigheid";"Controle na overdracht van zorg";"Cliënt";"Synthetische cliënt 0042";"SYN-C-00042";"Synthetische hoofdlocatie 018";"30-05-2026, 22:31:31";"Niet geactiveerd";"NIET_GEACTIVEERD; VEEL_MEDEWERKERS_CLIENT; VEEL_TEAMS_CLIENT";"";""
"923";"Midden";"Synthetische medewerker 103";"SYN-M-0103";"Synthetisch team West";"Synthetische deskundigheid";"Voorbereiding van een geplande synthetische handeling";"Cliënt";"";"";"Synthetische hoofdlocatie 003";"31-05-2026, 04:53:19";"Niet geactiveerd";"NIET_GEACTIVEERD; NACHT; ONVOLLEDIG_CLIENTDOEL";"";""
"1662";"Midden";"Synthetische medewerker 132";"SYN-M-0132";"Synthetisch testteam met lange naam";"Verpleegkundige testfunctie";"Voorbereiding van een geplande synthetische handeling";"Cliënt";"Synthetische cliënt 0394";"SYN-C-00394";"Synthetische hoofdlocatie 020";"31-05-2026, 07:04:57";"31-05-2026, 08:06:57";"VEEL_MEDEWERKERS_CLIENT; VEEL_TEAMS_CLIENT; LATE_ACTIVATIE";"";"62"
"963";"Midden";"Synthetische medewerker 101";"SYN-M-0101";"Synthetisch team Noord";"Begeleiding";"Synthetische reden voor geautomatiseerde layoutcontrole";"Cliënt";"Synthetische cliënt 0041";"SYN-C-00041";"Synthetische hoofdlocatie 017";"31-05-2026, 08:59:28";"31-05-2026, 09:07:28";"VEEL_MEDEWERKERS_CLIENT; VEEL_TEAMS_CLIENT; LATE_ACTIVATIE";"";"8"
"1912";"Midden";"Synthetische medewerker 173";"SYN-M-0173";"Synthetisch team Noord";"Begeleiding";"Controle na overdracht van zorg";"Cliënt";"Synthetische cliënt 0234";"SYN-C-00234";"Synthetische hoofdlocatie 010";"31-05-2026, 10:59:45";"31-05-2026, 11:50:45";"VEEL_MEDEWERKERS_CLIENT; VEEL_TEAMS_CLIENT; LATE_ACTIVATIE";"";"51"
"259";"Midden";"Synthetische medewerker 184";"SYN-M-0184";"Synthetisch testteam met lange naam";"Verpleegkundige testfunctie";"Acute ondersteuning buiten het vaste team";"Cliënt";"Synthetische cliënt 0397";"SYN-C-00397";"Synthetische hoofdlocatie 023";"31-05-2026, 12:01:21";"31-05-2026, 12:51:21";"VEEL_MEDEWERKERS_CLIENT; VEEL_TEAMS_CLIENT; LATE_ACTIVATIE";"";"50"
"248";"Midden";"Synthetische medewerker 121";"SYN-M-0121";"Synthetisch team Noord";"Begeleiding";"Voorbereiding van een geplande synthetische handeling";"Cliënt";"Synthetische cliënt 0150";"SYN-C-00150";"Synthetische hoofdlocatie 001";"31-05-2026, 12:55:49";"31-05-2026, 14:00:49";"VEEL_MEDEWERKERS_CLIENT; VEEL_TEAMS_CLIENT; LATE_ACTIVATIE";"";"65"
"1969";"Midden";"Synthetische medewerker 206";"SYN-M-0206";"Synthetisch team Oost";"Nachtdienst";"Ondersteuning tijdens avond- of nachtdienst";"Cliënt";"Synthetische cliënt 0133";"SYN-C-00133";"Synthetische hoofdlocatie 009";"31-05-2026, 14:01:55";"31-05-2026, 15:17:55";"VEEL_MEDEWERKERS_CLIENT; VEEL_TEAMS_CLIENT; LATE_ACTIVATIE";"";"76"
"1572";"Midden";"Synthetische medewerker 023";"SYN-M-0023";"Synthetisch team West";"Synthetische deskundigheid";"Ondersteuning tijdens avond- of nachtdienst";"Cliënt";"Synthetische cliënt 0214";"SYN-C-00214";"Synthetische hoofdlocatie 015";"31-05-2026, 14:57:55";"31-05-2026, 15:00:55";"VEEL_MEDEWERKERS_CLIENT; VEEL_TEAMS_CLIENT; LATE_ACTIVATIE";"";"3"
"795";"Midden";"Synthetische medewerker 245";"SYN-M-0245";"Synthetisch team Noord";"Begeleiding";"Synthetische reden voor geautomatiseerde layoutcontrole";"Cliënt";"Synthetische cliënt 0099";"SYN-C-00099";"Synthetische hoofdlocatie 025";"31-05-2026, 17:00:24";"Niet geactiveerd";"NIET_GEACTIVEERD; VEEL_MEDEWERKERS_CLIENT; VEEL_TEAMS_CLIENT";"";""
"1652";"Midden";"Synthetische medewerker 062";"SYN-M-0062";"Synthetisch team Oost";"Nachtdienst";"Ondersteuning tijdens avond- of nachtdienst";"Cliënt";"Synthetische cliënt 0348";"SYN-C-00348";"Synthetische hoofdlocatie 024";"31-05-2026, 18:09:06";"31-05-2026, 19:54:06";"VEEL_MEDEWERKERS_CLIENT; VEEL_TEAMS_CLIENT; LATE_ACTIVATIE";"";"105"
"1373";"Midden";"Synthetische medewerker 218";"SYN-M-0218";"Synthetisch team Oost";"Nachtdienst";"Controle na overdracht van zorg";"Cliënt";"Synthetische cliënt 0142";"SYN-C-00142";"Synthetische hoofdlocatie 018";"31-05-2026, 18:49:18";"31-05-2026, 20:34:18";"VEEL_MEDEWERKERS_CLIENT; VEEL_TEAMS_CLIENT; LATE_ACTIVATIE";"";"105"
"522";"Midden";"Synthetische medewerker 165";"SYN-M-0165";"Synthetisch team Noord";"Begeleiding";"Ondersteuning tijdens avond- of nachtdienst";"Cliënt";"Synthetische cliënt 0461";"SYN-C-00461";"Synthetische hoofdlocatie 012";"31-05-2026, 19:48:02";"Niet geactiveerd";"NIET_GEACTIVEERD; VEEL_MEDEWERKERS_CLIENT; VEEL_TEAMS_CLIENT";"";""
"1581";"Midden";"Synthetische medewerker 115";"SYN-M-0115";"Synthetisch team West";"Synthetische deskundigheid";"Tijdelijke vervanging binnen het testrooster";"Cliënt";"Synthetische cliënt 0068";"SYN-C-00068";"Synthetische hoofdlocatie 019";"31-05-2026, 20:52:47";"31-05-2026, 20:29:47";"VEEL_MEDEWERKERS_CLIENT; VEEL_TEAMS_CLIENT; ONGELDIGE_ACTIVATIE";"";"-23"
"367";"Midden";"Synthetische medewerker 087";"SYN-M-0087";"Synthetisch team West";"Synthetische deskundigheid";"Ondersteuning tijdens avond- of nachtdienst";"Cliënt";"Synthetische cliënt 0348";"SYN-C-00348";"Synthetische hoofdlocatie 024";"31-05-2026, 22:25:29";"01-06-2026, 00:09:29";"VEEL_MEDEWERKERS_CLIENT; VEEL_TEAMS_CLIENT; LATE_ACTIVATIE";"";"104"
"1872";"Midden";"Synthetische medewerker 225";"SYN-M-0225";"Synthetisch team Noord";"Begeleiding";"Controle na overdracht van zorg";"Cliënt";"Synthetische cliënt 0307";"SYN-C-00307";"Synthetische hoofdlocatie 008";"31-05-2026, 22:58:38";"Niet geactiveerd";"NIET_GEACTIVEERD; VEEL_MEDEWERKERS_CLIENT; VEEL_TEAMS_CLIENT";"";""
"337";"Midden";"Synthetische medewerker 118";"SYN-M-0118";"Synthetisch team Oost";"Nachtdienst";"Ondersteuning tijdens avond- of nachtdienst";"Cliënt";"Synthetische cliënt 0193";"SYN-C-00193";"Synthetische hoofdlocatie 019";"01-05-2026, 01:29:24";"01-05-2026, 02:10:24";"NACHT; LATE_ACTIVATIE";"";"41"
"213";"Midden";"Synthetische medewerker 150";"SYN-M-0150";"Synthetisch team Oost";"Nachtdienst";"Synthetische reden voor geautomatiseerde layoutcontrole";"Cliënt";"Synthetische cliënt 0417";"SYN-C-00417";"Synthetische hoofdlocatie 018";"01-05-2026, 02:15:33";"01-05-2026, 02:37:33";"NACHT; LATE_ACTIVATIE";"";"22"
"1800";"Midden";"Synthetische medewerker 203";"SYN-M-0203";"Synthetisch team West";"Synthetische deskundigheid";"Synthetische reden voor geautomatiseerde layoutcontrole";"Cliënt";"Synthetische cliënt 0540";"SYN-C-00540";"Synthetische hoofdlocatie 016";"01-05-2026, 02:44:34";"01-05-2026, 03:33:34";"NACHT; LATE_ACTIVATIE";"";"49"
"1932";"Midden";"Synthetische medewerker 008";"SYN-M-0008";"Synthetisch testteam met lange naam";"Verpleegkundige testfunctie";"Voorbereiding van een geplande synthetische handeling";"Cliënt";"Synthetische cliënt 0139";"SYN-C-00139";"Synthetische hoofdlocatie 015";"01-05-2026, 04:20:57";"01-05-2026, 06:03:57";"NACHT; LATE_ACTIVATIE";"";"103"
"226";"Midden";"Synthetische medewerker 006";"SYN-M-0006";"Synthetisch team Oost";"Nachtdienst";"Ondersteuning tijdens avond- of nachtdienst";"Cliënt";"Synthetische cliënt 0339";"SYN-C-00339";"Synthetische hoofdlocatie 015";"01-05-2026, 04:21:50";"01-05-2026, 05:25:50";"NACHT; LATE_ACTIVATIE";"";"64"
"1305";"Midden";"Synthetische medewerker 169";"SYN-M-0169";"Synthetisch team Noord";"Begeleiding";"Synthetische reden voor geautomatiseerde layoutcontrole";"Cliënt";"Synthetische cliënt 0219";"SYN-C-00219";"Synthetische hoofdlocatie 020";"01-05-2026, 04:25:57";"01-05-2026, 04:41:57";"NACHT; LATE_ACTIVATIE";"";"16"
"255";"Midden";"Synthetische medewerker 182";"SYN-M-0182";"Synthetisch team Oost";"Nachtdienst";"Tijdelijke vervanging binnen het testrooster";"Cliënt";"Synthetische cliënt 0092";"SYN-C-00092";"Synthetische hoofdlocatie 018";"01-05-2026, 06:16:50";"01-05-2026, 06:35:50";"VEEL_MEDEWERKERS_CLIENT; LATE_ACTIVATIE";"";"19"
"1397";"Midden";"Synthetische medewerker 096";"SYN-M-0096";"Synthetisch testteam met lange naam";"Verpleegkundige testfunctie";"Voorbereiding van een geplande synthetische handeling";"Cliënt";"Synthetische cliënt 0535";"SYN-C-00535";"Synthetische hoofdlocatie 011";"01-05-2026, 06:31:27";"Niet geactiveerd";"NIET_GEACTIVEERD; VEEL_TEAMS_CLIENT";"";""
"1876";"Midden";"Synthetische medewerker 194";"SYN-M-0194";"Synthetisch team Oost";"Nachtdienst";"Tijdelijke vervanging binnen het testrooster";"Cliënt";"Synthetische cliënt 0451";"SYN-C-00451";"Synthetische hoofdlocatie 002";"01-05-2026, 10:17:19";"01-05-2026, 11:47:19";"VEEL_TEAMS_CLIENT; LATE_ACTIVATIE";"";"90"
"683";"Midden";"Synthetische medewerker 128";"SYN-M-0128";"Synthetisch testteam met lange naam";"Verpleegkundige testfunctie";"Synthetische reden voor geautomatiseerde layoutcontrole";"Cliënt";"Synthetische cliënt 0129";"SYN-C-00129";"Synthetische hoofdlocatie 005";"01-05-2026, 11:16:55";"Niet geactiveerd";"NIET_GEACTIVEERD; VEEL_TEAMS_CLIENT";"";""
"1647";"Midden";"Synthetische medewerker 073";"SYN-M-0073";"Synthetisch team Noord";"Begeleiding";"Voorbereiding van een geplande synthetische handeling";"Cliënt";"Synthetische cliënt 0444";"SYN-C-00444";"Synthetische hoofdlocatie 020";"01-05-2026, 14:56:29";"01-05-2026, 16:47:29";"VEEL_MEDEWERKERS_CLIENT; LATE_ACTIVATIE";"";"111"
"1853";"Midden";"Synthetische medewerker 035";"SYN-M-0035";"Synthetisch team West";"Synthetische deskundigheid";"Ondersteuning tijdens avond- of nachtdienst";"Cliënt";"Synthetische cliënt 0579";"SYN-C-00579";"Synthetische hoofdlocatie 005";"01-05-2026, 15:58:22";"01-05-2026, 16:44:22";"VEEL_MEDEWERKERS_CLIENT; LATE_ACTIVATIE";"";"46"
"1268";"Midden";"Synthetische medewerker 048";"SYN-M-0048";"Synthetisch testteam met lange naam";"Verpleegkundige testfunctie";"Synthetische reden voor geautomatiseerde layoutcontrole";"Cliënt";"Synthetische cliënt 0439";"SYN-C-00439";"Synthetische hoofdlocatie 015";"01-05-2026, 17:06:23";"01-05-2026, 18:58:23";"VEEL_TEAMS_CLIENT; LATE_ACTIVATIE";"";"112"
"1929";"Midden";"Synthetische medewerker 160";"SYN-M-0160";"Synthetisch testteam met lange naam";"Verpleegkundige testfunctie";"Ondersteuning tijdens avond- of nachtdienst";"Cliënt";"Synthetische cliënt 0413";"SYN-C-00413";"Synthetische hoofdlocatie 014";"01-05-2026, 17:20:19";"01-05-2026, 18:16:19";"VEEL_MEDEWERKERS_CLIENT; LATE_ACTIVATIE";"";"56"
"94";"Midden";"Synthetische medewerker 044";"SYN-M-0044";"Synthetisch testteam met lange naam";"Verpleegkundige testfunctie";"Voorbereiding van een geplande synthetische handeling";"Cliënt";"Synthetische cliënt 0317";"SYN-C-00317";"Synthetische hoofdlocatie 018";"01-05-2026, 17:58:25";"Niet geactiveerd";"NIET_GEACTIVEERD; VEEL_MEDEWERKERS_CLIENT";"";""
"1787";"Midden";"Synthetische medewerker 044";"SYN-M-0044";"Synthetisch testteam met lange naam";"Verpleegkundige testfunctie";"Tijdelijke vervanging binnen het testrooster";"Cliënt";"Synthetische cliënt 0539";"SYN-C-00539";"Synthetische hoofdlocatie 015";"01-05-2026, 18:42:15";"01-05-2026, 20:36:15";"VEEL_MEDEWERKERS_CLIENT; LATE_ACTIVATIE";"";"114"
"793";"Midden";"Synthetische medewerker 201";"SYN-M-0201";"Synthetisch team Noord";"Begeleiding";"Controle na overdracht van zorg";"Cliënt";"Synthetische cliënt 0476";"SYN-C-00476";"Synthetische hoofdlocatie 002";"01-05-2026, 18:56:47";"Niet geactiveerd";"NIET_GEACTIVEERD; VEEL_MEDEWERKERS_CLIENT";"";""
"389";"Midden";"Synthetische medewerker 177";"SYN-M-0177";"Synthetisch team Noord";"Begeleiding";"Acute ondersteuning buiten het vaste team";"Cliënt";"Synthetische cliënt 0195";"SYN-C-00195";"Synthetische hoofdlocatie 021";"01-05-2026, 19:37:09";"01-05-2026, 19:59:09";"VEEL_TEAMS_CLIENT; LATE_ACTIVATIE";"";"22"
"555";"Midden";"Synthetische medewerker 082";"SYN-M-0082";"Synthetisch team Oost";"Nachtdienst";"Ondersteuning tijdens avond- of nachtdienst";"Cliënt";"Synthetische cliënt 0185";"SYN-C-00185";"Synthetische hoofdlocatie 011";"01-05-2026, 20:21:01";"01-05-2026, 21:43:01";"VEEL_TEAMS_CLIENT; LATE_ACTIVATIE";"";"82"
"1351";"Midden";"Synthetische medewerker 031";"SYN-M-0031";"Synthetisch team West";"Synthetische deskundigheid";"Acute ondersteuning buiten het vaste team";"Cliënt";"Synthetische cliënt 0415";"SYN-C-00415";"Synthetische hoofdlocatie 016";"01-05-2026, 22:44:35";"01-05-2026, 23:26:35";"VEEL_MEDEWERKERS_CLIENT; LATE_ACTIVATIE";"";"42"
"1281";"Midden";"Synthetische medewerker 236";"SYN-M-0236";"Synthetisch testteam met lange naam";"Verpleegkundige testfunctie";"Voorbereiding van een geplande synthetische handeling";"Cliënt";"Synthetische cliënt 0465";"SYN-C-00465";"Synthetische hoofdlocatie 016";"02-05-2026, 00:56:56";"02-05-2026, 02:26:56";"NACHT; LATE_ACTIVATIE";"";"90"
"87";"Midden";"Synthetische medewerker 113";"SYN-M-0113";"Synthetisch team Noord";"Begeleiding";"Controle na overdracht van zorg";"Cliënt";"Synthetische cliënt 0387";"SYN-C-00387";"Synthetische hoofdlocatie 013";"02-05-2026, 03:06:49";"Niet geactiveerd";"NIET_GEACTIVEERD; NACHT";"";""
"1072";"Midden";"Synthetische medewerker 058";"SYN-M-0058";"Synthetisch team Oost";"Nachtdienst";"Controle na overdracht van zorg";"Cliënt";"Synthetische cliënt 0571";"SYN-C-00571";"Synthetische hoofdlocatie 022";"02-05-2026, 03:39:38";"02-05-2026, 05:19:38";"NACHT; LATE_ACTIVATIE";"";"100"
"693";"Midden";"Synthetische medewerker 099";"SYN-M-0099";"Synthetisch team West";"Synthetische deskundigheid";"Voorbereiding van een geplande synthetische handeling";"Locatie";"Synthetische locatie 020";"SYN-L-0020";"Synthetische hoofdlocatie 015";"02-05-2026, 04:05:24";"02-05-2026, 04:21:24";"NACHT; LATE_ACTIVATIE";"";"16"
"223";"Midden";"Synthetische medewerker 009";"SYN-M-0009";"Synthetisch team Noord";"Begeleiding";"Ondersteuning tijdens avond- of nachtdienst";"Cliënt";"Synthetische cliënt 0069";"SYN-C-00069";"Synthetische hoofdlocatie 020";"02-05-2026, 04:27:56";"02-05-2026, 06:19:56";"NACHT; LATE_ACTIVATIE";"";"112"
"1681";"Midden";"Synthetische medewerker 193";"SYN-M-0193";"Synthetisch team Noord";"Begeleiding";"Controle na overdracht van zorg";"Locatie";"Synthetische locatie 019";"SYN-L-0019";"Synthetische hoofdlocatie 004";"02-05-2026, 04:35:51";"02-05-2026, 05:22:51";"NACHT; LATE_ACTIVATIE";"";"47"
"901";"Midden";"Synthetische medewerker 004";"SYN-M-0004";"Synthetisch testteam met lange naam";"Verpleegkundige testfunctie";"Voorbereiding van een geplande synthetische handeling";"Cliënt";"Synthetische cliënt 0090";"SYN-C-00090";"Synthetische hoofdlocatie 016";"02-05-2026, 05:31:47";"02-05-2026, 05:49:47";"NACHT; LATE_ACTIVATIE";"";"18"
"440";"Midden";"Synthetische medewerker 210";"SYN-M-0210";"Synthetisch team Oost";"Nachtdienst";"Controle na overdracht van zorg";"Locatie";"Synthetische locatie 011";"SYN-L-0011";"Synthetische hoofdlocatie 016";"02-05-2026, 05:45:03";"02-05-2026, 07:19:03";"NACHT; LATE_ACTIVATIE";"";"94"
"198";"Midden";"Synthetische medewerker 191";"SYN-M-0191";"Synthetisch team West";"Synthetische deskundigheid";"Acute ondersteuning buiten het vaste team";"Cliënt";"Synthetische cliënt 0511";"SYN-C-00511";"Synthetische hoofdlocatie 012";"02-05-2026, 05:53:19";"02-05-2026, 06:26:19";"NACHT; LATE_ACTIVATIE";"";"33"
"1482";"Midden";"Synthetische medewerker 209";"SYN-M-0209";"Synthetisch team Noord";"Begeleiding";"Controle na overdracht van zorg";"Cliënt";"Synthetische cliënt 0492";"SYN-C-00492";"Synthetische hoofdlocatie 018";"02-05-2026, 06:03:57";"02-05-2026, 06:14:57";"VEEL_MEDEWERKERS_CLIENT; LATE_ACTIVATIE";"";"11"
"49";"Midden";"Synthetische medewerker 109";"SYN-M-0109";"Synthetisch team Noord";"Begeleiding";"Tijdelijke vervanging binnen het testrooster";"Cliënt";"Synthetische cliënt 0432";"SYN-C-00432";"Synthetische hoofdlocatie 008";"02-05-2026, 06:11:42";"02-05-2026, 06:35:42";"VEEL_MEDEWERKERS_CLIENT; LATE_ACTIVATIE";"";"24"
"1304";"Midden";"Synthetische medewerker 155";"SYN-M-0155";"Synthetisch team West";"Synthetische deskundigheid";"Controle na overdracht van zorg";"Cliënt";"Synthetische cliënt 0403";"SYN-C-00403";"Synthetische hoofdlocatie 004";"02-05-2026, 07:03:04";"02-05-2026, 08:01:04";"VEEL_TEAMS_CLIENT; LATE_ACTIVATIE";"";"58"
"1819";"Midden";"Synthetische medewerker 206";"SYN-M-0206";"Synthetisch team Oost";"Nachtdienst";"Controle na overdracht van zorg";"Cliënt";"Synthetische cliënt 0195";"SYN-C-00195";"Synthetische hoofdlocatie 021";"02-05-2026, 13:22:02";"02-05-2026, 14:19:02";"VEEL_TEAMS_CLIENT; LATE_ACTIVATIE";"";"57"
"1443";"Midden";"Synthetische medewerker 242";"SYN-M-0242";"Synthetisch team Oost";"Nachtdienst";"Tijdelijke vervanging binnen het testrooster";"Cliënt";"Synthetische cliënt 0332";"SYN-C-00332";"Synthetische hoofdlocatie 008";"02-05-2026, 14:25:11";"02-05-2026, 15:30:11";"VEEL_MEDEWERKERS_CLIENT; LATE_ACTIVATIE";"";"65"
"1423";"Midden";"Synthetische medewerker 126";"SYN-M-0126";"Synthetisch team Oost";"Nachtdienst";"Synthetische reden voor geautomatiseerde layoutcontrole";"Cliënt";"Synthetische cliënt 0379";"SYN-C-00379";"Synthetische hoofdlocatie 005";"02-05-2026, 16:45:17";"02-05-2026, 17:59:17";"VEEL_TEAMS_CLIENT; LATE_ACTIVATIE";"";"74"
"1669";"Midden";"Synthetische medewerker 014";"SYN-M-0014";"Synthetisch team Oost";"Nachtdienst";"Synthetische reden voor geautomatiseerde layoutcontrole";"Cliënt";"Synthetische cliënt 0080";"SYN-C-00080";"Synthetische hoofdlocatie 006";"02-05-2026, 18:52:07";"02-05-2026, 19:04:07";"VEEL_MEDEWERKERS_CLIENT; LATE_ACTIVATIE";"";"12"
"988";"Midden";"Synthetische medewerker 067";"SYN-M-0067";"Synthetisch team West";"Synthetische deskundigheid";"Tijdelijke vervanging binnen het testrooster";"Cliënt";"Synthetische cliënt 0064";"SYN-C-00064";"Synthetische hoofdlocatie 015";"02-05-2026, 19:54:45";"02-05-2026, 21:06:45";"VEEL_TEAMS_CLIENT; LATE_ACTIVATIE";"";"72"
"1034";"Midden";"Synthetische medewerker 240";"SYN-M-0240";"Synthetisch testteam met lange naam";"Verpleegkundige testfunctie";"Voorbereiding van een geplande synthetische handeling";"Cliënt";"";"";"Synthetische hoofdlocatie 008";"02-05-2026, 21:19:54";"02-05-2026, 22:14:54";"LATE_ACTIVATIE; ONVOLLEDIG_CLIENTDOEL";"";"55"
"1964";"Midden";"Synthetische medewerker 249";"SYN-M-0249";"Synthetisch team Noord";"Begeleiding";"Controle na overdracht van zorg";"Cliënt";"Synthetische cliënt 0269";"SYN-C-00269";"Synthetische hoofdlocatie 020";"02-05-2026, 23:26:48";"Niet geactiveerd";"NIET_GEACTIVEERD; NACHT";"";""
"1982";"Midden";"Synthetische medewerker 085";"SYN-M-0085";"Synthetisch team Noord";"Begeleiding";"Acute ondersteuning buiten het vaste team";"Cliënt";"Synthetische cliënt 0276";"SYN-C-00276";"Synthetische hoofdlocatie 002";"03-05-2026, 01:48:23";"03-05-2026, 03:23:23";"NACHT; LATE_ACTIVATIE";"";"95"
"1645";"Midden";"Synthetische medewerker 140";"SYN-M-0140";"Synthetisch testteam met lange naam";"Verpleegkundige testfunctie";"Tijdelijke vervanging binnen het testrooster";"Cliënt";"Synthetische cliënt 0048";"SYN-C-00048";"Synthetische hoofdlocatie 024";"03-05-2026, 03:26:52";"03-05-2026, 05:17:52";"NACHT; LATE_ACTIVATIE";"";"111"
"350";"Midden";"Synthetische medewerker 145";"SYN-M-0145";"Synthetisch team Noord";"Begeleiding";"Ondersteuning tijdens avond- of nachtdienst";"Locatie";"Synthetische locatie 030";"SYN-L-0030";"Synthetische hoofdlocatie 010";"03-05-2026, 04:38:56";"03-05-2026, 05:36:56";"NACHT; LATE_ACTIVATIE";"";"58"
"1938";"Midden";"Synthetische medewerker 050";"SYN-M-0050";"Synthetisch team Oost";"Nachtdienst";"Synthetische reden voor geautomatiseerde layoutcontrole";"Cliënt";"Synthetische cliënt 0504";"SYN-C-00504";"Synthetische hoofdlocatie 005";"03-05-2026, 05:51:18";"03-05-2026, 05:55:18";"NACHT; LATE_ACTIVATIE";"";"4"
"885";"Midden";"Synthetische medewerker 060";"SYN-M-0060";"Synthetisch testteam met lange naam";"Verpleegkundige testfunctie";"Tijdelijke vervanging binnen het testrooster";"Cliënt";"Synthetische cliënt 0036";"SYN-C-00036";"Synthetische hoofdlocatie 012";"03-05-2026, 09:20:01";"Niet geactiveerd";"NIET_GEACTIVEERD; VEEL_TEAMS_CLIENT";"";""
"1741";"Midden";"Synthetische medewerker 145";"SYN-M-0145";"Synthetisch team Noord";"Begeleiding";"Ondersteuning tijdens avond- of nachtdienst";"Cliënt";"Synthetische cliënt 0217";"SYN-C-00217";"Synthetische hoofdlocatie 018";"03-05-2026, 10:40:10";"03-05-2026, 12:11:10";"VEEL_MEDEWERKERS_CLIENT; LATE_ACTIVATIE";"";"91"
"196";"Midden";"Synthetische medewerker 119";"SYN-M-0119";"Synthetisch team West";"Synthetische deskundigheid";"Voorbereiding van een geplande synthetische handeling";"Cliënt";"";"";"Synthetische hoofdlocatie 023";"03-05-2026, 11:02:36";"03-05-2026, 11:48:36";"LATE_ACTIVATIE; ONVOLLEDIG_CLIENTDOEL";"";"46"
"584";"Midden";"Synthetische medewerker 171";"SYN-M-0171";"Synthetisch team West";"Synthetische deskundigheid";"Controle na overdracht van zorg";"Cliënt";"Synthetische cliënt 0136";"SYN-C-00136";"Synthetische hoofdlocatie 012";"03-05-2026, 11:14:04";"03-05-2026, 11:33:04";"VEEL_MEDEWERKERS_CLIENT; LATE_ACTIVATIE";"";"19"
"903";"Midden";"Synthetische medewerker 104";"SYN-M-0104";"Synthetisch testteam met lange naam";"Verpleegkundige testfunctie";"Tijdelijke vervanging binnen het testrooster";"Cliënt";"Synthetische cliënt 0468";"SYN-C-00468";"Synthetische hoofdlocatie 019";"03-05-2026, 13:28:11";"Niet geactiveerd";"NIET_GEACTIVEERD; VEEL_MEDEWERKERS_CLIENT";"";""
"241";"Midden";"Synthetische medewerker 215";"SYN-M-0215";"Synthetisch team West";"Synthetische deskundigheid";"Synthetische reden voor geautomatiseerde layoutcontrole";"Cliënt";"Synthetische cliënt 0492";"SYN-C-00492";"Synthetische hoofdlocatie 018";"03-05-2026, 13:58:45";"03-05-2026, 15:04:45";"VEEL_MEDEWERKERS_CLIENT; LATE_ACTIVATIE";"";"66"
"847";"Midden";"Synthetische medewerker 094";"SYN-M-0094";"Synthetisch team Oost";"Nachtdienst";"Ondersteuning tijdens avond- of nachtdienst";"Cliënt";"Synthetische cliënt 0545";"SYN-C-00545";"Synthetische hoofdlocatie 021";"03-05-2026, 15:46:39";"03-05-2026, 16:50:39";"VEEL_TEAMS_CLIENT; LATE_ACTIVATIE";"";"64"
"1103";"Midden";"Synthetische medewerker 178";"SYN-M-0178";"Synthetisch team Oost";"Nachtdienst";"Synthetische reden voor geautomatiseerde layoutcontrole";"Cliënt";"Synthetische cliënt 0535";"SYN-C-00535";"Synthetische hoofdlocatie 011";"03-05-2026, 17:53:51";"03-05-2026, 19:24:51";"VEEL_TEAMS_CLIENT; LATE_ACTIVATIE";"";"91"
"548";"Midden";"Synthetische medewerker 101";"SYN-M-0101";"Synthetisch team Noord";"Begeleiding";"Controle na overdracht van zorg";"Cliënt";"Synthetische cliënt 0572";"SYN-C-00572";"Synthetische hoofdlocatie 023";"03-05-2026, 19:22:58";"03-05-2026, 19:16:58";"VEEL_TEAMS_CLIENT; ONGELDIGE_ACTIVATIE";"";"-6"
"235";"Midden";"Synthetische medewerker 161";"SYN-M-0161";"Synthetisch team Noord";"Begeleiding";"Synthetische reden voor geautomatiseerde layoutcontrole";"Cliënt";"Synthetische cliënt 0526";"SYN-C-00526";"Synthetische hoofdlocatie 002";"03-05-2026, 19:25:44";"03-05-2026, 21:00:44";"VEEL_MEDEWERKERS_CLIENT; LATE_ACTIVATIE";"";"95"
"1023";"Midden";"Synthetische medewerker 137";"SYN-M-0137";"Synthetisch team Noord";"Begeleiding";"Controle na overdracht van zorg";"Cliënt";"Synthetische cliënt 0018";"SYN-C-00018";"Synthetische hoofdlocatie 019";"03-05-2026, 19:44:11";"03-05-2026, 19:38:11";"VEEL_TEAMS_CLIENT; ONGELDIGE_ACTIVATIE";"";"-6"
"1131";"Midden";"Synthetische medewerker 021";"SYN-M-0021";"Synthetisch team Noord";"Begeleiding";"Ondersteuning tijdens avond- of nachtdienst";"Cliënt";"Synthetische cliënt 0185";"SYN-C-00185";"Synthetische hoofdlocatie 011";"03-05-2026, 20:48:37";"03-05-2026, 20:24:37";"VEEL_TEAMS_CLIENT; ONGELDIGE_ACTIVATIE";"";"-24"
"1695";"Midden";"Synthetische medewerker 043";"SYN-M-0043";"Synthetisch team West";"Synthetische deskundigheid";"Ondersteuning tijdens avond- of nachtdienst";"Cliënt";"Synthetische cliënt 0100";"SYN-C-00100";"Synthetische hoofdlocatie 001";"03-05-2026, 23:17:09";"Niet geactiveerd";"NIET_GEACTIVEERD; NACHT";"";""
"734";"Midden";"Synthetische medewerker 196";"SYN-M-0196";"Synthetisch testteam met lange naam";"Verpleegkundige testfunctie";"Controle na overdracht van zorg";"Locatie";"Synthetische locatie 001";"SYN-L-0001";"Synthetische hoofdlocatie 001";"04-05-2026, 00:33:21";"04-05-2026, 01:18:21";"NACHT; LATE_ACTIVATIE";"";"45"
"1686";"Midden";"Synthetische medewerker 071";"SYN-M-0071";"Synthetisch team West";"Synthetische deskundigheid";"Ondersteuning tijdens avond- of nachtdienst";"Cliënt";"Synthetische cliënt 0143";"SYN-C-00143";"Synthetische hoofdlocatie 019";"04-05-2026, 00:40:51";"Niet geactiveerd";"NIET_GEACTIVEERD; NACHT";"";""
"1628";"Midden";"Synthetische medewerker 222";"SYN-M-0222";"Synthetisch team Oost";"Nachtdienst";"Ondersteuning tijdens avond- of nachtdienst";"Locatie";"Synthetische locatie 020";"SYN-L-0020";"Synthetische hoofdlocatie 015";"04-05-2026, 01:55:43";"04-05-2026, 03:09:43";"NACHT; LATE_ACTIVATIE";"";"74"
"335";"Midden";"Synthetische medewerker 123";"SYN-M-0123";"Synthetisch team West";"Synthetische deskundigheid";"Voorbereiding van een geplande synthetische handeling";"Cliënt";"Synthetische cliënt 0117";"SYN-C-00117";"Synthetische hoofdlocatie 018";"04-05-2026, 03:40:30";"Niet geactiveerd";"NIET_GEACTIVEERD; NACHT";"";""
"745";"Midden";"Synthetische medewerker 202";"SYN-M-0202";"Synthetisch team Oost";"Nachtdienst";"Ondersteuning tijdens avond- of nachtdienst";"Cliënt";"Synthetische cliënt 0345";"SYN-C-00345";"Synthetische hoofdlocatie 021";"04-05-2026, 03:48:03";"04-05-2026, 04:27:03";"NACHT; LATE_ACTIVATIE";"";"39"
"441";"Midden";"Synthetische medewerker 181";"SYN-M-0181";"Synthetisch team Noord";"Begeleiding";"Ondersteuning tijdens avond- of nachtdienst";"Locatie";"Synthetische locatie 005";"SYN-L-0005";"Synthetische hoofdlocatie 010";"04-05-2026, 04:43:10";"Niet geactiveerd";"NIET_GEACTIVEERD; NACHT";"";""
"380";"Midden";"Synthetische medewerker 135";"SYN-M-0135";"Synthetisch team West";"Synthetische deskundigheid";"Ondersteuning tijdens avond- of nachtdienst";"Cliënt";"Synthetische cliënt 0378";"SYN-C-00378";"Synthetische hoofdlocatie 004";"04-05-2026, 04:55:12";"04-05-2026, 06:11:12";"NACHT; LATE_ACTIVATIE";"";"76"
"81";"Midden";"Synthetische medewerker 236";"SYN-M-0236";"Synthetisch testteam met lange naam";"Verpleegkundige testfunctie";"Voorbereiding van een geplande synthetische handeling";"Cliënt";"Synthetische cliënt 0245";"SYN-C-00245";"Synthetische hoofdlocatie 021";"04-05-2026, 05:03:29";"04-05-2026, 06:20:29";"NACHT; LATE_ACTIVATIE";"";"77"
"1977";"Midden";"Synthetische medewerker 194";"SYN-M-0194";"Synthetisch team Oost";"Nachtdienst";"Controle na overdracht van zorg";"Cliënt";"Synthetische cliënt 0342";"SYN-C-00342";"Synthetische hoofdlocatie 018";"04-05-2026, 05:37:42";"04-05-2026, 07:32:42";"NACHT; LATE_ACTIVATIE";"";"115"
"1109";"Midden";"Synthetische medewerker 111";"SYN-M-0111";"Synthetisch team West";"Synthetische deskundigheid";"Voorbereiding van een geplande synthetische handeling";"Cliënt";"Synthetische cliënt 0166";"SYN-C-00166";"Synthetische hoofdlocatie 017";"04-05-2026, 05:52:29";"Niet geactiveerd";"NIET_GEACTIVEERD; NACHT";"";""
"1309";"Midden";"Synthetische medewerker 125";"SYN-M-0125";"Synthetisch team Noord";"Begeleiding";"Acute ondersteuning buiten het vaste team";"Cliënt";"Synthetische cliënt 0063";"SYN-C-00063";"Synthetische hoofdlocatie 014";"04-05-2026, 07:07:05";"04-05-2026, 08:34:05";"VEEL_MEDEWERKERS_CLIENT; LATE_ACTIVATIE";"";"87"
"1457";"Midden";"Synthetische medewerker 109";"SYN-M-0109";"Synthetisch team Noord";"Begeleiding";"Controle na overdracht van zorg";"Cliënt";"Synthetische cliënt 0167";"SYN-C-00167";"Synthetische hoofdlocatie 018";"04-05-2026, 07:41:55";"04-05-2026, 08:42:55";"VEEL_MEDEWERKERS_CLIENT; LATE_ACTIVATIE";"";"61"
"1358";"Midden";"Synthetische medewerker 166";"SYN-M-0166";"Synthetisch team Oost";"Nachtdienst";"Ondersteuning tijdens avond- of nachtdienst";"Cliënt";"";"";"Synthetische hoofdlocatie 017";"04-05-2026, 09:26:14";"04-05-2026, 11:11:14";"LATE_ACTIVATIE; ONVOLLEDIG_CLIENTDOEL";"";"105"
"447";"Midden";"Synthetische medewerker 184";"SYN-M-0184";"Synthetisch testteam met lange naam";"Verpleegkundige testfunctie";"Ondersteuning tijdens avond- of nachtdienst";"Cliënt";"Synthetische cliënt 0456";"SYN-C-00456";"Synthetische hoofdlocatie 007";"04-05-2026, 10:54:15";"04-05-2026, 11:42:15";"VEEL_TEAMS_CLIENT; LATE_ACTIVATIE";"";"48"
"990";"Midden";"Synthetische medewerker 013";"SYN-M-0013";"Synthetisch team Noord";"Begeleiding";"Tijdelijke vervanging binnen het testrooster";"Cliënt";"Synthetische cliënt 0079";"SYN-C-00079";"Synthetische hoofdlocatie 005";"04-05-2026, 11:31:40";"Niet geactiveerd";"NIET_GEACTIVEERD; VEEL_TEAMS_CLIENT";"";""
"478";"Midden";"Synthetische medewerker 198";"SYN-M-0198";"Synthetisch team Oost";"Nachtdienst";"Ondersteuning tijdens avond- of nachtdienst";"Cliënt";"Synthetische cliënt 0167";"SYN-C-00167";"Synthetische hoofdlocatie 018";"04-05-2026, 15:10:28";"04-05-2026, 16:05:28";"VEEL_MEDEWERKERS_CLIENT; LATE_ACTIVATIE";"";"55"
"211";"Midden";"Synthetische medewerker 149";"SYN-M-0149";"Synthetisch team Noord";"Begeleiding";"Ondersteuning tijdens avond- of nachtdienst";"Cliënt";"";"";"Synthetische hoofdlocatie 007";"04-05-2026, 17:09:57";"04-05-2026, 17:30:57";"LATE_ACTIVATIE; ONVOLLEDIG_CLIENTDOEL";"";"21"
"43";"Midden";"Synthetische medewerker 048";"SYN-M-0048";"Synthetisch testteam met lange naam";"Verpleegkundige testfunctie";"Synthetische reden voor geautomatiseerde layoutcontrole";"Locatie";"Synthetische locatie 027";"SYN-L-0027";"Synthetische hoofdlocatie 017";"05-05-2026, 00:53:53";"05-05-2026, 01:38:53";"NACHT; LATE_ACTIVATIE";"";"45"
"973";"Midden";"Synthetische medewerker 177";"SYN-M-0177";"Synthetisch team Noord";"Begeleiding";"Synthetische reden voor geautomatiseerde layoutcontrole";"Cliënt";"Synthetische cliënt 0237";"SYN-C-00237";"Synthetische hoofdlocatie 013";"05-05-2026, 01:28:34";"05-05-2026, 02:40:34";"NACHT; LATE_ACTIVATIE";"";"72"
"807";"Midden";"Synthetische medewerker 238";"SYN-M-0238";"Synthetisch team Oost";"Nachtdienst";"Voorbereiding van een geplande synthetische handeling";"Cliënt";"Synthetische cliënt 0440";"SYN-C-00440";"Synthetische hoofdlocatie 016";"05-05-2026, 01:59:45";"05-05-2026, 02:55:45";"NACHT; LATE_ACTIVATIE";"";"56"
"1991";"Midden";"Synthetische medewerker 153";"SYN-M-0153";"Synthetisch team Noord";"Begeleiding";"Ondersteuning tijdens avond- of nachtdienst";"Cliënt";"Synthetische cliënt 0314";"SYN-C-00314";"Synthetische hoofdlocatie 015";"05-05-2026, 02:12:35";"05-05-2026, 02:17:35";"NACHT; LATE_ACTIVATIE";"";"5"
"822";"Midden";"Synthetische medewerker 130";"SYN-M-0130";"Synthetisch team Oost";"Nachtdienst";"Controle na overdracht van zorg";"Locatie";"Synthetische locatie 025";"SYN-L-0025";"Synthetische hoofdlocatie 005";"05-05-2026, 04:37:42";"05-05-2026, 05:24:42";"NACHT; LATE_ACTIVATIE";"";"47"
"1607";"Midden";"Synthetische medewerker 199";"SYN-M-0199";"Synthetisch team West";"Synthetische deskundigheid";"Controle na overdracht van zorg";"Locatie";"Synthetische locatie 025";"SYN-L-0025";"Synthetische hoofdlocatie 010";"05-05-2026, 05:36:51";"05-05-2026, 05:21:51";"NACHT; ONGELDIGE_ACTIVATIE";"";"-15"
"1569";"Midden";"Synthetische medewerker 051";"SYN-M-0051";"Synthetisch team West";"Synthetische deskundigheid";"Acute ondersteuning buiten het vaste team";"Cliënt";"Synthetische cliënt 0516";"SYN-C-00516";"Synthetische hoofdlocatie 017";"05-05-2026, 05:53:59";"05-05-2026, 06:14:59";"NACHT; LATE_ACTIVATIE";"";"21"
"215";"Midden";"Synthetische medewerker 018";"SYN-M-0018";"Synthetisch team Oost";"Nachtdienst";"Voorbereiding van een geplande synthetische handeling";"Cliënt";"";"";"Synthetische hoofdlocatie 006";"05-05-2026, 06:06:37";"05-05-2026, 06:37:37";"LATE_ACTIVATIE; ONVOLLEDIG_CLIENTDOEL";"";"31"
"1383";"Midden";"Synthetische medewerker 026";"SYN-M-0026";"Synthetisch team Oost";"Nachtdienst";"Ondersteuning tijdens avond- of nachtdienst";"Cliënt";"Synthetische cliënt 0079";"SYN-C-00079";"Synthetische hoofdlocatie 005";"05-05-2026, 06:39:29";"05-05-2026, 06:53:29";"VEEL_TEAMS_CLIENT; LATE_ACTIVATIE";"";"14"
"72";"Midden";"Synthetische medewerker 162";"SYN-M-0162";"Synthetisch team Oost";"Nachtdienst";"Voorbereiding van een geplande synthetische handeling";"Cliënt";"Synthetische cliënt 0332";"SYN-C-00332";"Synthetische hoofdlocatie 008";"05-05-2026, 08:17:21";"05-05-2026, 09:57:21";"VEEL_MEDEWERKERS_CLIENT; LATE_ACTIVATIE";"";"100"
"1743";"Midden";"Synthetische medewerker 062";"SYN-M-0062";"Synthetisch team Oost";"Nachtdienst";"Ondersteuning tijdens avond- of nachtdienst";"Cliënt";"Synthetische cliënt 0473";"SYN-C-00473";"Synthetische hoofdlocatie 024";"05-05-2026, 09:53:46";"05-05-2026, 11:17:46";"VEEL_TEAMS_CLIENT; LATE_ACTIVATIE";"";"84"
"167";"Midden";"Synthetische medewerker 184";"SYN-M-0184";"Synthetisch testteam met lange naam";"Verpleegkundige testfunctie";"Voorbereiding van een geplande synthetische handeling";"Cliënt";"Synthetische cliënt 0489";"SYN-C-00489";"Synthetische hoofdlocatie 015";"05-05-2026, 11:39:50";"05-05-2026, 12:11:50";"VEEL_MEDEWERKERS_CLIENT; LATE_ACTIVATIE";"";"32"
"819";"Midden";"Synthetische medewerker 010";"SYN-M-0010";"Synthetisch team Oost";"Nachtdienst";"Voorbereiding van een geplande synthetische handeling";"Cliënt";"Synthetische cliënt 0279";"SYN-C-00279";"Synthetische hoofdlocatie 005";"05-05-2026, 13:23:37";"05-05-2026, 14:05:37";"VEEL_MEDEWERKERS_CLIENT; LATE_ACTIVATIE";"";"42"
"1521";"Midden";"Synthetische medewerker 049";"SYN-M-0049";"Synthetisch team Noord";"Begeleiding";"Tijdelijke vervanging binnen het testrooster";"Cliënt";"Synthetische cliënt 0538";"SYN-C-00538";"Synthetische hoofdlocatie 014";"05-05-2026, 15:04:57";"05-05-2026, 17:03:57";"VEEL_MEDEWERKERS_CLIENT; LATE_ACTIVATIE";"";"119"
"323";"Midden";"Synthetische medewerker 247";"SYN-M-0247";"Synthetisch team West";"Synthetische deskundigheid";"Voorbereiding van een geplande synthetische handeling";"Cliënt";"Synthetische cliënt 0232";"SYN-C-00232";"Synthetische hoofdlocatie 008";"05-05-2026, 18:49:39";"05-05-2026, 20:44:39";"VEEL_MEDEWERKERS_CLIENT; LATE_ACTIVATIE";"";"115"
"1580";"Midden";"Synthetische medewerker 028";"SYN-M-0028";"Synthetisch testteam met lange naam";"Verpleegkundige testfunctie";"Acute ondersteuning buiten het vaste team";"Cliënt";"Synthetische cliënt 0140";"SYN-C-00140";"Synthetische hoofdlocatie 016";"05-05-2026, 21:22:43";"05-05-2026, 22:19:43";"VEEL_TEAMS_CLIENT; LATE_ACTIVATIE";"";"57"
"980";"Midden";"Synthetische medewerker 113";"SYN-M-0113";"Synthetisch team Noord";"Begeleiding";"Synthetische reden voor geautomatiseerde layoutcontrole";"Cliënt";"Synthetische cliënt 0166";"SYN-C-00166";"Synthetische hoofdlocatie 017";"05-05-2026, 23:05:39";"06-05-2026, 00:15:39";"NACHT; LATE_ACTIVATIE";"";"70"
"1890";"Midden";"Synthetische medewerker 138";"SYN-M-0138";"Synthetisch team Oost";"Nachtdienst";"Synthetische reden voor geautomatiseerde layoutcontrole";"Cliënt";"Synthetische cliënt 0484";"SYN-C-00484";"Synthetische hoofdlocatie 010";"06-05-2026, 00:18:34";"06-05-2026, 00:45:34";"NACHT; LATE_ACTIVATIE";"";"27"
"1904";"Midden";"Synthetische medewerker 019";"SYN-M-0019";"Synthetisch team West";"Synthetische deskundigheid";"Ondersteuning tijdens avond- of nachtdienst";"Cliënt";"Synthetische cliënt 0029";"SYN-C-00029";"Synthetische hoofdlocatie 005";"06-05-2026, 00:37:11";"06-05-2026, 01:15:11";"NACHT; LATE_ACTIVATIE";"";"38"
"1959";"Midden";"Synthetische medewerker 158";"SYN-M-0158";"Synthetisch team Oost";"Nachtdienst";"Ondersteuning tijdens avond- of nachtdienst";"Cliënt";"Synthetische cliënt 0257";"SYN-C-00257";"Synthetische hoofdlocatie 008";"06-05-2026, 00:38:39";"Niet geactiveerd";"NIET_GEACTIVEERD; NACHT";"";""
"804";"Midden";"Synthetische medewerker 186";"SYN-M-0186";"Synthetisch team Oost";"Nachtdienst";"Voorbereiding van een geplande synthetische handeling";"Cliënt";"Synthetische cliënt 0352";"SYN-C-00352";"Synthetische hoofdlocatie 003";"06-05-2026, 02:23:00";"06-05-2026, 02:17:00";"NACHT; ONGELDIGE_ACTIVATIE";"";"-6"
"1598";"Midden";"Synthetische medewerker 153";"SYN-M-0153";"Synthetisch team Noord";"Begeleiding";"Controle na overdracht van zorg";"Cliënt";"Synthetische cliënt 0505";"SYN-C-00505";"Synthetische hoofdlocatie 006";"06-05-2026, 02:34:26";"06-05-2026, 04:26:26";"NACHT; LATE_ACTIVATIE";"";"112"
"303";"Midden";"Synthetische medewerker 239";"SYN-M-0239";"Synthetisch team West";"Synthetische deskundigheid";"Voorbereiding van een geplande synthetische handeling";"Cliënt";"Synthetische cliënt 0358";"SYN-C-00358";"Synthetische hoofdlocatie 009";"06-05-2026, 04:00:52";"06-05-2026, 04:55:52";"NACHT; LATE_ACTIVATIE";"";"55"
"383";"Midden";"Synthetische medewerker 054";"SYN-M-0054";"Synthetisch team Oost";"Nachtdienst";"Voorbereiding van een geplande synthetische handeling";"Cliënt";"Synthetische cliënt 0525";"SYN-C-00525";"Synthetische hoofdlocatie 001";"06-05-2026, 04:14:23";"Niet geactiveerd";"NIET_GEACTIVEERD; NACHT";"";""
"1115";"Midden";"Synthetische medewerker 047";"SYN-M-0047";"Synthetisch team West";"Synthetische deskundigheid";"Ondersteuning tijdens avond- of nachtdienst";"Locatie";"Synthetische locatie 008";"SYN-L-0008";"Synthetische hoofdlocatie 008";"06-05-2026, 04:46:10";"06-05-2026, 05:15:10";"NACHT; LATE_ACTIVATIE";"";"29"
"938";"Midden";"Synthetische medewerker 185";"SYN-M-0185";"Synthetisch team Noord";"Begeleiding";"Acute ondersteuning buiten het vaste team";"Cliënt";"Synthetische cliënt 0575";"SYN-C-00575";"Synthetische hoofdlocatie 001";"06-05-2026, 05:02:00";"06-05-2026, 06:29:00";"NACHT; LATE_ACTIVATIE";"";"87"
"1758";"Midden";"Synthetische medewerker 134";"SYN-M-0134";"Synthetisch team Oost";"Nachtdienst";"Synthetische reden voor geautomatiseerde layoutcontrole";"Cliënt";"Synthetische cliënt 0057";"SYN-C-00057";"Synthetische hoofdlocatie 008";"06-05-2026, 05:26:09";"06-05-2026, 06:03:09";"NACHT; LATE_ACTIVATIE";"";"37"
"1557";"Midden";"Synthetische medewerker 158";"SYN-M-0158";"Synthetisch team Oost";"Nachtdienst";"Voorbereiding van een geplande synthetische handeling";"Cliënt";"Synthetische cliënt 0175";"SYN-C-00175";"Synthetische hoofdlocatie 001";"06-05-2026, 05:46:39";"06-05-2026, 05:58:39";"NACHT; LATE_ACTIVATIE";"";"12"
"1889";"Midden";"Synthetische medewerker 084";"SYN-M-0084";"Synthetisch testteam met lange naam";"Verpleegkundige testfunctie";"Tijdelijke vervanging binnen het testrooster";"Cliënt";"Synthetische cliënt 0087";"SYN-C-00087";"Synthetische hoofdlocatie 013";"06-05-2026, 09:17:51";"06-05-2026, 09:57:51";"VEEL_MEDEWERKERS_CLIENT; LATE_ACTIVATIE";"";"40"
"1065";"Midden";"Synthetische medewerker 037";"SYN-M-0037";"Synthetisch team Noord";"Begeleiding";"Voorbereiding van een geplande synthetische handeling";"Cliënt";"Synthetische cliënt 0453";"SYN-C-00453";"Synthetische hoofdlocatie 004";"06-05-2026, 12:51:43";"Niet geactiveerd";"NIET_GEACTIVEERD; VEEL_MEDEWERKERS_CLIENT";"";""
"31";"Midden";"Synthetische medewerker 101";"SYN-M-0101";"Synthetisch team Noord";"Begeleiding";"Controle na overdracht van zorg";"Cliënt";"Synthetische cliënt 0444";"SYN-C-00444";"Synthetische hoofdlocatie 020";"06-05-2026, 13:45:19";"06-05-2026, 14:34:19";"VEEL_MEDEWERKERS_CLIENT; LATE_ACTIVATIE";"";"49"
"232";"Midden";"Synthetische medewerker 074";"SYN-M-0074";"Synthetisch team Oost";"Nachtdienst";"Controle na overdracht van zorg";"Cliënt";"";"";"Synthetische hoofdlocatie 005";"06-05-2026, 15:11:59";"06-05-2026, 16:49:59";"LATE_ACTIVATIE; ONVOLLEDIG_CLIENTDOEL";"";"98"
"1733";"Midden";"Synthetische medewerker 150";"SYN-M-0150";"Synthetisch team Oost";"Nachtdienst";"Controle na overdracht van zorg";"Cliënt";"Synthetische cliënt 0089";"SYN-C-00089";"Synthetische hoofdlocatie 015";"06-05-2026, 15:17:13";"06-05-2026, 15:05:13";"VEEL_MEDEWERKERS_CLIENT; ONGELDIGE_ACTIVATIE";"";"-12"
"1326";"Midden";"Synthetische medewerker 126";"SYN-M-0126";"Synthetisch team Oost";"Nachtdienst";"Ondersteuning tijdens avond- of nachtdienst";"Cliënt";"Synthetische cliënt 0268";"SYN-C-00268";"Synthetische hoofdlocatie 019";"06-05-2026, 16:53:05";"06-05-2026, 17:03:05";"VEEL_MEDEWERKERS_CLIENT; LATE_ACTIVATIE";"";"10"
"1917";"Midden";"Synthetische medewerker 192";"SYN-M-0192";"Synthetisch testteam met lange naam";"Verpleegkundige testfunctie";"Ondersteuning tijdens avond- of nachtdienst";"Cliënt";"Synthetische cliënt 0591";"SYN-C-00591";"Synthetische hoofdlocatie 017";"06-05-2026, 16:57:19";"Niet geactiveerd";"NIET_GEACTIVEERD; VEEL_MEDEWERKERS_CLIENT";"";""
"1617";"Midden";"Synthetische medewerker 095";"SYN-M-0095";"Synthetisch team West";"Synthetische deskundigheid";"Voorbereiding van een geplande synthetische handeling";"Cliënt";"Synthetische cliënt 0018";"SYN-C-00018";"Synthetische hoofdlocatie 019";"06-05-2026, 17:01:35";"Niet geactiveerd";"NIET_GEACTIVEERD; VEEL_TEAMS_CLIENT";"";""
"879";"Midden";"Synthetische medewerker 068";"SYN-M-0068";"Synthetisch testteam met lange naam";"Verpleegkundige testfunctie";"Ondersteuning tijdens avond- of nachtdienst";"Cliënt";"Synthetische cliënt 0472";"SYN-C-00472";"Synthetische hoofdlocatie 023";"06-05-2026, 21:23:10";"Niet geactiveerd";"NIET_GEACTIVEERD; VEEL_TEAMS_CLIENT";"";""
"1111";"Midden";"Synthetische medewerker 209";"SYN-M-0209";"Synthetisch team Noord";"Begeleiding";"Controle na overdracht van zorg";"Cliënt";"Synthetische cliënt 0274";"SYN-C-00274";"Synthetische hoofdlocatie 025";"06-05-2026, 23:15:03";"07-05-2026, 00:54:03";"NACHT; LATE_ACTIVATIE";"";"99"
"85";"Midden";"Synthetische medewerker 044";"SYN-M-0044";"Synthetisch testteam met lange naam";"Verpleegkundige testfunctie";"Controle na overdracht van zorg";"Cliënt";"Synthetische cliënt 0162";"SYN-C-00162";"Synthetische hoofdlocatie 013";"06-05-2026, 23:24:31";"07-05-2026, 00:46:31";"NACHT; LATE_ACTIVATIE";"";"82"
"340";"Midden";"Synthetische medewerker 190";"SYN-M-0190";"Synthetisch team Oost";"Nachtdienst";"Tijdelijke vervanging binnen het testrooster";"Cliënt";"Synthetische cliënt 0025";"SYN-C-00025";"Synthetische hoofdlocatie 001";"06-05-2026, 23:54:42";"07-05-2026, 00:51:42";"NACHT; LATE_ACTIVATIE";"";"57"
"613";"Midden";"Synthetische medewerker 012";"SYN-M-0012";"Synthetisch testteam met lange naam";"Verpleegkundige testfunctie";"Tijdelijke vervanging binnen het testrooster";"Cliënt";"Synthetische cliënt 0181";"SYN-C-00181";"Synthetische hoofdlocatie 007";"07-05-2026, 00:39:25";"07-05-2026, 00:41:25";"NACHT; VEEL_TEAMS_CLIENT";"";"2"
"1729";"Midden";"Synthetische medewerker 120";"SYN-M-0120";"Synthetisch testteam met lange naam";"Verpleegkundige testfunctie";"Acute ondersteuning buiten het vaste team";"Cliënt";"Synthetische cliënt 0271";"SYN-C-00271";"Synthetische hoofdlocatie 022";"07-05-2026, 00:49:41";"07-05-2026, 00:58:41";"NACHT; LATE_ACTIVATIE";"";"9"
"1019";"Midden";"Synthetische medewerker 186";"SYN-M-0186";"Synthetisch team Oost";"Nachtdienst";"Synthetische reden voor geautomatiseerde layoutcontrole";"Cliënt";"Synthetische cliënt 0494";"SYN-C-00494";"Synthetische hoofdlocatie 020";"07-05-2026, 01:18:09";"07-05-2026, 01:07:09";"NACHT; ONGELDIGE_ACTIVATIE";"";"-11"
"952";"Midden";"Synthetische medewerker 211";"SYN-M-0211";"Synthetisch team West";"Synthetische deskundigheid";"Synthetische reden voor geautomatiseerde layoutcontrole";"Cliënt";"Synthetische cliënt 0417";"SYN-C-00417";"Synthetische hoofdlocatie 018";"07-05-2026, 01:31:01";"Niet geactiveerd";"NIET_GEACTIVEERD; NACHT";"";""
"1369";"Midden";"Synthetische medewerker 087";"SYN-M-0087";"Synthetisch team West";"Synthetische deskundigheid";"Acute ondersteuning buiten het vaste team";"Cliënt";"Synthetische cliënt 0522";"SYN-C-00522";"Synthetische hoofdlocatie 023";"07-05-2026, 01:33:33";"07-05-2026, 02:34:33";"NACHT; LATE_ACTIVATIE";"";"61"
"1362";"Midden";"Synthetische medewerker 104";"SYN-M-0104";"Synthetisch testteam met lange naam";"Verpleegkundige testfunctie";"Tijdelijke vervanging binnen het testrooster";"Cliënt";"Synthetische cliënt 0183";"SYN-C-00183";"Synthetische hoofdlocatie 009";"07-05-2026, 03:03:24";"07-05-2026, 03:57:24";"NACHT; LATE_ACTIVATIE";"";"54"
"679";"Midden";"Synthetische medewerker 112";"SYN-M-0112";"Synthetisch testteam met lange naam";"Verpleegkundige testfunctie";"Tijdelijke vervanging binnen het testrooster";"Cliënt";"Synthetische cliënt 0191";"SYN-C-00191";"Synthetische hoofdlocatie 017";"07-05-2026, 03:32:09";"07-05-2026, 03:12:09";"NACHT; ONGELDIGE_ACTIVATIE";"";"-20"
"1260";"Midden";"Synthetische medewerker 023";"SYN-M-0023";"Synthetisch team West";"Synthetische deskundigheid";"Acute ondersteuning buiten het vaste team";"Cliënt";"Synthetische cliënt 0502";"SYN-C-00502";"Synthetische hoofdlocatie 003";"07-05-2026, 05:06:09";"07-05-2026, 06:02:09";"NACHT; LATE_ACTIVATIE";"";"56"
"520";"Midden";"Synthetische medewerker 067";"SYN-M-0067";"Synthetisch team West";"Synthetische deskundigheid";"Acute ondersteuning buiten het vaste team";"Cliënt";"Synthetische cliënt 0009";"SYN-C-00009";"Synthetische hoofdlocatie 010";"07-05-2026, 05:22:20";"Niet geactiveerd";"NIET_GEACTIVEERD; NACHT";"";""
"418";"Midden";"Synthetische medewerker 070";"SYN-M-0070";"Synthetisch team Oost";"Nachtdienst";"Voorbereiding van een geplande synthetische handeling";"Cliënt";"Synthetische cliënt 0400";"SYN-C-00400";"Synthetische hoofdlocatie 001";"07-05-2026, 08:42:26";"07-05-2026, 09:37:26";"VEEL_MEDEWERKERS_CLIENT; LATE_ACTIVATIE";"";"55"
"1377";"Midden";"Synthetische medewerker 074";"SYN-M-0074";"Synthetisch team Oost";"Nachtdienst";"Controle na overdracht van zorg";"Cliënt";"Synthetische cliënt 0292";"SYN-C-00292";"Synthetische hoofdlocatie 018";"07-05-2026, 09:15:41";"07-05-2026, 10:30:41";"VEEL_MEDEWERKERS_CLIENT; LATE_ACTIVATIE";"";"75"
"572";"Midden";"Synthetische medewerker 023";"SYN-M-0023";"Synthetisch team West";"Synthetische deskundigheid";"Synthetische reden voor geautomatiseerde layoutcontrole";"Cliënt";"Synthetische cliënt 0255";"SYN-C-00255";"Synthetische hoofdlocatie 006";"07-05-2026, 09:51:29";"Niet geactiveerd";"NIET_GEACTIVEERD; VEEL_MEDEWERKERS_CLIENT";"";""
"489";"Midden";"Synthetische medewerker 034";"SYN-M-0034";"Synthetisch team Oost";"Nachtdienst";"Acute ondersteuning buiten het vaste team";"Cliënt";"Synthetische cliënt 0475";"SYN-C-00475";"Synthetische hoofdlocatie 001";"07-05-2026, 10:28:10";"07-05-2026, 11:32:10";"VEEL_TEAMS_CLIENT; LATE_ACTIVATIE";"";"64"
"1136";"Midden";"Synthetische medewerker 106";"SYN-M-0106";"Synthetisch team Oost";"Nachtdienst";"Ondersteuning tijdens avond- of nachtdienst";"Cliënt";"Synthetische cliënt 0044";"SYN-C-00044";"Synthetische hoofdlocatie 020";"07-05-2026, 12:08:13";"07-05-2026, 13:06:13";"VEEL_TEAMS_CLIENT; LATE_ACTIVATIE";"";"58"
"668";"Midden";"Synthetische medewerker 111";"SYN-M-0111";"Synthetisch team West";"Synthetische deskundigheid";"Acute ondersteuning buiten het vaste team";"Cliënt";"Synthetische cliënt 0195";"SYN-C-00195";"Synthetische hoofdlocatie 021";"07-05-2026, 16:58:19";"07-05-2026, 17:29:19";"VEEL_TEAMS_CLIENT; LATE_ACTIVATIE";"";"31"
"1322";"Midden";"Synthetische medewerker 032";"SYN-M-0032";"Synthetisch testteam met lange naam";"Verpleegkundige testfunctie";"Synthetische reden voor geautomatiseerde layoutcontrole";"Cliënt";"Synthetische cliënt 0384";"SYN-C-00384";"Synthetische hoofdlocatie 010";"07-05-2026, 17:28:21";"07-05-2026, 19:28:21";"VEEL_MEDEWERKERS_CLIENT; LATE_ACTIVATIE";"";"120"
"747";"Midden";"Synthetische medewerker 214";"SYN-M-0214";"Synthetisch team Oost";"Nachtdienst";"Tijdelijke vervanging binnen het testrooster";"Cliënt";"Synthetische cliënt 0036";"SYN-C-00036";"Synthetische hoofdlocatie 012";"07-05-2026, 17:32:49";"Niet geactiveerd";"NIET_GEACTIVEERD; VEEL_TEAMS_CLIENT";"";""
"981";"Midden";"Synthetische medewerker 196";"SYN-M-0196";"Synthetisch testteam met lange naam";"Verpleegkundige testfunctie";"Tijdelijke vervanging binnen het testrooster";"Cliënt";"Synthetische cliënt 0018";"SYN-C-00018";"Synthetische hoofdlocatie 019";"07-05-2026, 18:06:06";"07-05-2026, 19:36:06";"VEEL_TEAMS_CLIENT; LATE_ACTIVATIE";"";"90"
"1601";"Midden";"Synthetische medewerker 143";"SYN-M-0143";"Synthetisch team West";"Synthetische deskundigheid";"Controle na overdracht van zorg";"Cliënt";"Synthetische cliënt 0545";"SYN-C-00545";"Synthetische hoofdlocatie 021";"07-05-2026, 19:15:04";"07-05-2026, 20:17:04";"VEEL_TEAMS_CLIENT; LATE_ACTIVATIE";"";"62"
"191";"Midden";"Synthetische medewerker 234";"SYN-M-0234";"Synthetisch team Oost";"Nachtdienst";"Ondersteuning tijdens avond- of nachtdienst";"Cliënt";"Synthetische cliënt 0432";"SYN-C-00432";"Synthetische hoofdlocatie 008";"07-05-2026, 19:22:07";"07-05-2026, 20:52:07";"VEEL_MEDEWERKERS_CLIENT; LATE_ACTIVATIE";"";"90"
"102";"Midden";"Synthetische medewerker 068";"SYN-M-0068";"Synthetisch testteam met lange naam";"Verpleegkundige testfunctie";"Voorbereiding van een geplande synthetische handeling";"Cliënt";"Synthetische cliënt 0237";"SYN-C-00237";"Synthetische hoofdlocatie 013";"07-05-2026, 23:03:06";"07-05-2026, 23:31:06";"NACHT; LATE_ACTIVATIE";"";"28"
"1520";"Midden";"Synthetische medewerker 012";"SYN-M-0012";"Synthetisch testteam met lange naam";"Verpleegkundige testfunctie";"Controle na overdracht van zorg";"Cliënt";"Synthetische cliënt 0250";"SYN-C-00250";"Synthetische hoofdlocatie 001";"07-05-2026, 23:22:38";"08-05-2026, 01:13:38";"NACHT; LATE_ACTIVATIE";"";"111"
"606";"Midden";"Synthetische medewerker 149";"SYN-M-0149";"Synthetisch team Noord";"Begeleiding";"Acute ondersteuning buiten het vaste team";"Cliënt";"Synthetische cliënt 0408";"SYN-C-00408";"Synthetische hoofdlocatie 009";"07-05-2026, 23:46:36";"08-05-2026, 00:34:36";"NACHT; LATE_ACTIVATIE";"";"48"
"1245";"Midden";"Synthetische medewerker 102";"SYN-M-0102";"Synthetisch team Oost";"Nachtdienst";"Ondersteuning tijdens avond- of nachtdienst";"Cliënt";"Synthetische cliënt 0581";"SYN-C-00581";"Synthetische hoofdlocatie 007";"08-05-2026, 00:21:54";"08-05-2026, 01:38:54";"NACHT; LATE_ACTIVATIE";"";"77"
"1327";"Midden";"Synthetische medewerker 150";"SYN-M-0150";"Synthetisch team Oost";"Nachtdienst";"Voorbereiding van een geplande synthetische handeling";"Cliënt";"Synthetische cliënt 0131";"SYN-C-00131";"Synthetische hoofdlocatie 007";"08-05-2026, 01:14:02";"08-05-2026, 03:12:02";"NACHT; LATE_ACTIVATIE";"";"118"
"1229";"Midden";"Synthetische medewerker 091";"SYN-M-0091";"Synthetisch team West";"Synthetische deskundigheid";"Voorbereiding van een geplande synthetische handeling";"Cliënt";"Synthetische cliënt 0412";"SYN-C-00412";"Synthetische hoofdlocatie 013";"08-05-2026, 01:38:50";"Niet geactiveerd";"NIET_GEACTIVEERD; NACHT";"";""
"1832";"Midden";"Synthetische medewerker 114";"SYN-M-0114";"Synthetisch team Oost";"Nachtdienst";"Voorbereiding van een geplande synthetische handeling";"Cliënt";"Synthetische cliënt 0597";"SYN-C-00597";"Synthetische hoofdlocatie 023";"08-05-2026, 02:29:20";"08-05-2026, 02:54:20";"NACHT; LATE_ACTIVATIE";"";"25"
"1851";"Midden";"Synthetische medewerker 191";"SYN-M-0191";"Synthetisch team West";"Synthetische deskundigheid";"Controle na overdracht van zorg";"Cliënt";"Synthetische cliënt 0549";"SYN-C-00549";"Synthetische hoofdlocatie 025";"08-05-2026, 03:36:14";"Niet geactiveerd";"NIET_GEACTIVEERD; NACHT";"";""
"1698";"Midden";"Synthetische medewerker 064";"SYN-M-0064";"Synthetisch testteam met lange naam";"Verpleegkundige testfunctie";"Acute ondersteuning buiten het vaste team";"Cliënt";"Synthetische cliënt 0242";"SYN-C-00242";"Synthetische hoofdlocatie 018";"08-05-2026, 03:45:07";"08-05-2026, 05:36:07";"NACHT; LATE_ACTIVATIE";"";"111"
"152";"Midden";"Synthetische medewerker 226";"SYN-M-0226";"Synthetisch team Oost";"Nachtdienst";"Tijdelijke vervanging binnen het testrooster";"Cliënt";"Synthetische cliënt 0411";"SYN-C-00411";"Synthetische hoofdlocatie 012";"08-05-2026, 05:48:16";"08-05-2026, 06:35:16";"NACHT; LATE_ACTIVATIE";"";"47"
"1878";"Midden";"Synthetische medewerker 151";"SYN-M-0151";"Synthetisch team West";"Synthetische deskundigheid";"Tijdelijke vervanging binnen het testrooster";"Cliënt";"Synthetische cliënt 0114";"SYN-C-00114";"Synthetische hoofdlocatie 015";"08-05-2026, 08:01:43";"08-05-2026, 08:38:43";"VEEL_MEDEWERKERS_CLIENT; LATE_ACTIVATIE";"";"37"
"1508";"Midden";"Synthetische medewerker 059";"SYN-M-0059";"Synthetisch team West";"Synthetische deskundigheid";"Tijdelijke vervanging binnen het testrooster";"Cliënt";"Synthetische cliënt 0535";"SYN-C-00535";"Synthetische hoofdlocatie 011";"08-05-2026, 08:11:07";"08-05-2026, 10:02:07";"VEEL_TEAMS_CLIENT; LATE_ACTIVATIE";"";"111"
"1694";"Midden";"Synthetische medewerker 149";"SYN-M-0149";"Synthetisch team Noord";"Begeleiding";"Tijdelijke vervanging binnen het testrooster";"Cliënt";"Synthetische cliënt 0538";"SYN-C-00538";"Synthetische hoofdlocatie 014";"08-05-2026, 10:11:02";"08-05-2026, 10:15:02";"VEEL_MEDEWERKERS_CLIENT; LATE_ACTIVATIE";"";"4"
"818";"Midden";"Synthetische medewerker 041";"SYN-M-0041";"Synthetisch team Noord";"Begeleiding";"Acute ondersteuning buiten het vaste team";"Cliënt";"Synthetische cliënt 0445";"SYN-C-00445";"Synthetische hoofdlocatie 021";"08-05-2026, 12:06:58";"08-05-2026, 13:59:58";"VEEL_MEDEWERKERS_CLIENT; LATE_ACTIVATIE";"";"113"
"1696";"Midden";"Synthetische medewerker 024";"SYN-M-0024";"Synthetisch testteam met lange naam";"Verpleegkundige testfunctie";"Voorbereiding van een geplande synthetische handeling";"Cliënt";"Synthetische cliënt 0404";"SYN-C-00404";"Synthetische hoofdlocatie 005";"08-05-2026, 13:00:45";"08-05-2026, 14:23:45";"VEEL_TEAMS_CLIENT; LATE_ACTIVATIE";"";"83"
"368";"Midden";"Synthetische medewerker 133";"SYN-M-0133";"Synthetisch team Noord";"Begeleiding";"Synthetische reden voor geautomatiseerde layoutcontrole";"Cliënt";"Synthetische cliënt 0181";"SYN-C-00181";"Synthetische hoofdlocatie 007";"08-05-2026, 15:33:29";"08-05-2026, 15:39:29";"VEEL_TEAMS_CLIENT; LATE_ACTIVATIE";"";"6"
"468";"Midden";"Synthetische medewerker 182";"SYN-M-0182";"Synthetisch team Oost";"Nachtdienst";"Ondersteuning tijdens avond- of nachtdienst";"Cliënt";"Synthetische cliënt 0148";"SYN-C-00148";"Synthetische hoofdlocatie 024";"08-05-2026, 15:56:02";"08-05-2026, 15:36:02";"VEEL_MEDEWERKERS_CLIENT; ONGELDIGE_ACTIVATIE";"";"-20"
"301";"Midden";"Synthetische medewerker 047";"SYN-M-0047";"Synthetisch team West";"Synthetische deskundigheid";"Controle na overdracht van zorg";"Cliënt";"";"";"Synthetische hoofdlocatie 020";"08-05-2026, 17:12:11";"08-05-2026, 19:03:11";"LATE_ACTIVATIE; ONVOLLEDIG_CLIENTDOEL";"";"111"
"524";"Midden";"Synthetische medewerker 080";"SYN-M-0080";"Synthetisch testteam met lange naam";"Verpleegkundige testfunctie";"Controle na overdracht van zorg";"Cliënt";"";"";"Synthetische hoofdlocatie 024";"08-05-2026, 19:14:40";"08-05-2026, 20:18:40";"LATE_ACTIVATIE; ONVOLLEDIG_CLIENTDOEL";"";"64"
"721";"Midden";"Synthetische medewerker 104";"SYN-M-0104";"Synthetisch testteam met lange naam";"Verpleegkundige testfunctie";"Synthetische reden voor geautomatiseerde layoutcontrole";"Cliënt";"Synthetische cliënt 0413";"SYN-C-00413";"Synthetische hoofdlocatie 014";"08-05-2026, 20:09:45";"08-05-2026, 20:58:45";"VEEL_MEDEWERKERS_CLIENT; LATE_ACTIVATIE";"";"49"
"1712";"Midden";"Synthetische medewerker 180";"SYN-M-0180";"Synthetisch testteam met lange naam";"Verpleegkundige testfunctie";"Voorbereiding van een geplande synthetische handeling";"Cliënt";"Synthetische cliënt 0044";"SYN-C-00044";"Synthetische hoofdlocatie 020";"08-05-2026, 20:27:30";"08-05-2026, 21:28:30";"VEEL_TEAMS_CLIENT; LATE_ACTIVATIE";"";"61"
"1068";"Midden";"Synthetische medewerker 044";"SYN-M-0044";"Synthetisch testteam met lange naam";"Verpleegkundige testfunctie";"Ondersteuning tijdens avond- of nachtdienst";"Cliënt";"Synthetische cliënt 0279";"SYN-C-00279";"Synthetische hoofdlocatie 005";"08-05-2026, 22:13:00";"Niet geactiveerd";"NIET_GEACTIVEERD; VEEL_MEDEWERKERS_CLIENT";"";""
"1660";"Midden";"Synthetische medewerker 051";"SYN-M-0051";"Synthetisch team West";"Synthetische deskundigheid";"Acute ondersteuning buiten het vaste team";"Cliënt";"Synthetische cliënt 0091";"SYN-C-00091";"Synthetische hoofdlocatie 017";"08-05-2026, 23:08:43";"09-05-2026, 00:58:43";"NACHT; LATE_ACTIVATIE";"";"110"
"6";"Midden";"Synthetische medewerker 141";"SYN-M-0141";"Synthetisch team Noord";"Begeleiding";"Tijdelijke vervanging binnen het testrooster";"Cliënt";"Synthetische cliënt 0248";"SYN-C-00248";"Synthetische hoofdlocatie 024";"08-05-2026, 23:40:05";"Niet geactiveerd";"NIET_GEACTIVEERD; NACHT";"";""
"1234";"Midden";"Synthetische medewerker 234";"SYN-M-0234";"Synthetisch team Oost";"Nachtdienst";"Ondersteuning tijdens avond- of nachtdienst";"Cliënt";"Synthetische cliënt 0347";"SYN-C-00347";"Synthetische hoofdlocatie 023";"09-05-2026, 00:21:17";"09-05-2026, 02:16:17";"NACHT; LATE_ACTIVATIE";"";"115"
"252";"Midden";"Synthetische medewerker 223";"SYN-M-0223";"Synthetisch team West";"Synthetische deskundigheid";"Synthetische reden voor geautomatiseerde layoutcontrole";"Cliënt";"Synthetische cliënt 0498";"SYN-C-00498";"Synthetische hoofdlocatie 024";"09-05-2026, 01:25:26";"Niet geactiveerd";"NIET_GEACTIVEERD; NACHT";"";""
"486";"Midden";"Synthetische medewerker 118";"SYN-M-0118";"Synthetisch team Oost";"Nachtdienst";"Tijdelijke vervanging binnen het testrooster";"Cliënt";"Synthetische cliënt 0593";"SYN-C-00593";"Synthetische hoofdlocatie 019";"09-05-2026, 01:40:00";"09-05-2026, 02:32:00";"NACHT; LATE_ACTIVATIE";"";"52"
"1445";"Midden";"Synthetische medewerker 163";"SYN-M-0163";"Synthetisch team West";"Synthetische deskundigheid";"Controle na overdracht van zorg";"Locatie";"Synthetische locatie 006";"SYN-L-0006";"Synthetische hoofdlocatie 021";"09-05-2026, 01:55:39";"09-05-2026, 03:39:39";"NACHT; LATE_ACTIVATIE";"";"104"
"1031";"Midden";"Synthetische medewerker 159";"SYN-M-0159";"Synthetisch team West";"Synthetische deskundigheid";"Acute ondersteuning buiten het vaste team";"Locatie";"Synthetische locatie 004";"SYN-L-0004";"Synthetische hoofdlocatie 009";"09-05-2026, 02:35:09";"Niet geactiveerd";"NIET_GEACTIVEERD; NACHT";"";""
"992";"Midden";"Synthetische medewerker 068";"SYN-M-0068";"Synthetisch testteam met lange naam";"Verpleegkundige testfunctie";"Voorbereiding van een geplande synthetische handeling";"Cliënt";"Synthetische cliënt 0366";"SYN-C-00366";"Synthetische hoofdlocatie 017";"09-05-2026, 03:04:51";"09-05-2026, 04:38:51";"NACHT; LATE_ACTIVATIE";"";"94"
"1668";"Midden";"Synthetische medewerker 073";"SYN-M-0073";"Synthetisch team Noord";"Begeleiding";"Acute ondersteuning buiten het vaste team";"Cliënt";"Synthetische cliënt 0381";"SYN-C-00381";"Synthetische hoofdlocatie 007";"09-05-2026, 03:06:11";"09-05-2026, 03:57:11";"NACHT; LATE_ACTIVATIE";"";"51"
"1573";"Midden";"Synthetische medewerker 005";"SYN-M-0005";"Synthetisch team Noord";"Begeleiding";"Acute ondersteuning buiten het vaste team";"Cliënt";"Synthetische cliënt 0275";"SYN-C-00275";"Synthetische hoofdlocatie 001";"09-05-2026, 03:16:21";"09-05-2026, 04:43:21";"NACHT; LATE_ACTIVATIE";"";"87"
"652";"Midden";"Synthetische medewerker 055";"SYN-M-0055";"Synthetisch team West";"Synthetische deskundigheid";"Ondersteuning tijdens avond- of nachtdienst";"Cliënt";"Synthetische cliënt 0030";"SYN-C-00030";"Synthetische hoofdlocatie 006";"09-05-2026, 03:41:35";"09-05-2026, 05:18:35";"NACHT; LATE_ACTIVATIE";"";"97"
"1379";"Midden";"Synthetische medewerker 188";"SYN-M-0188";"Synthetisch testteam met lange naam";"Verpleegkundige testfunctie";"Acute ondersteuning buiten het vaste team";"Cliënt";"Synthetische cliënt 0560";"SYN-C-00560";"Synthetische hoofdlocatie 011";"09-05-2026, 03:49:07";"09-05-2026, 05:13:07";"NACHT; LATE_ACTIVATIE";"";"84"
"193";"Midden";"Synthetische medewerker 056";"SYN-M-0056";"Synthetisch testteam met lange naam";"Verpleegkundige testfunctie";"Voorbereiding van een geplande synthetische handeling";"Cliënt";"Synthetische cliënt 0314";"SYN-C-00314";"Synthetische hoofdlocatie 015";"09-05-2026, 04:54:51";"09-05-2026, 06:49:51";"NACHT; LATE_ACTIVATIE";"";"115"
"1692";"Midden";"Synthetische medewerker 227";"SYN-M-0227";"Synthetisch team West";"Synthetische deskundigheid";"Voorbereiding van een geplande synthetische handeling";"Locatie";"Synthetische locatie 023";"SYN-L-0023";"Synthetische hoofdlocatie 018";"09-05-2026, 05:34:58";"09-05-2026, 07:31:58";"NACHT; LATE_ACTIVATIE";"";"117"
"720";"Midden";"Synthetische medewerker 239";"SYN-M-0239";"Synthetisch team West";"Synthetische deskundigheid";"Controle na overdracht van zorg";"Cliënt";"Synthetische cliënt 0506";"SYN-C-00506";"Synthetische hoofdlocatie 007";"09-05-2026, 07:49:47";"09-05-2026, 09:37:47";"VEEL_TEAMS_CLIENT; LATE_ACTIVATIE";"";"108"
"544";"Midden";"Synthetische medewerker 027";"SYN-M-0027";"Synthetisch team West";"Synthetische deskundigheid";"Voorbereiding van een geplande synthetische handeling";"Cliënt";"Synthetische cliënt 0451";"SYN-C-00451";"Synthetische hoofdlocatie 002";"09-05-2026, 09:56:04";"09-05-2026, 10:30:04";"VEEL_TEAMS_CLIENT; LATE_ACTIVATIE";"";"34"
"1000";"Midden";"Synthetische medewerker 037";"SYN-M-0037";"Synthetisch team Noord";"Begeleiding";"Acute ondersteuning buiten het vaste team";"Cliënt";"Synthetische cliënt 0167";"SYN-C-00167";"Synthetische hoofdlocatie 018";"09-05-2026, 11:28:21";"09-05-2026, 12:52:21";"VEEL_MEDEWERKERS_CLIENT; LATE_ACTIVATIE";"";"84"
"1815";"Midden";"Synthetische medewerker 211";"SYN-M-0211";"Synthetisch team West";"Synthetische deskundigheid";"Controle na overdracht van zorg";"Cliënt";"Synthetische cliënt 0093";"SYN-C-00093";"Synthetische hoofdlocatie 019";"09-05-2026, 12:13:43";"09-05-2026, 13:13:43";"VEEL_MEDEWERKERS_CLIENT; LATE_ACTIVATIE";"";"60"
"977";"Midden";"Synthetische medewerker 227";"SYN-M-0227";"Synthetisch team West";"Synthetische deskundigheid";"Acute ondersteuning buiten het vaste team";"Cliënt";"";"";"Synthetische hoofdlocatie 010";"09-05-2026, 12:37:31";"09-05-2026, 14:33:31";"LATE_ACTIVATIE; ONVOLLEDIG_CLIENTDOEL";"";"116"
"1150";"Midden";"Synthetische medewerker 117";"SYN-M-0117";"Synthetisch team Noord";"Begeleiding";"Controle na overdracht van zorg";"Cliënt";"Synthetische cliënt 0087";"SYN-C-00087";"Synthetische hoofdlocatie 013";"09-05-2026, 13:18:10";"Niet geactiveerd";"NIET_GEACTIVEERD; VEEL_MEDEWERKERS_CLIENT";"";""
"480";"Midden";"Synthetische medewerker 153";"SYN-M-0153";"Synthetisch team Noord";"Begeleiding";"Tijdelijke vervanging binnen het testrooster";"Cliënt";"Synthetische cliënt 0092";"SYN-C-00092";"Synthetische hoofdlocatie 018";"09-05-2026, 13:18:21";"09-05-2026, 14:37:21";"VEEL_MEDEWERKERS_CLIENT; LATE_ACTIVATIE";"";"79"
"1810";"Midden";"Synthetische medewerker 040";"SYN-M-0040";"Synthetisch testteam met lange naam";"Verpleegkundige testfunctie";"Ondersteuning tijdens avond- of nachtdienst";"Cliënt";"Synthetische cliënt 0421";"SYN-C-00421";"Synthetische hoofdlocatie 022";"09-05-2026, 16:54:10";"09-05-2026, 17:33:10";"VEEL_TEAMS_CLIENT; LATE_ACTIVATIE";"";"39"
"1759";"Midden";"Synthetische medewerker 193";"SYN-M-0193";"Synthetisch team Noord";"Begeleiding";"Acute ondersteuning buiten het vaste team";"Cliënt";"Synthetische cliënt 0182";"SYN-C-00182";"Synthetische hoofdlocatie 008";"09-05-2026, 20:26:14";"09-05-2026, 22:04:14";"VEEL_MEDEWERKERS_CLIENT; LATE_ACTIVATIE";"";"98"
"1190";"Midden";"Synthetische medewerker 108";"SYN-M-0108";"Synthetisch testteam met lange naam";"Verpleegkundige testfunctie";"Controle na overdracht van zorg";"Cliënt";"Synthetische cliënt 0368";"SYN-C-00368";"Synthetische hoofdlocatie 019";"09-05-2026, 23:07:59";"09-05-2026, 23:32:59";"NACHT; LATE_ACTIVATIE";"";"25"
"501";"Midden";"Synthetische medewerker 076";"SYN-M-0076";"Synthetisch testteam met lange naam";"Verpleegkundige testfunctie";"Ondersteuning tijdens avond- of nachtdienst";"Locatie";"Synthetische locatie 021";"SYN-L-0021";"Synthetische hoofdlocatie 021";"10-05-2026, 00:42:02";"10-05-2026, 01:49:02";"NACHT; LATE_ACTIVATIE";"";"67"
"1299";"Midden";"Synthetische medewerker 157";"SYN-M-0157";"Synthetisch team Noord";"Begeleiding";"Acute ondersteuning buiten het vaste team";"Cliënt";"Synthetische cliënt 0203";"SYN-C-00203";"Synthetische hoofdlocatie 004";"10-05-2026, 02:15:44";"10-05-2026, 03:58:44";"NACHT; LATE_ACTIVATIE";"";"103"
"324";"Midden";"Synthetische medewerker 045";"SYN-M-0045";"Synthetisch team Noord";"Begeleiding";"Controle na overdracht van zorg";"Locatie";"Synthetische locatie 036";"SYN-L-0036";"Synthetische hoofdlocatie 006";"10-05-2026, 02:39:26";"10-05-2026, 04:38:26";"NACHT; LATE_ACTIVATIE";"";"119"
"11";"Midden";"Synthetische medewerker 117";"SYN-M-0117";"Synthetisch team Noord";"Begeleiding";"Synthetische reden voor geautomatiseerde layoutcontrole";"Cliënt";"Synthetische cliënt 0448";"SYN-C-00448";"Synthetische hoofdlocatie 024";"10-05-2026, 02:55:28";"10-05-2026, 04:37:28";"NACHT; LATE_ACTIVATIE";"";"102"
"222";"Midden";"Synthetische medewerker 045";"SYN-M-0045";"Synthetisch team Noord";"Begeleiding";"Synthetische reden voor geautomatiseerde layoutcontrole";"Cliënt";"Synthetische cliënt 0446";"SYN-C-00446";"Synthetische hoofdlocatie 022";"10-05-2026, 03:31:12";"10-05-2026, 04:53:12";"NACHT; LATE_ACTIVATIE";"";"82"
"1827";"Midden";"Synthetische medewerker 238";"SYN-M-0238";"Synthetisch team Oost";"Nachtdienst";"Acute ondersteuning buiten het vaste team";"Locatie";"Synthetische locatie 010";"SYN-L-0010";"Synthetische hoofdlocatie 015";"10-05-2026, 04:23:38";"Niet geactiveerd";"NIET_GEACTIVEERD; NACHT";"";""
"1666";"Midden";"Synthetische medewerker 224";"SYN-M-0224";"Synthetisch testteam met lange naam";"Verpleegkundige testfunctie";"Tijdelijke vervanging binnen het testrooster";"Cliënt";"Synthetische cliënt 0412";"SYN-C-00412";"Synthetische hoofdlocatie 013";"10-05-2026, 04:54:28";"Niet geactiveerd";"NIET_GEACTIVEERD; NACHT";"";""
"751";"Midden";"Synthetische medewerker 091";"SYN-M-0091";"Synthetisch team West";"Synthetische deskundigheid";"Voorbereiding van een geplande synthetische handeling";"Cliënt";"Synthetische cliënt 0088";"SYN-C-00088";"Synthetische hoofdlocatie 014";"10-05-2026, 07:18:13";"10-05-2026, 08:57:13";"VEEL_TEAMS_CLIENT; LATE_ACTIVATIE";"";"99"
"1375";"Midden";"Synthetische medewerker 224";"SYN-M-0224";"Synthetisch testteam met lange naam";"Verpleegkundige testfunctie";"Acute ondersteuning buiten het vaste team";"Cliënt";"";"";"Synthetische hoofdlocatie 018";"10-05-2026, 07:23:12";"10-05-2026, 08:24:12";"LATE_ACTIVATIE; ONVOLLEDIG_CLIENTDOEL";"";"61"
"1334";"Midden";"Synthetische medewerker 010";"SYN-M-0010";"Synthetisch team Oost";"Nachtdienst";"Synthetische reden voor geautomatiseerde layoutcontrole";"Cliënt";"Synthetische cliënt 0167";"SYN-C-00167";"Synthetische hoofdlocatie 018";"10-05-2026, 08:24:48";"10-05-2026, 09:27:48";"VEEL_MEDEWERKERS_CLIENT; LATE_ACTIVATIE";"";"63"
"432";"Midden";"Synthetische medewerker 179";"SYN-M-0179";"Synthetisch team West";"Synthetische deskundigheid";"Ondersteuning tijdens avond- of nachtdienst";"Cliënt";"Synthetische cliënt 0292";"SYN-C-00292";"Synthetische hoofdlocatie 018";"10-05-2026, 10:36:17";"10-05-2026, 10:52:17";"VEEL_MEDEWERKERS_CLIENT; LATE_ACTIVATIE";"";"16"
"1430";"Midden";"Synthetische medewerker 033";"SYN-M-0033";"Synthetisch team Noord";"Begeleiding";"Ondersteuning tijdens avond- of nachtdienst";"Cliënt";"Synthetische cliënt 0445";"SYN-C-00445";"Synthetische hoofdlocatie 021";"10-05-2026, 12:20:19";"Niet geactiveerd";"NIET_GEACTIVEERD; VEEL_MEDEWERKERS_CLIENT";"";""
"121";"Midden";"Synthetische medewerker 066";"SYN-M-0066";"Synthetisch team Oost";"Nachtdienst";"Tijdelijke vervanging binnen het testrooster";"Cliënt";"Synthetische cliënt 0510";"SYN-C-00510";"Synthetische hoofdlocatie 011";"10-05-2026, 20:38:42";"10-05-2026, 20:52:42";"VEEL_TEAMS_CLIENT; LATE_ACTIVATIE";"";"14"
"203";"Midden";"Synthetische medewerker 228";"SYN-M-0228";"Synthetisch testteam met lange naam";"Verpleegkundige testfunctie";"Synthetische reden voor geautomatiseerde layoutcontrole";"Cliënt";"Synthetische cliënt 0189";"SYN-C-00189";"Synthetische hoofdlocatie 015";"10-05-2026, 22:37:18";"11-05-2026, 00:24:18";"VEEL_TEAMS_CLIENT; LATE_ACTIVATIE";"";"107"
"1224";"Midden";"Synthetische medewerker 027";"SYN-M-0027";"Synthetisch team West";"Synthetische deskundigheid";"Synthetische reden voor geautomatiseerde layoutcontrole";"Cliënt";"Synthetische cliënt 0039";"SYN-C-00039";"Synthetische hoofdlocatie 015";"10-05-2026, 23:16:39";"11-05-2026, 00:38:39";"NACHT; LATE_ACTIVATIE";"";"82"
"1683";"Midden";"Synthetische medewerker 054";"SYN-M-0054";"Synthetisch team Oost";"Nachtdienst";"Voorbereiding van een geplande synthetische handeling";"Cliënt";"Synthetische cliënt 0594";"SYN-C-00594";"Synthetische hoofdlocatie 020";"10-05-2026, 23:45:30";"10-05-2026, 23:19:30";"NACHT; ONGELDIGE_ACTIVATIE";"";"-26"
"1410";"Midden";"Synthetische medewerker 017";"SYN-M-0017";"Synthetisch team Noord";"Begeleiding";"Ondersteuning tijdens avond- of nachtdienst";"Cliënt";"Synthetische cliënt 0416";"SYN-C-00416";"Synthetische hoofdlocatie 017";"11-05-2026, 00:35:47";"11-05-2026, 02:11:47";"NACHT; LATE_ACTIVATIE";"";"96"
"769";"Midden";"Synthetische medewerker 201";"SYN-M-0201";"Synthetisch team Noord";"Begeleiding";"Controle na overdracht van zorg";"Cliënt";"Synthetische cliënt 0354";"SYN-C-00354";"Synthetische hoofdlocatie 005";"11-05-2026, 00:56:56";"11-05-2026, 02:05:56";"NACHT; LATE_ACTIVATIE";"";"69"
"42";"Midden";"Synthetische medewerker 076";"SYN-M-0076";"Synthetisch testteam met lange naam";"Verpleegkundige testfunctie";"Voorbereiding van een geplande synthetische handeling";"Locatie";"Synthetische locatie 005";"SYN-L-0005";"Synthetische hoofdlocatie 015";"11-05-2026, 01:33:47";"11-05-2026, 02:38:47";"NACHT; LATE_ACTIVATIE";"";"65"
"591";"Midden";"Synthetische medewerker 036";"SYN-M-0036";"Synthetisch testteam met lange naam";"Verpleegkundige testfunctie";"Controle na overdracht van zorg";"Cliënt";"Synthetische cliënt 0487";"SYN-C-00487";"Synthetische hoofdlocatie 013";"11-05-2026, 02:12:14";"Niet geactiveerd";"NIET_GEACTIVEERD; NACHT";"";""
"1496";"Midden";"Synthetische medewerker 021";"SYN-M-0021";"Synthetisch team Noord";"Begeleiding";"Synthetische reden voor geautomatiseerde layoutcontrole";"Cliënt";"Synthetische cliënt 0073";"SYN-C-00073";"Synthetische hoofdlocatie 024";"11-05-2026, 02:45:52";"11-05-2026, 02:27:52";"NACHT; ONGELDIGE_ACTIVATIE";"";"-18"
"704";"Midden";"Synthetische medewerker 213";"SYN-M-0213";"Synthetisch team Noord";"Begeleiding";"Tijdelijke vervanging binnen het testrooster";"Cliënt";"Synthetische cliënt 0427";"SYN-C-00427";"Synthetische hoofdlocatie 003";"11-05-2026, 03:26:30";"11-05-2026, 05:02:30";"NACHT; LATE_ACTIVATIE";"";"96"
"950";"Midden";"Synthetische medewerker 140";"SYN-M-0140";"Synthetisch testteam met lange naam";"Verpleegkundige testfunctie";"Acute ondersteuning buiten het vaste team";"Cliënt";"Synthetische cliënt 0141";"SYN-C-00141";"Synthetische hoofdlocatie 017";"11-05-2026, 03:52:43";"11-05-2026, 04:01:43";"NACHT; LATE_ACTIVATIE";"";"9"
"1987";"Midden";"Synthetische medewerker 204";"SYN-M-0204";"Synthetisch testteam met lange naam";"Verpleegkundige testfunctie";"Tijdelijke vervanging binnen het testrooster";"Cliënt";"Synthetische cliënt 0074";"SYN-C-00074";"Synthetische hoofdlocatie 025";"11-05-2026, 04:11:12";"11-05-2026, 04:34:12";"NACHT; LATE_ACTIVATIE";"";"23"
"1487";"Midden";"Synthetische medewerker 175";"SYN-M-0175";"Synthetisch team West";"Synthetische deskundigheid";"Tijdelijke vervanging binnen het testrooster";"Cliënt";"Synthetische cliënt 0272";"SYN-C-00272";"Synthetische hoofdlocatie 023";"11-05-2026, 05:48:01";"11-05-2026, 07:13:01";"NACHT; LATE_ACTIVATIE";"";"85"
"732";"Midden";"Synthetische medewerker 099";"SYN-M-0099";"Synthetisch team West";"Synthetische deskundigheid";"Acute ondersteuning buiten het vaste team";"Cliënt";"Synthetische cliënt 0086";"SYN-C-00086";"Synthetische hoofdlocatie 012";"11-05-2026, 06:00:34";"11-05-2026, 07:24:34";"VEEL_TEAMS_CLIENT; LATE_ACTIVATIE";"";"84"
"1708";"Midden";"Synthetische medewerker 199";"SYN-M-0199";"Synthetisch team West";"Synthetische deskundigheid";"Tijdelijke vervanging binnen het testrooster";"Cliënt";"Synthetische cliënt 0353";"SYN-C-00353";"Synthetische hoofdlocatie 004";"11-05-2026, 12:36:28";"11-05-2026, 12:41:28";"VEEL_MEDEWERKERS_CLIENT; LATE_ACTIVATIE";"";"5"
"202";"Midden";"Synthetische medewerker 109";"SYN-M-0109";"Synthetisch team Noord";"Begeleiding";"Voorbereiding van een geplande synthetische handeling";"Cliënt";"Synthetische cliënt 0439";"SYN-C-00439";"Synthetische hoofdlocatie 015";"11-05-2026, 14:37:21";"11-05-2026, 16:13:21";"VEEL_TEAMS_CLIENT; LATE_ACTIVATIE";"";"96"
"209";"Midden";"Synthetische medewerker 210";"SYN-M-0210";"Synthetisch team Oost";"Nachtdienst";"Voorbereiding van een geplande synthetische handeling";"Cliënt";"Synthetische cliënt 0442";"SYN-C-00442";"Synthetische hoofdlocatie 018";"11-05-2026, 17:26:52";"11-05-2026, 19:16:52";"VEEL_MEDEWERKERS_CLIENT; LATE_ACTIVATIE";"";"110"
"867";"Midden";"Synthetische medewerker 062";"SYN-M-0062";"Synthetisch team Oost";"Nachtdienst";"Ondersteuning tijdens avond- of nachtdienst";"Cliënt";"Synthetische cliënt 0365";"SYN-C-00365";"Synthetische hoofdlocatie 016";"11-05-2026, 19:48:18";"11-05-2026, 20:16:18";"VEEL_MEDEWERKERS_CLIENT; LATE_ACTIVATIE";"";"28"
"1323";"Midden";"Synthetische medewerker 102";"SYN-M-0102";"Synthetisch team Oost";"Nachtdienst";"Controle na overdracht van zorg";"Cliënt";"Synthetische cliënt 0559";"SYN-C-00559";"Synthetische hoofdlocatie 010";"11-05-2026, 23:36:25";"12-05-2026, 00:29:25";"NACHT; LATE_ACTIVATIE";"";"53"
"1614";"Midden";"Synthetische medewerker 168";"SYN-M-0168";"Synthetisch testteam met lange naam";"Verpleegkundige testfunctie";"Voorbereiding van een geplande synthetische handeling";"Cliënt";"Synthetische cliënt 0260";"SYN-C-00260";"Synthetische hoofdlocatie 011";"12-05-2026, 00:39:12";"12-05-2026, 01:58:12";"NACHT; LATE_ACTIVATIE";"";"79"
"1970";"Midden";"Synthetische medewerker 124";"SYN-M-0124";"Synthetisch testteam met lange naam";"Verpleegkundige testfunctie";"Acute ondersteuning buiten het vaste team";"Cliënt";"Synthetische cliënt 0465";"SYN-C-00465";"Synthetische hoofdlocatie 016";"12-05-2026, 00:46:08";"12-05-2026, 02:11:08";"NACHT; LATE_ACTIVATIE";"";"85"
"382";"Midden";"Synthetische medewerker 223";"SYN-M-0223";"Synthetisch team West";"Synthetische deskundigheid";"Controle na overdracht van zorg";"Cliënt";"Synthetische cliënt 0389";"SYN-C-00389";"Synthetische hoofdlocatie 015";"12-05-2026, 01:48:36";"12-05-2026, 03:08:36";"NACHT; LATE_ACTIVATIE";"";"80"
"361";"Midden";"Synthetische medewerker 034";"SYN-M-0034";"Synthetisch team Oost";"Nachtdienst";"Voorbereiding van een geplande synthetische handeling";"Locatie";"Synthetische locatie 017";"SYN-L-0017";"Synthetische hoofdlocatie 007";"12-05-2026, 02:40:19";"12-05-2026, 03:56:19";"NACHT; LATE_ACTIVATIE";"";"76"
"1578";"Midden";"Synthetische medewerker 240";"SYN-M-0240";"Synthetisch testteam met lange naam";"Verpleegkundige testfunctie";"Controle na overdracht van zorg";"Locatie";"";"";"Synthetische hoofdlocatie 018";"12-05-2026, 02:44:30";"12-05-2026, 02:15:30";"NACHT; ONGELDIGE_ACTIVATIE";"";"-29"
"1522";"Midden";"Synthetische medewerker 150";"SYN-M-0150";"Synthetisch team Oost";"Nachtdienst";"Voorbereiding van een geplande synthetische handeling";"Cliënt";"Synthetische cliënt 0141";"SYN-C-00141";"Synthetische hoofdlocatie 017";"12-05-2026, 03:44:45";"12-05-2026, 04:29:45";"NACHT; LATE_ACTIVATIE";"";"45"
"1400";"Midden";"Synthetische medewerker 178";"SYN-M-0178";"Synthetisch team Oost";"Nachtdienst";"Synthetische reden voor geautomatiseerde layoutcontrole";"Cliënt";"Synthetische cliënt 0415";"SYN-C-00415";"Synthetische hoofdlocatie 016";"12-05-2026, 10:45:45";"12-05-2026, 12:22:45";"VEEL_MEDEWERKERS_CLIENT; LATE_ACTIVATIE";"";"97"
"979";"Midden";"Synthetische medewerker 097";"SYN-M-0097";"Synthetisch team Noord";"Begeleiding";"Tijdelijke vervanging binnen het testrooster";"Cliënt";"Synthetische cliënt 0189";"SYN-C-00189";"Synthetische hoofdlocatie 015";"12-05-2026, 11:34:10";"12-05-2026, 13:02:10";"VEEL_TEAMS_CLIENT; LATE_ACTIVATIE";"";"88"
"1885";"Midden";"Synthetische medewerker 183";"SYN-M-0183";"Synthetisch team West";"Synthetische deskundigheid";"Acute ondersteuning buiten het vaste team";"Cliënt";"";"";"Synthetische hoofdlocatie 012";"12-05-2026, 12:35:19";"12-05-2026, 13:13:19";"LATE_ACTIVATIE; ONVOLLEDIG_CLIENTDOEL";"";"38"
"657";"Midden";"Synthetische medewerker 129";"SYN-M-0129";"Synthetisch team Noord";"Begeleiding";"Voorbereiding van een geplande synthetische handeling";"Cliënt";"Synthetische cliënt 0192";"SYN-C-00192";"Synthetische hoofdlocatie 018";"12-05-2026, 16:19:47";"12-05-2026, 16:41:47";"VEEL_TEAMS_CLIENT; LATE_ACTIVATIE";"";"22"
"19";"Midden";"Synthetische medewerker 107";"SYN-M-0107";"Synthetisch team West";"Synthetische deskundigheid";"Synthetische reden voor geautomatiseerde layoutcontrole";"Cliënt";"";"";"Synthetische hoofdlocatie 018";"12-05-2026, 16:48:11";"12-05-2026, 18:08:11";"LATE_ACTIVATIE; ONVOLLEDIG_CLIENTDOEL";"";"80"
"709";"Midden";"Synthetische medewerker 027";"SYN-M-0027";"Synthetisch team West";"Synthetische deskundigheid";"Acute ondersteuning buiten het vaste team";"Cliënt";"Synthetische cliënt 0392";"SYN-C-00392";"Synthetische hoofdlocatie 018";"12-05-2026, 20:11:47";"12-05-2026, 20:38:47";"VEEL_MEDEWERKERS_CLIENT; LATE_ACTIVATIE";"";"27"
"1283";"Midden";"Synthetische medewerker 212";"SYN-M-0212";"Synthetisch testteam met lange naam";"Verpleegkundige testfunctie";"Synthetische reden voor geautomatiseerde layoutcontrole";"Cliënt";"Synthetische cliënt 0052";"SYN-C-00052";"Synthetische hoofdlocatie 003";"12-05-2026, 20:42:00";"12-05-2026, 21:45:00";"VEEL_MEDEWERKERS_CLIENT; LATE_ACTIVATIE";"";"63"
"634";"Midden";"Synthetische medewerker 084";"SYN-M-0084";"Synthetisch testteam met lange naam";"Verpleegkundige testfunctie";"Synthetische reden voor geautomatiseerde layoutcontrole";"Cliënt";"Synthetische cliënt 0279";"SYN-C-00279";"Synthetische hoofdlocatie 005";"12-05-2026, 22:23:17";"Niet geactiveerd";"NIET_GEACTIVEERD; VEEL_MEDEWERKERS_CLIENT";"";""
"1510";"Midden";"Synthetische medewerker 185";"SYN-M-0185";"Synthetisch team Noord";"Begeleiding";"Voorbereiding van een geplande synthetische handeling";"Cliënt";"Synthetische cliënt 0107";"SYN-C-00107";"Synthetische hoofdlocatie 008";"13-05-2026, 00:32:19";"13-05-2026, 01:15:19";"NACHT; LATE_ACTIVATIE";"";"43"
"236";"Midden";"Synthetische medewerker 144";"SYN-M-0144";"Synthetisch testteam met lange naam";"Verpleegkundige testfunctie";"Controle na overdracht van zorg";"Cliënt";"Synthetische cliënt 0062";"SYN-C-00062";"Synthetische hoofdlocatie 013";"13-05-2026, 02:02:14";"13-05-2026, 01:50:14";"NACHT; ONGELDIGE_ACTIVATIE";"";"-12"
"1296";"Midden";"Synthetische medewerker 168";"SYN-M-0168";"Synthetisch testteam met lange naam";"Verpleegkundige testfunctie";"Ondersteuning tijdens avond- of nachtdienst";"Cliënt";"Synthetische cliënt 0030";"SYN-C-00030";"Synthetische hoofdlocatie 006";"13-05-2026, 03:30:23";"13-05-2026, 04:02:23";"NACHT; LATE_ACTIVATIE";"";"32"
"342";"Midden";"Synthetische medewerker 065";"SYN-M-0065";"Synthetisch team Noord";"Begeleiding";"Ondersteuning tijdens avond- of nachtdienst";"Cliënt";"Synthetische cliënt 0091";"SYN-C-00091";"Synthetische hoofdlocatie 017";"13-05-2026, 03:51:16";"13-05-2026, 04:02:16";"NACHT; LATE_ACTIVATIE";"";"11"
"1437";"Midden";"Synthetische medewerker 194";"SYN-M-0194";"Synthetisch team Oost";"Nachtdienst";"Controle na overdracht van zorg";"Locatie";"Synthetische locatie 005";"SYN-L-0005";"Synthetische hoofdlocatie 020";"13-05-2026, 04:20:29";"13-05-2026, 05:19:29";"NACHT; LATE_ACTIVATIE";"";"59"
"1199";"Midden";"Synthetische medewerker 139";"SYN-M-0139";"Synthetisch team West";"Synthetische deskundigheid";"Synthetische reden voor geautomatiseerde layoutcontrole";"Cliënt";"Synthetische cliënt 0327";"SYN-C-00327";"Synthetische hoofdlocatie 003";"13-05-2026, 04:24:26";"Niet geactiveerd";"NIET_GEACTIVEERD; NACHT";"";""
"744";"Midden";"Synthetische medewerker 131";"SYN-M-0131";"Synthetisch team West";"Synthetische deskundigheid";"Ondersteuning tijdens avond- of nachtdienst";"Cliënt";"";"";"Synthetische hoofdlocatie 015";"13-05-2026, 07:21:55";"13-05-2026, 08:17:55";"LATE_ACTIVATIE; ONVOLLEDIG_CLIENTDOEL";"";"56"
"1453";"Midden";"Synthetische medewerker 212";"SYN-M-0212";"Synthetisch testteam met lange naam";"Verpleegkundige testfunctie";"Ondersteuning tijdens avond- of nachtdienst";"Cliënt";"Synthetische cliënt 0093";"SYN-C-00093";"Synthetische hoofdlocatie 019";"13-05-2026, 08:20:02";"13-05-2026, 09:39:02";"VEEL_MEDEWERKERS_CLIENT; LATE_ACTIVATIE";"";"79"
"1098";"Midden";"Synthetische medewerker 146";"SYN-M-0146";"Synthetisch team Oost";"Nachtdienst";"Tijdelijke vervanging binnen het testrooster";"Cliënt";"Synthetische cliënt 0255";"SYN-C-00255";"Synthetische hoofdlocatie 006";"13-05-2026, 08:44:17";"13-05-2026, 10:28:17";"VEEL_MEDEWERKERS_CLIENT; LATE_ACTIVATIE";"";"104"
"664";"Midden";"Synthetische medewerker 040";"SYN-M-0040";"Synthetisch testteam met lange naam";"Verpleegkundige testfunctie";"Synthetische reden voor geautomatiseerde layoutcontrole";"Cliënt";"Synthetische cliënt 0087";"SYN-C-00087";"Synthetische hoofdlocatie 013";"13-05-2026, 09:35:33";"Niet geactiveerd";"NIET_GEACTIVEERD; VEEL_MEDEWERKERS_CLIENT";"";""
"739";"Midden";"Synthetische medewerker 138";"SYN-M-0138";"Synthetisch team Oost";"Nachtdienst";"Acute ondersteuning buiten het vaste team";"Cliënt";"Synthetische cliënt 0092";"SYN-C-00092";"Synthetische hoofdlocatie 018";"13-05-2026, 11:04:37";"13-05-2026, 13:02:37";"VEEL_MEDEWERKERS_CLIENT; LATE_ACTIVATIE";"";"118"
"1232";"Midden";"Synthetische medewerker 092";"SYN-M-0092";"Synthetisch testteam met lange naam";"Verpleegkundige testfunctie";"Acute ondersteuning buiten het vaste team";"Cliënt";"Synthetische cliënt 0156";"SYN-C-00156";"Synthetische hoofdlocatie 007";"13-05-2026, 11:08:27";"13-05-2026, 12:22:27";"VEEL_MEDEWERKERS_CLIENT; LATE_ACTIVATIE";"";"74"
"71";"Midden";"Synthetische medewerker 001";"SYN-M-0001";"Synthetisch team Noord";"Begeleiding";"Ondersteuning tijdens avond- of nachtdienst";"Cliënt";"Synthetische cliënt 0254";"SYN-C-00254";"Synthetische hoofdlocatie 005";"13-05-2026, 11:58:28";"13-05-2026, 13:48:28";"VEEL_TEAMS_CLIENT; LATE_ACTIVATIE";"";"110"
"1730";"Midden";"Synthetische medewerker 111";"SYN-M-0111";"Synthetisch team West";"Synthetische deskundigheid";"Controle na overdracht van zorg";"Cliënt";"Synthetische cliënt 0156";"SYN-C-00156";"Synthetische hoofdlocatie 007";"13-05-2026, 12:12:01";"13-05-2026, 13:59:01";"VEEL_MEDEWERKERS_CLIENT; LATE_ACTIVATIE";"";"107"
"691";"Midden";"Synthetische medewerker 042";"SYN-M-0042";"Synthetisch team Oost";"Nachtdienst";"Controle na overdracht van zorg";"Cliënt";"";"";"Synthetische hoofdlocatie 015";"13-05-2026, 13:52:46";"13-05-2026, 15:09:46";"LATE_ACTIVATIE; ONVOLLEDIG_CLIENTDOEL";"";"77"
"1680";"Midden";"Synthetische medewerker 145";"SYN-M-0145";"Synthetisch team Noord";"Begeleiding";"Ondersteuning tijdens avond- of nachtdienst";"Cliënt";"Synthetische cliënt 0579";"SYN-C-00579";"Synthetische hoofdlocatie 005";"13-05-2026, 14:18:22";"13-05-2026, 15:35:22";"VEEL_MEDEWERKERS_CLIENT; LATE_ACTIVATIE";"";"77"
"429";"Midden";"Synthetische medewerker 042";"SYN-M-0042";"Synthetisch team Oost";"Nachtdienst";"Acute ondersteuning buiten het vaste team";"Cliënt";"Synthetische cliënt 0415";"SYN-C-00415";"Synthetische hoofdlocatie 016";"13-05-2026, 14:27:16";"13-05-2026, 15:43:16";"VEEL_MEDEWERKERS_CLIENT; LATE_ACTIVATIE";"";"76"
"207";"Midden";"Synthetische medewerker 050";"SYN-M-0050";"Synthetisch team Oost";"Nachtdienst";"Tijdelijke vervanging binnen het testrooster";"Cliënt";"Synthetische cliënt 0521";"SYN-C-00521";"Synthetische hoofdlocatie 022";"13-05-2026, 16:59:01";"13-05-2026, 18:01:01";"VEEL_TEAMS_CLIENT; LATE_ACTIVATIE";"";"62"
"1105";"Midden";"Synthetische medewerker 187";"SYN-M-0187";"Synthetisch team West";"Synthetische deskundigheid";"Ondersteuning tijdens avond- of nachtdienst";"Cliënt";"Synthetische cliënt 0093";"SYN-C-00093";"Synthetische hoofdlocatie 019";"13-05-2026, 17:42:32";"13-05-2026, 17:56:32";"VEEL_MEDEWERKERS_CLIENT; LATE_ACTIVATIE";"";"14"
"481";"Midden";"Synthetische medewerker 026";"SYN-M-0026";"Synthetisch team Oost";"Nachtdienst";"Synthetische reden voor geautomatiseerde layoutcontrole";"Cliënt";"Synthetische cliënt 0445";"SYN-C-00445";"Synthetische hoofdlocatie 021";"13-05-2026, 20:12:03";"Niet geactiveerd";"NIET_GEACTIVEERD; VEEL_MEDEWERKERS_CLIENT";"";""
"905";"Midden";"Synthetische medewerker 107";"SYN-M-0107";"Synthetisch team West";"Synthetische deskundigheid";"Acute ondersteuning buiten het vaste team";"Cliënt";"Synthetische cliënt 0271";"SYN-C-00271";"Synthetische hoofdlocatie 022";"13-05-2026, 23:22:20";"13-05-2026, 23:50:20";"NACHT; LATE_ACTIVATIE";"";"28"
"796";"Midden";"Synthetische medewerker 017";"SYN-M-0017";"Synthetisch team Noord";"Begeleiding";"Acute ondersteuning buiten het vaste team";"Cliënt";"Synthetische cliënt 0364";"SYN-C-00364";"Synthetische hoofdlocatie 015";"13-05-2026, 23:39:38";"14-05-2026, 00:01:38";"NACHT; LATE_ACTIVATIE";"";"22"
"1029";"Midden";"Synthetische medewerker 152";"SYN-M-0152";"Synthetisch testteam met lange naam";"Verpleegkundige testfunctie";"Controle na overdracht van zorg";"Cliënt";"Synthetische cliënt 0020";"SYN-C-00020";"Synthetische hoofdlocatie 021";"14-05-2026, 00:29:25";"14-05-2026, 02:25:25";"NACHT; LATE_ACTIVATIE";"";"116"
"1413";"Midden";"Synthetische medewerker 184";"SYN-M-0184";"Synthetisch testteam met lange naam";"Verpleegkundige testfunctie";"Acute ondersteuning buiten het vaste team";"Cliënt";"Synthetische cliënt 0085";"SYN-C-00085";"Synthetische hoofdlocatie 011";"14-05-2026, 00:40:54";"14-05-2026, 02:02:54";"NACHT; LATE_ACTIVATIE";"";"82"
"293";"Midden";"Synthetische medewerker 011";"SYN-M-0011";"Synthetisch team West";"Synthetische deskundigheid";"Synthetische reden voor geautomatiseerde layoutcontrole";"Cliënt";"Synthetische cliënt 0143";"SYN-C-00143";"Synthetische hoofdlocatie 019";"14-05-2026, 00:43:23";"14-05-2026, 01:27:23";"NACHT; LATE_ACTIVATIE";"";"44"
"1899";"Midden";"Synthetische medewerker 229";"SYN-M-0229";"Synthetisch team Noord";"Begeleiding";"Ondersteuning tijdens avond- of nachtdienst";"Cliënt";"Synthetische cliënt 0385";"SYN-C-00385";"Synthetische hoofdlocatie 011";"14-05-2026, 01:28:02";"14-05-2026, 02:34:02";"NACHT; LATE_ACTIVATIE";"";"66"
"1760";"Midden";"Synthetische medewerker 108";"SYN-M-0108";"Synthetisch testteam met lange naam";"Verpleegkundige testfunctie";"Tijdelijke vervanging binnen het testrooster";"Cliënt";"Synthetische cliënt 0333";"SYN-C-00333";"Synthetische hoofdlocatie 009";"14-05-2026, 03:15:12";"14-05-2026, 03:25:12";"NACHT; LATE_ACTIVATIE";"";"10"
"1107";"Midden";"Synthetische medewerker 207";"SYN-M-0207";"Synthetisch team West";"Synthetische deskundigheid";"Tijdelijke vervanging binnen het testrooster";"Cliënt";"Synthetische cliënt 0462";"SYN-C-00462";"Synthetische hoofdlocatie 013";"14-05-2026, 03:51:11";"14-05-2026, 05:04:11";"NACHT; LATE_ACTIVATIE";"";"73"
"570";"Midden";"Synthetische medewerker 056";"SYN-M-0056";"Synthetisch testteam met lange naam";"Verpleegkundige testfunctie";"Voorbereiding van een geplande synthetische handeling";"Locatie";"Synthetische locatie 038";"SYN-L-0038";"Synthetische hoofdlocatie 023";"14-05-2026, 04:54:07";"Niet geactiveerd";"NIET_GEACTIVEERD; NACHT";"";""
"526";"Midden";"Synthetische medewerker 171";"SYN-M-0171";"Synthetisch team West";"Synthetische deskundigheid";"Tijdelijke vervanging binnen het testrooster";"Cliënt";"Synthetische cliënt 0121";"SYN-C-00121";"Synthetische hoofdlocatie 022";"14-05-2026, 05:00:27";"14-05-2026, 05:51:27";"NACHT; LATE_ACTIVATIE";"";"51"
"1961";"Midden";"Synthetische medewerker 187";"SYN-M-0187";"Synthetisch team West";"Synthetische deskundigheid";"Voorbereiding van een geplande synthetische handeling";"Cliënt";"Synthetische cliënt 0549";"SYN-C-00549";"Synthetische hoofdlocatie 025";"14-05-2026, 05:40:20";"Niet geactiveerd";"NIET_GEACTIVEERD; NACHT";"";""
"997";"Midden";"Synthetische medewerker 103";"SYN-M-0103";"Synthetisch team West";"Synthetische deskundigheid";"Voorbereiding van een geplande synthetische handeling";"Cliënt";"Synthetische cliënt 0129";"SYN-C-00129";"Synthetische hoofdlocatie 005";"14-05-2026, 08:19:13";"14-05-2026, 08:29:13";"VEEL_TEAMS_CLIENT; LATE_ACTIVATIE";"";"10"
"1625";"Midden";"Synthetische medewerker 214";"SYN-M-0214";"Synthetisch team Oost";"Nachtdienst";"Voorbereiding van een geplande synthetische handeling";"Cliënt";"Synthetische cliënt 0539";"SYN-C-00539";"Synthetische hoofdlocatie 015";"14-05-2026, 08:48:04";"Niet geactiveerd";"NIET_GEACTIVEERD; VEEL_MEDEWERKERS_CLIENT";"";""
"678";"Midden";"Synthetische medewerker 222";"SYN-M-0222";"Synthetisch team Oost";"Nachtdienst";"Voorbereiding van een geplande synthetische handeling";"Cliënt";"Synthetische cliënt 0019";"SYN-C-00019";"Synthetische hoofdlocatie 020";"14-05-2026, 08:57:54";"14-05-2026, 10:35:54";"VEEL_TEAMS_CLIENT; LATE_ACTIVATIE";"";"98"
"1742";"Midden";"Synthetische medewerker 079";"SYN-M-0079";"Synthetisch team West";"Synthetische deskundigheid";"Acute ondersteuning buiten het vaste team";"Cliënt";"Synthetische cliënt 0341";"SYN-C-00341";"Synthetische hoofdlocatie 017";"14-05-2026, 10:06:57";"14-05-2026, 11:02:57";"VEEL_TEAMS_CLIENT; LATE_ACTIVATIE";"";"56"
"119";"Midden";"Synthetische medewerker 249";"SYN-M-0249";"Synthetisch team Noord";"Begeleiding";"Controle na overdracht van zorg";"Cliënt";"Synthetische cliënt 0444";"SYN-C-00444";"Synthetische hoofdlocatie 020";"14-05-2026, 10:50:09";"14-05-2026, 11:06:09";"VEEL_MEDEWERKERS_CLIENT; LATE_ACTIVATIE";"";"16"
"1852";"Midden";"Synthetische medewerker 108";"SYN-M-0108";"Synthetisch testteam met lange naam";"Verpleegkundige testfunctie";"Voorbereiding van een geplande synthetische handeling";"Cliënt";"Synthetische cliënt 0086";"SYN-C-00086";"Synthetische hoofdlocatie 012";"14-05-2026, 11:10:25";"14-05-2026, 12:18:25";"VEEL_TEAMS_CLIENT; LATE_ACTIVATIE";"";"68"
"1687";"Midden";"Synthetische medewerker 177";"SYN-M-0177";"Synthetisch team Noord";"Begeleiding";"Controle na overdracht van zorg";"Cliënt";"Synthetische cliënt 0404";"SYN-C-00404";"Synthetische hoofdlocatie 005";"14-05-2026, 11:53:57";"14-05-2026, 12:43:57";"VEEL_TEAMS_CLIENT; LATE_ACTIVATIE";"";"50"
"1671";"Midden";"Synthetische medewerker 015";"SYN-M-0015";"Synthetisch team West";"Synthetische deskundigheid";"Ondersteuning tijdens avond- of nachtdienst";"Cliënt";"Synthetische cliënt 0136";"SYN-C-00136";"Synthetische hoofdlocatie 012";"14-05-2026, 12:04:04";"14-05-2026, 13:08:04";"VEEL_MEDEWERKERS_CLIENT; LATE_ACTIVATIE";"";"64"
"158";"Midden";"Synthetische medewerker 121";"SYN-M-0121";"Synthetisch team Noord";"Begeleiding";"Ondersteuning tijdens avond- of nachtdienst";"Cliënt";"Synthetische cliënt 0399";"SYN-C-00399";"Synthetische hoofdlocatie 025";"14-05-2026, 12:53:05";"14-05-2026, 13:26:05";"VEEL_TEAMS_CLIENT; LATE_ACTIVATIE";"";"33"
"1193";"Midden";"Synthetische medewerker 205";"SYN-M-0205";"Synthetisch team Noord";"Begeleiding";"Synthetische reden voor geautomatiseerde layoutcontrole";"Cliënt";"Synthetische cliënt 0217";"SYN-C-00217";"Synthetische hoofdlocatie 018";"14-05-2026, 15:34:24";"Niet geactiveerd";"NIET_GEACTIVEERD; VEEL_MEDEWERKERS_CLIENT";"";""
"1944";"Midden";"Synthetische medewerker 061";"SYN-M-0061";"Synthetisch team Noord";"Begeleiding";"Ondersteuning tijdens avond- of nachtdienst";"Cliënt";"Synthetische cliënt 0233";"SYN-C-00233";"Synthetische hoofdlocatie 009";"14-05-2026, 15:44:22";"Niet geactiveerd";"NIET_GEACTIVEERD; VEEL_TEAMS_CLIENT";"";""
"1933";"Midden";"Synthetische medewerker 245";"SYN-M-0245";"Synthetisch team Noord";"Begeleiding";"Tijdelijke vervanging binnen het testrooster";"Cliënt";"Synthetische cliënt 0421";"SYN-C-00421";"Synthetische hoofdlocatie 022";"14-05-2026, 16:34:41";"14-05-2026, 17:51:41";"VEEL_TEAMS_CLIENT; LATE_ACTIVATIE";"";"77"
"974";"Midden";"Synthetische medewerker 246";"SYN-M-0246";"Synthetisch team Oost";"Nachtdienst";"Ondersteuning tijdens avond- of nachtdienst";"Cliënt";"Synthetische cliënt 0400";"SYN-C-00400";"Synthetische hoofdlocatie 001";"14-05-2026, 18:03:57";"14-05-2026, 19:14:57";"VEEL_MEDEWERKERS_CLIENT; LATE_ACTIVATIE";"";"71"
"1319";"Midden";"Synthetische medewerker 084";"SYN-M-0084";"Synthetisch testteam met lange naam";"Verpleegkundige testfunctie";"Ondersteuning tijdens avond- of nachtdienst";"Cliënt";"Synthetische cliënt 0146";"SYN-C-00146";"Synthetische hoofdlocatie 022";"14-05-2026, 19:35:33";"14-05-2026, 20:45:33";"VEEL_TEAMS_CLIENT; LATE_ACTIVATIE";"";"70"
"1926";"Midden";"Synthetische medewerker 090";"SYN-M-0090";"Synthetisch team Oost";"Nachtdienst";"Ondersteuning tijdens avond- of nachtdienst";"Cliënt";"Synthetische cliënt 0365";"SYN-C-00365";"Synthetische hoofdlocatie 016";"14-05-2026, 20:48:43";"Niet geactiveerd";"NIET_GEACTIVEERD; VEEL_MEDEWERKERS_CLIENT";"";""
"1537";"Midden";"Synthetische medewerker 066";"SYN-M-0066";"Synthetisch team Oost";"Nachtdienst";"Voorbereiding van een geplande synthetische handeling";"Cliënt";"Synthetische cliënt 0249";"SYN-C-00249";"Synthetische hoofdlocatie 025";"15-05-2026, 00:25:54";"15-05-2026, 01:20:54";"NACHT; LATE_ACTIVATIE";"";"55"
"1275";"Midden";"Synthetische medewerker 222";"SYN-M-0222";"Synthetisch team Oost";"Nachtdienst";"Voorbereiding van een geplande synthetische handeling";"Cliënt";"Synthetische cliënt 0055";"SYN-C-00055";"Synthetische hoofdlocatie 006";"15-05-2026, 00:38:30";"15-05-2026, 01:12:30";"NACHT; LATE_ACTIVATIE";"";"34"
"1223";"Midden";"Synthetische medewerker 092";"SYN-M-0092";"Synthetisch testteam met lange naam";"Verpleegkundige testfunctie";"Controle na overdracht van zorg";"Cliënt";"Synthetische cliënt 0097";"SYN-C-00097";"Synthetische hoofdlocatie 023";"15-05-2026, 01:41:06";"15-05-2026, 03:33:06";"NACHT; LATE_ACTIVATIE";"";"112"
"1350";"Midden";"Synthetische medewerker 198";"SYN-M-0198";"Synthetisch team Oost";"Nachtdienst";"Voorbereiding van een geplande synthetische handeling";"Locatie";"Synthetische locatie 030";"SYN-L-0030";"Synthetische hoofdlocatie 020";"15-05-2026, 02:14:11";"Niet geactiveerd";"NIET_GEACTIVEERD; NACHT";"";""
"653";"Midden";"Synthetische medewerker 101";"SYN-M-0101";"Synthetisch team Noord";"Begeleiding";"Voorbereiding van een geplande synthetische handeling";"Locatie";"Synthetische locatie 016";"SYN-L-0016";"Synthetische hoofdlocatie 006";"15-05-2026, 03:05:17";"15-05-2026, 04:18:17";"NACHT; LATE_ACTIVATIE";"";"73"
"684";"Midden";"Synthetische medewerker 067";"SYN-M-0067";"Synthetisch team West";"Synthetische deskundigheid";"Voorbereiding van een geplande synthetische handeling";"Cliënt";"Synthetische cliënt 0378";"SYN-C-00378";"Synthetische hoofdlocatie 004";"15-05-2026, 04:12:28";"15-05-2026, 05:56:28";"NACHT; LATE_ACTIVATIE";"";"104"
"823";"Midden";"Synthetische medewerker 008";"SYN-M-0008";"Synthetisch testteam met lange naam";"Verpleegkundige testfunctie";"Voorbereiding van een geplande synthetische handeling";"Cliënt";"Synthetische cliënt 0120";"SYN-C-00120";"Synthetische hoofdlocatie 021";"15-05-2026, 04:12:58";"15-05-2026, 04:32:58";"NACHT; LATE_ACTIVATIE";"";"20"
"1995";"Midden";"Synthetische medewerker 161";"SYN-M-0161";"Synthetisch team Noord";"Begeleiding";"Synthetische reden voor geautomatiseerde layoutcontrole";"Cliënt";"Synthetische cliënt 0130";"SYN-C-00130";"Synthetische hoofdlocatie 006";"15-05-2026, 04:38:27";"15-05-2026, 05:54:27";"NACHT; LATE_ACTIVATIE";"";"76"
"1841";"Midden";"Synthetische medewerker 049";"SYN-M-0049";"Synthetisch team Noord";"Begeleiding";"Ondersteuning tijdens avond- of nachtdienst";"Cliënt";"Synthetische cliënt 0463";"SYN-C-00463";"Synthetische hoofdlocatie 014";"15-05-2026, 07:05:23";"15-05-2026, 07:44:23";"VEEL_MEDEWERKERS_CLIENT; LATE_ACTIVATIE";"";"39"
"1421";"Midden";"Synthetische medewerker 180";"SYN-M-0180";"Synthetisch testteam met lange naam";"Verpleegkundige testfunctie";"Synthetische reden voor geautomatiseerde layoutcontrole";"Cliënt";"Synthetische cliënt 0422";"SYN-C-00422";"Synthetische hoofdlocatie 023";"15-05-2026, 08:18:11";"15-05-2026, 09:31:11";"VEEL_TEAMS_CLIENT; LATE_ACTIVATIE";"";"73"
"500";"Midden";"Synthetische medewerker 015";"SYN-M-0015";"Synthetisch team West";"Synthetische deskundigheid";"Ondersteuning tijdens avond- of nachtdienst";"Cliënt";"Synthetische cliënt 0328";"SYN-C-00328";"Synthetische hoofdlocatie 004";"15-05-2026, 08:45:52";"15-05-2026, 08:37:52";"VEEL_TEAMS_CLIENT; ONGELDIGE_ACTIVATIE";"";"-8"
"450";"Midden";"Synthetische medewerker 233";"SYN-M-0233";"Synthetisch team Noord";"Begeleiding";"Ondersteuning tijdens avond- of nachtdienst";"Cliënt";"Synthetische cliënt 0268";"SYN-C-00268";"Synthetische hoofdlocatie 019";"15-05-2026, 08:53:09";"15-05-2026, 09:29:09";"VEEL_MEDEWERKERS_CLIENT; LATE_ACTIVATIE";"";"36"
"900";"Midden";"Synthetische medewerker 236";"SYN-M-0236";"Synthetisch testteam met lange naam";"Verpleegkundige testfunctie";"Controle na overdracht van zorg";"Cliënt";"Synthetische cliënt 0243";"SYN-C-00243";"Synthetische hoofdlocatie 019";"15-05-2026, 14:00:13";"15-05-2026, 14:30:13";"VEEL_TEAMS_CLIENT; LATE_ACTIVATIE";"";"30"
"699";"Midden";"Synthetische medewerker 154";"SYN-M-0154";"Synthetisch team Oost";"Nachtdienst";"Acute ondersteuning buiten het vaste team";"Cliënt";"";"";"Synthetische hoofdlocatie 001";"15-05-2026, 15:17:13";"15-05-2026, 16:40:13";"LATE_ACTIVATIE; ONVOLLEDIG_CLIENTDOEL";"";"83"
"401";"Midden";"Synthetische medewerker 005";"SYN-M-0005";"Synthetisch team Noord";"Begeleiding";"Synthetische reden voor geautomatiseerde layoutcontrole";"Cliënt";"Synthetische cliënt 0341";"SYN-C-00341";"Synthetische hoofdlocatie 017";"15-05-2026, 19:15:28";"15-05-2026, 20:37:28";"VEEL_TEAMS_CLIENT; LATE_ACTIVATIE";"";"82"
"1174";"Midden";"Synthetische medewerker 112";"SYN-M-0112";"Synthetisch testteam met lange naam";"Verpleegkundige testfunctie";"Acute ondersteuning buiten het vaste team";"Cliënt";"Synthetische cliënt 0562";"SYN-C-00562";"Synthetische hoofdlocatie 013";"15-05-2026, 19:33:26";"Niet geactiveerd";"NIET_GEACTIVEERD; VEEL_MEDEWERKERS_CLIENT";"";""
"365";"Midden";"Synthetische medewerker 132";"SYN-M-0132";"Synthetisch testteam met lange naam";"Verpleegkundige testfunctie";"Ondersteuning tijdens avond- of nachtdienst";"Cliënt";"Synthetische cliënt 0562";"SYN-C-00562";"Synthetische hoofdlocatie 013";"15-05-2026, 20:23:12";"15-05-2026, 21:52:12";"VEEL_MEDEWERKERS_CLIENT; LATE_ACTIVATIE";"";"89"
"603";"Midden";"Synthetische medewerker 161";"SYN-M-0161";"Synthetisch team Noord";"Begeleiding";"Tijdelijke vervanging binnen het testrooster";"Cliënt";"Synthetische cliënt 0456";"SYN-C-00456";"Synthetische hoofdlocatie 007";"15-05-2026, 22:27:56";"15-05-2026, 23:58:56";"VEEL_TEAMS_CLIENT; LATE_ACTIVATIE";"";"91"
"614";"Midden";"Synthetische medewerker 073";"SYN-M-0073";"Synthetisch team Noord";"Begeleiding";"Voorbereiding van een geplande synthetische handeling";"Cliënt";"Synthetische cliënt 0508";"SYN-C-00508";"Synthetische hoofdlocatie 009";"16-05-2026, 02:33:53";"16-05-2026, 03:11:53";"NACHT; LATE_ACTIVATIE";"";"38"
"1509";"Midden";"Synthetische medewerker 131";"SYN-M-0131";"Synthetisch team West";"Synthetische deskundigheid";"Synthetische reden voor geautomatiseerde layoutcontrole";"Cliënt";"Synthetische cliënt 0339";"SYN-C-00339";"Synthetische hoofdlocatie 015";"16-05-2026, 04:06:59";"16-05-2026, 04:10:59";"NACHT; LATE_ACTIVATIE";"";"4"
"1600";"Midden";"Synthetische medewerker 179";"SYN-M-0179";"Synthetisch team West";"Synthetische deskundigheid";"Synthetische reden voor geautomatiseerde layoutcontrole";"Cliënt";"";"";"Synthetische hoofdlocatie 007";"16-05-2026, 06:23:11";"16-05-2026, 06:49:11";"LATE_ACTIVATIE; ONVOLLEDIG_CLIENTDOEL";"";"26"
"1021";"Midden";"Synthetische medewerker 121";"SYN-M-0121";"Synthetisch team Noord";"Begeleiding";"Voorbereiding van een geplande synthetische handeling";"Cliënt";"Synthetische cliënt 0112";"SYN-C-00112";"Synthetische hoofdlocatie 013";"16-05-2026, 07:34:33";"16-05-2026, 09:28:33";"VEEL_TEAMS_CLIENT; LATE_ACTIVATIE";"";"114"
"622";"Midden";"Synthetische medewerker 190";"SYN-M-0190";"Synthetisch team Oost";"Nachtdienst";"Tijdelijke vervanging binnen het testrooster";"Cliënt";"";"";"Synthetische hoofdlocatie 021";"16-05-2026, 08:47:57";"16-05-2026, 10:46:57";"LATE_ACTIVATIE; ONVOLLEDIG_CLIENTDOEL";"";"119"
"1948";"Midden";"Synthetische medewerker 244";"SYN-M-0244";"Synthetisch testteam met lange naam";"Verpleegkundige testfunctie";"Voorbereiding van een geplande synthetische handeling";"Cliënt";"Synthetische cliënt 0384";"SYN-C-00384";"Synthetische hoofdlocatie 010";"16-05-2026, 14:20:22";"16-05-2026, 14:41:22";"VEEL_MEDEWERKERS_CLIENT; LATE_ACTIVATIE";"";"21"
"1560";"Midden";"Synthetische medewerker 061";"SYN-M-0061";"Synthetisch team Noord";"Begeleiding";"Synthetische reden voor geautomatiseerde layoutcontrole";"Cliënt";"Synthetische cliënt 0463";"SYN-C-00463";"Synthetische hoofdlocatie 014";"16-05-2026, 16:41:16";"16-05-2026, 17:40:16";"VEEL_MEDEWERKERS_CLIENT; LATE_ACTIVATIE";"";"59"
"1197";"Midden";"Synthetische medewerker 142";"SYN-M-0142";"Synthetisch team Oost";"Nachtdienst";"Acute ondersteuning buiten het vaste team";"Cliënt";"Synthetische cliënt 0182";"SYN-C-00182";"Synthetische hoofdlocatie 008";"16-05-2026, 20:35:04";"16-05-2026, 22:04:04";"VEEL_MEDEWERKERS_CLIENT; LATE_ACTIVATIE";"";"89"
"1431";"Midden";"Synthetische medewerker 219";"SYN-M-0219";"Synthetisch team West";"Synthetische deskundigheid";"Controle na overdracht van zorg";"Locatie";"Synthetische locatie 014";"SYN-L-0014";"Synthetische hoofdlocatie 024";"17-05-2026, 01:04:43";"17-05-2026, 02:58:43";"NACHT; LATE_ACTIVATIE";"";"114"
"1123";"Midden";"Synthetische medewerker 032";"SYN-M-0032";"Synthetisch testteam met lange naam";"Verpleegkundige testfunctie";"Tijdelijke vervanging binnen het testrooster";"Cliënt";"Synthetische cliënt 0405";"SYN-C-00405";"Synthetische hoofdlocatie 006";"17-05-2026, 01:42:47";"17-05-2026, 02:33:47";"NACHT; LATE_ACTIVATIE";"";"51"
"408";"Midden";"Synthetische medewerker 225";"SYN-M-0225";"Synthetisch team Noord";"Begeleiding";"Voorbereiding van een geplande synthetische handeling";"Cliënt";"Synthetische cliënt 0258";"SYN-C-00258";"Synthetische hoofdlocatie 009";"17-05-2026, 01:57:12";"17-05-2026, 02:04:12";"NACHT; LATE_ACTIVATIE";"";"7"
"165";"Midden";"Synthetische medewerker 245";"SYN-M-0245";"Synthetisch team Noord";"Begeleiding";"Acute ondersteuning buiten het vaste team";"Locatie";"Synthetische locatie 022";"SYN-L-0022";"Synthetische hoofdlocatie 012";"17-05-2026, 02:24:35";"17-05-2026, 02:04:35";"NACHT; ONGELDIGE_ACTIVATIE";"";"-20"
"1699";"Midden";"Synthetische medewerker 025";"SYN-M-0025";"Synthetisch team Noord";"Begeleiding";"Synthetische reden voor geautomatiseerde layoutcontrole";"Locatie";"Synthetische locatie 021";"SYN-L-0021";"Synthetische hoofdlocatie 016";"17-05-2026, 02:28:47";"17-05-2026, 02:47:47";"NACHT; LATE_ACTIVATIE";"";"19"
"647";"Midden";"Synthetische medewerker 056";"SYN-M-0056";"Synthetisch testteam met lange naam";"Verpleegkundige testfunctie";"Synthetische reden voor geautomatiseerde layoutcontrole";"Cliënt";"Synthetische cliënt 0391";"SYN-C-00391";"Synthetische hoofdlocatie 017";"17-05-2026, 02:29:03";"Niet geactiveerd";"NIET_GEACTIVEERD; NACHT";"";""
"949";"Midden";"Synthetische medewerker 013";"SYN-M-0013";"Synthetisch team Noord";"Begeleiding";"Synthetische reden voor geautomatiseerde layoutcontrole";"Cliënt";"Synthetische cliënt 0448";"SYN-C-00448";"Synthetische hoofdlocatie 024";"17-05-2026, 02:38:10";"17-05-2026, 02:41:10";"NACHT; LATE_ACTIVATIE";"";"3"
"1770";"Midden";"Synthetische medewerker 231";"SYN-M-0231";"Synthetisch team West";"Synthetische deskundigheid";"Voorbereiding van een geplande synthetische handeling";"Cliënt";"Synthetische cliënt 0425";"SYN-C-00425";"Synthetische hoofdlocatie 001";"17-05-2026, 02:46:08";"17-05-2026, 04:38:08";"NACHT; LATE_ACTIVATIE";"";"112"
"1485";"Midden";"Synthetische medewerker 160";"SYN-M-0160";"Synthetisch testteam met lange naam";"Verpleegkundige testfunctie";"Synthetische reden voor geautomatiseerde layoutcontrole";"Cliënt";"Synthetische cliënt 0283";"SYN-C-00283";"Synthetische hoofdlocatie 009";"17-05-2026, 03:18:35";"17-05-2026, 04:26:35";"NACHT; LATE_ACTIVATIE";"";"68"
"1005";"Midden";"Synthetische medewerker 128";"SYN-M-0128";"Synthetisch testteam met lange naam";"Verpleegkundige testfunctie";"Synthetische reden voor geautomatiseerde layoutcontrole";"Cliënt";"Synthetische cliënt 0457";"SYN-C-00457";"Synthetische hoofdlocatie 008";"17-05-2026, 09:00:52";"17-05-2026, 09:23:52";"VEEL_TEAMS_CLIENT; LATE_ACTIVATIE";"";"23"
"1898";"Midden";"Synthetische medewerker 246";"SYN-M-0246";"Synthetisch team Oost";"Nachtdienst";"Tijdelijke vervanging binnen het testrooster";"Cliënt";"Synthetische cliënt 0293";"SYN-C-00293";"Synthetische hoofdlocatie 019";"17-05-2026, 13:03:09";"17-05-2026, 13:55:09";"VEEL_MEDEWERKERS_CLIENT; LATE_ACTIVATIE";"";"52"
"1052";"Midden";"Synthetische medewerker 042";"SYN-M-0042";"Synthetisch team Oost";"Nachtdienst";"Ondersteuning tijdens avond- of nachtdienst";"Cliënt";"Synthetische cliënt 0421";"SYN-C-00421";"Synthetische hoofdlocatie 022";"17-05-2026, 14:12:47";"17-05-2026, 15:57:47";"VEEL_TEAMS_CLIENT; LATE_ACTIVATIE";"";"105"
"1615";"Midden";"Synthetische medewerker 119";"SYN-M-0119";"Synthetisch team West";"Synthetische deskundigheid";"Synthetische reden voor geautomatiseerde layoutcontrole";"Cliënt";"Synthetische cliënt 0509";"SYN-C-00509";"Synthetische hoofdlocatie 010";"17-05-2026, 15:28:13";"17-05-2026, 16:20:13";"VEEL_TEAMS_CLIENT; LATE_ACTIVATIE";"";"52"
"588";"Midden";"Synthetische medewerker 240";"SYN-M-0240";"Synthetisch testteam met lange naam";"Verpleegkundige testfunctie";"Synthetische reden voor geautomatiseerde layoutcontrole";"Cliënt";"Synthetische cliënt 0353";"SYN-C-00353";"Synthetische hoofdlocatie 004";"17-05-2026, 16:56:22";"17-05-2026, 18:30:22";"VEEL_MEDEWERKERS_CLIENT; LATE_ACTIVATIE";"";"94"
"423";"Midden";"Synthetische medewerker 106";"SYN-M-0106";"Synthetisch team Oost";"Nachtdienst";"Ondersteuning tijdens avond- of nachtdienst";"Cliënt";"Synthetische cliënt 0140";"SYN-C-00140";"Synthetische hoofdlocatie 016";"17-05-2026, 18:47:32";"17-05-2026, 19:06:32";"VEEL_TEAMS_CLIENT; LATE_ACTIVATIE";"";"19"
"1053";"Midden";"Synthetische medewerker 013";"SYN-M-0013";"Synthetisch team Noord";"Begeleiding";"Acute ondersteuning buiten het vaste team";"Cliënt";"Synthetische cliënt 0445";"SYN-C-00445";"Synthetische hoofdlocatie 021";"17-05-2026, 21:22:19";"17-05-2026, 22:08:19";"VEEL_MEDEWERKERS_CLIENT; LATE_ACTIVATIE";"";"46"
"48";"Midden";"Synthetische medewerker 035";"SYN-M-0035";"Synthetisch team West";"Synthetische deskundigheid";"Ondersteuning tijdens avond- of nachtdienst";"Cliënt";"Synthetische cliënt 0120";"SYN-C-00120";"Synthetische hoofdlocatie 021";"17-05-2026, 23:49:08";"18-05-2026, 00:03:08";"NACHT; LATE_ACTIVATIE";"";"14"
"1157";"Midden";"Synthetische medewerker 013";"SYN-M-0013";"Synthetisch team Noord";"Begeleiding";"Controle na overdracht van zorg";"Cliënt";"Synthetische cliënt 0424";"SYN-C-00424";"Synthetische hoofdlocatie 025";"18-05-2026, 00:06:35";"18-05-2026, 01:50:35";"NACHT; LATE_ACTIVATIE";"";"104"
"920";"Midden";"Synthetische medewerker 223";"SYN-M-0223";"Synthetisch team West";"Synthetische deskundigheid";"Ondersteuning tijdens avond- of nachtdienst";"Cliënt";"Synthetische cliënt 0094";"SYN-C-00094";"Synthetische hoofdlocatie 020";"18-05-2026, 01:46:14";"18-05-2026, 02:17:14";"NACHT; LATE_ACTIVATIE";"";"31"
"330";"Midden";"Synthetische medewerker 200";"SYN-M-0200";"Synthetisch testteam met lange naam";"Verpleegkundige testfunctie";"Acute ondersteuning buiten het vaste team";"Cliënt";"Synthetische cliënt 0138";"SYN-C-00138";"Synthetische hoofdlocatie 014";"18-05-2026, 03:18:41";"18-05-2026, 04:54:41";"NACHT; LATE_ACTIVATIE";"";"96"
"904";"Midden";"Synthetische medewerker 219";"SYN-M-0219";"Synthetisch team West";"Synthetische deskundigheid";"Ondersteuning tijdens avond- of nachtdienst";"Cliënt";"Synthetische cliënt 0380";"SYN-C-00380";"Synthetische hoofdlocatie 006";"18-05-2026, 03:49:07";"18-05-2026, 05:48:07";"NACHT; LATE_ACTIVATIE";"";"119"
"1571";"Midden";"Synthetische medewerker 054";"SYN-M-0054";"Synthetisch team Oost";"Nachtdienst";"Voorbereiding van een geplande synthetische handeling";"Cliënt";"Synthetische cliënt 0298";"SYN-C-00298";"Synthetische hoofdlocatie 024";"18-05-2026, 04:22:22";"18-05-2026, 05:00:22";"NACHT; LATE_ACTIVATIE";"";"38"
"1469";"Midden";"Synthetische medewerker 144";"SYN-M-0144";"Synthetisch testteam met lange naam";"Verpleegkundige testfunctie";"Controle na overdracht van zorg";"Cliënt";"Synthetische cliënt 0067";"SYN-C-00067";"Synthetische hoofdlocatie 018";"18-05-2026, 04:32:18";"18-05-2026, 06:24:18";"NACHT; LATE_ACTIVATIE";"";"112"
"1249";"Midden";"Synthetische medewerker 225";"SYN-M-0225";"Synthetisch team Noord";"Begeleiding";"Controle na overdracht van zorg";"Cliënt";"Synthetische cliënt 0513";"SYN-C-00513";"Synthetische hoofdlocatie 014";"18-05-2026, 04:36:43";"Niet geactiveerd";"NIET_GEACTIVEERD; NACHT";"";""
"694";"Midden";"Synthetische medewerker 113";"SYN-M-0113";"Synthetisch team Noord";"Begeleiding";"Controle na overdracht van zorg";"Cliënt";"Synthetische cliënt 0565";"SYN-C-00565";"Synthetische hoofdlocatie 016";"18-05-2026, 05:10:28";"18-05-2026, 05:24:28";"NACHT; LATE_ACTIVATIE";"";"14"
"750";"Midden";"Synthetische medewerker 092";"SYN-M-0092";"Synthetisch testteam met lange naam";"Verpleegkundige testfunctie";"Tijdelijke vervanging binnen het testrooster";"Locatie";"Synthetische locatie 020";"SYN-L-0020";"Synthetische hoofdlocatie 015";"18-05-2026, 05:15:04";"Niet geactiveerd";"NIET_GEACTIVEERD; NACHT";"";""
"390";"Midden";"Synthetische medewerker 127";"SYN-M-0127";"Synthetisch team West";"Synthetische deskundigheid";"Tijdelijke vervanging binnen het testrooster";"Cliënt";"Synthetische cliënt 0204";"SYN-C-00204";"Synthetische hoofdlocatie 005";"18-05-2026, 05:33:14";"Niet geactiveerd";"NIET_GEACTIVEERD; NACHT";"";""
"767";"Midden";"Synthetische medewerker 102";"SYN-M-0102";"Synthetisch team Oost";"Nachtdienst";"Tijdelijke vervanging binnen het testrooster";"Cliënt";"Synthetische cliënt 0332";"SYN-C-00332";"Synthetische hoofdlocatie 008";"18-05-2026, 07:35:20";"18-05-2026, 09:24:20";"VEEL_MEDEWERKERS_CLIENT; LATE_ACTIVATIE";"";"109"
"1684";"Midden";"Synthetische medewerker 233";"SYN-M-0233";"Synthetisch team Noord";"Begeleiding";"Synthetische reden voor geautomatiseerde layoutcontrole";"Cliënt";"Synthetische cliënt 0080";"SYN-C-00080";"Synthetische hoofdlocatie 006";"18-05-2026, 08:25:43";"18-05-2026, 10:12:43";"VEEL_MEDEWERKERS_CLIENT; LATE_ACTIVATIE";"";"107"
"654";"Midden";"Synthetische medewerker 029";"SYN-M-0029";"Synthetisch team Noord";"Begeleiding";"Controle na overdracht van zorg";"Cliënt";"Synthetische cliënt 0106";"SYN-C-00106";"Synthetische hoofdlocatie 007";"18-05-2026, 10:38:00";"18-05-2026, 10:55:00";"VEEL_TEAMS_CLIENT; LATE_ACTIVATIE";"";"17"
"814";"Midden";"Synthetische medewerker 123";"SYN-M-0123";"Synthetisch team West";"Synthetische deskundigheid";"Synthetische reden voor geautomatiseerde layoutcontrole";"Cliënt";"Synthetische cliënt 0079";"SYN-C-00079";"Synthetische hoofdlocatie 005";"18-05-2026, 10:42:23";"18-05-2026, 10:53:23";"VEEL_TEAMS_CLIENT; LATE_ACTIVATIE";"";"11"
"176";"Midden";"Synthetische medewerker 066";"SYN-M-0066";"Synthetisch team Oost";"Nachtdienst";"Tijdelijke vervanging binnen het testrooster";"Cliënt";"Synthetische cliënt 0432";"SYN-C-00432";"Synthetische hoofdlocatie 008";"18-05-2026, 12:07:39";"18-05-2026, 13:01:39";"VEEL_MEDEWERKERS_CLIENT; LATE_ACTIVATIE";"";"54"
"1711";"Midden";"Synthetische medewerker 070";"SYN-M-0070";"Synthetisch team Oost";"Nachtdienst";"Synthetische reden voor geautomatiseerde layoutcontrole";"Cliënt";"Synthetische cliënt 0013";"SYN-C-00013";"Synthetische hoofdlocatie 014";"18-05-2026, 13:42:22";"18-05-2026, 15:09:22";"VEEL_TEAMS_CLIENT; LATE_ACTIVATIE";"";"87"
"270";"Midden";"Synthetische medewerker 136";"SYN-M-0136";"Synthetisch testteam met lange naam";"Verpleegkundige testfunctie";"Tijdelijke vervanging binnen het testrooster";"Cliënt";"Synthetische cliënt 0413";"SYN-C-00413";"Synthetische hoofdlocatie 014";"18-05-2026, 16:23:21";"18-05-2026, 16:15:21";"VEEL_MEDEWERKERS_CLIENT; ONGELDIGE_ACTIVATIE";"";"-8"
"587";"Midden";"Synthetische medewerker 105";"SYN-M-0105";"Synthetisch team Noord";"Begeleiding";"Voorbereiding van een geplande synthetische handeling";"Cliënt";"Synthetische cliënt 0423";"SYN-C-00423";"Synthetische hoofdlocatie 024";"18-05-2026, 16:23:21";"18-05-2026, 17:11:21";"VEEL_TEAMS_CLIENT; LATE_ACTIVATIE";"";"48"
"600";"Midden";"Synthetische medewerker 067";"SYN-M-0067";"Synthetisch team West";"Synthetische deskundigheid";"Controle na overdracht van zorg";"Cliënt";"Synthetische cliënt 0439";"SYN-C-00439";"Synthetische hoofdlocatie 015";"18-05-2026, 18:21:17";"18-05-2026, 19:49:17";"VEEL_TEAMS_CLIENT; LATE_ACTIVATIE";"";"88"
"36";"Midden";"Synthetische medewerker 211";"SYN-M-0211";"Synthetisch team West";"Synthetische deskundigheid";"Voorbereiding van een geplande synthetische handeling";"Cliënt";"Synthetische cliënt 0325";"SYN-C-00325";"Synthetische hoofdlocatie 001";"18-05-2026, 18:34:21";"Niet geactiveerd";"NIET_GEACTIVEERD; VEEL_TEAMS_CLIENT";"";""
"1497";"Midden";"Synthetische medewerker 205";"SYN-M-0205";"Synthetisch team Noord";"Begeleiding";"Ondersteuning tijdens avond- of nachtdienst";"Cliënt";"Synthetische cliënt 0268";"SYN-C-00268";"Synthetische hoofdlocatie 019";"18-05-2026, 18:49:13";"18-05-2026, 20:04:13";"VEEL_MEDEWERKERS_CLIENT; LATE_ACTIVATIE";"";"75"
"1439";"Midden";"Synthetische medewerker 172";"SYN-M-0172";"Synthetisch testteam met lange naam";"Verpleegkundige testfunctie";"Synthetische reden voor geautomatiseerde layoutcontrole";"Cliënt";"Synthetische cliënt 0101";"SYN-C-00101";"Synthetische hoofdlocatie 002";"18-05-2026, 19:15:49";"Niet geactiveerd";"NIET_GEACTIVEERD; VEEL_MEDEWERKERS_CLIENT";"";""
"1180";"Midden";"Synthetische medewerker 059";"SYN-M-0059";"Synthetisch team West";"Synthetische deskundigheid";"Ondersteuning tijdens avond- of nachtdienst";"Cliënt";"Synthetische cliënt 0012";"SYN-C-00012";"Synthetische hoofdlocatie 013";"18-05-2026, 19:53:50";"18-05-2026, 20:01:50";"VEEL_TEAMS_CLIENT; LATE_ACTIVATIE";"";"8"
"415";"Midden";"Synthetische medewerker 202";"SYN-M-0202";"Synthetisch team Oost";"Nachtdienst";"Synthetische reden voor geautomatiseerde layoutcontrole";"Cliënt";"Synthetische cliënt 0062";"SYN-C-00062";"Synthetische hoofdlocatie 013";"19-05-2026, 01:13:10";"19-05-2026, 03:08:10";"NACHT; LATE_ACTIVATIE";"";"115"
"609";"Midden";"Synthetische medewerker 141";"SYN-M-0141";"Synthetisch team Noord";"Begeleiding";"Synthetische reden voor geautomatiseerde layoutcontrole";"Cliënt";"Synthetische cliënt 0246";"SYN-C-00246";"Synthetische hoofdlocatie 022";"19-05-2026, 02:07:12";"19-05-2026, 01:37:12";"NACHT; ONGELDIGE_ACTIVATIE";"";"-30"
"1980";"Midden";"Synthetische medewerker 177";"SYN-M-0177";"Synthetisch team Noord";"Begeleiding";"Acute ondersteuning buiten het vaste team";"Cliënt";"Synthetische cliënt 0440";"SYN-C-00440";"Synthetische hoofdlocatie 016";"19-05-2026, 03:19:55";"Niet geactiveerd";"NIET_GEACTIVEERD; NACHT";"";""
"1393";"Midden";"Synthetische medewerker 039";"SYN-M-0039";"Synthetisch team West";"Synthetische deskundigheid";"Tijdelijke vervanging binnen het testrooster";"Cliënt";"Synthetische cliënt 0209";"SYN-C-00209";"Synthetische hoofdlocatie 010";"19-05-2026, 03:26:35";"Niet geactiveerd";"NIET_GEACTIVEERD; NACHT";"";""
"184";"Midden";"Synthetische medewerker 065";"SYN-M-0065";"Synthetisch team Noord";"Begeleiding";"Controle na overdracht van zorg";"Cliënt";"Synthetische cliënt 0448";"SYN-C-00448";"Synthetische hoofdlocatie 024";"19-05-2026, 03:44:45";"19-05-2026, 04:24:45";"NACHT; LATE_ACTIVATIE";"";"40"
"946";"Midden";"Synthetische medewerker 016";"SYN-M-0016";"Synthetisch testteam met lange naam";"Verpleegkundige testfunctie";"Controle na overdracht van zorg";"Cliënt";"Synthetische cliënt 0549";"SYN-C-00549";"Synthetische hoofdlocatie 025";"19-05-2026, 04:13:43";"Niet geactiveerd";"NIET_GEACTIVEERD; NACHT";"";""
"1880";"Midden";"Synthetische medewerker 217";"SYN-M-0217";"Synthetisch team Noord";"Begeleiding";"Tijdelijke vervanging binnen het testrooster";"Cliënt";"Synthetische cliënt 0229";"SYN-C-00229";"Synthetische hoofdlocatie 005";"19-05-2026, 04:59:31";"19-05-2026, 04:29:31";"NACHT; ONGELDIGE_ACTIVATIE";"";"-30"
"771";"Midden";"Synthetische medewerker 109";"SYN-M-0109";"Synthetisch team Noord";"Begeleiding";"Voorbereiding van een geplande synthetische handeling";"Locatie";"Synthetische locatie 010";"SYN-L-0010";"Synthetische hoofdlocatie 025";"19-05-2026, 05:10:51";"19-05-2026, 06:27:51";"NACHT; LATE_ACTIVATIE";"";"77"
"1144";"Midden";"Synthetische medewerker 231";"SYN-M-0231";"Synthetisch team West";"Synthetische deskundigheid";"Tijdelijke vervanging binnen het testrooster";"Locatie";"Synthetische locatie 029";"SYN-L-0029";"Synthetische hoofdlocatie 004";"19-05-2026, 05:16:49";"19-05-2026, 05:57:49";"NACHT; LATE_ACTIVATIE";"";"41"
"1037";"Midden";"Synthetische medewerker 143";"SYN-M-0143";"Synthetisch team West";"Synthetische deskundigheid";"Acute ondersteuning buiten het vaste team";"Cliënt";"Synthetische cliënt 0271";"SYN-C-00271";"Synthetische hoofdlocatie 022";"19-05-2026, 05:32:12";"19-05-2026, 06:47:12";"NACHT; LATE_ACTIVATIE";"";"75"
"586";"Midden";"Synthetische medewerker 078";"SYN-M-0078";"Synthetisch team Oost";"Nachtdienst";"Tijdelijke vervanging binnen het testrooster";"Cliënt";"Synthetische cliënt 0246";"SYN-C-00246";"Synthetische hoofdlocatie 022";"19-05-2026, 05:55:39";"19-05-2026, 07:46:39";"NACHT; LATE_ACTIVATIE";"";"111"
"991";"Midden";"Synthetische medewerker 145";"SYN-M-0145";"Synthetisch team Noord";"Begeleiding";"Tijdelijke vervanging binnen het testrooster";"Cliënt";"Synthetische cliënt 0012";"SYN-C-00012";"Synthetische hoofdlocatie 013";"19-05-2026, 06:13:18";"19-05-2026, 07:11:18";"VEEL_TEAMS_CLIENT; LATE_ACTIVATIE";"";"58"
"895";"Midden";"Synthetische medewerker 058";"SYN-M-0058";"Synthetisch team Oost";"Nachtdienst";"Synthetische reden voor geautomatiseerde layoutcontrole";"Cliënt";"";"";"Synthetische hoofdlocatie 015";"19-05-2026, 10:00:44";"19-05-2026, 11:17:44";"LATE_ACTIVATIE; ONVOLLEDIG_CLIENTDOEL";"";"77"
"798";"Midden";"Synthetische medewerker 091";"SYN-M-0091";"Synthetisch team West";"Synthetische deskundigheid";"Tijdelijke vervanging binnen het testrooster";"Cliënt";"Synthetische cliënt 0217";"SYN-C-00217";"Synthetische hoofdlocatie 018";"19-05-2026, 11:20:40";"19-05-2026, 11:34:40";"VEEL_MEDEWERKERS_CLIENT; LATE_ACTIVATIE";"";"14"
"598";"Midden";"Synthetische medewerker 087";"SYN-M-0087";"Synthetisch team West";"Synthetische deskundigheid";"Voorbereiding van een geplande synthetische handeling";"Cliënt";"Synthetische cliënt 0140";"SYN-C-00140";"Synthetische hoofdlocatie 016";"19-05-2026, 14:10:08";"Niet geactiveerd";"NIET_GEACTIVEERD; VEEL_TEAMS_CLIENT";"";""
"1325";"Midden";"Synthetische medewerker 007";"SYN-M-0007";"Synthetisch team West";"Synthetische deskundigheid";"Controle na overdracht van zorg";"Cliënt";"Synthetische cliënt 0063";"SYN-C-00063";"Synthetische hoofdlocatie 014";"19-05-2026, 14:22:18";"19-05-2026, 14:58:18";"VEEL_MEDEWERKERS_CLIENT; LATE_ACTIVATIE";"";"36"
"1879";"Midden";"Synthetische medewerker 054";"SYN-M-0054";"Synthetisch team Oost";"Nachtdienst";"Acute ondersteuning buiten het vaste team";"Cliënt";"Synthetische cliënt 0442";"SYN-C-00442";"Synthetische hoofdlocatie 018";"19-05-2026, 17:19:01";"Niet geactiveerd";"NIET_GEACTIVEERD; VEEL_MEDEWERKERS_CLIENT";"";""
"375";"Midden";"Synthetische medewerker 250";"SYN-M-0250";"Synthetisch team Oost";"Nachtdienst";"Controle na overdracht van zorg";"Cliënt";"Synthetische cliënt 0432";"SYN-C-00432";"Synthetische hoofdlocatie 008";"19-05-2026, 19:36:24";"Niet geactiveerd";"NIET_GEACTIVEERD; VEEL_MEDEWERKERS_CLIENT";"";""
"1273";"Midden";"Synthetische medewerker 222";"SYN-M-0222";"Synthetisch team Oost";"Nachtdienst";"Acute ondersteuning buiten het vaste team";"Cliënt";"Synthetische cliënt 0508";"SYN-C-00508";"Synthetische hoofdlocatie 009";"20-05-2026, 02:40:24";"Niet geactiveerd";"NIET_GEACTIVEERD; NACHT";"";""
"272";"Midden";"Synthetische medewerker 008";"SYN-M-0008";"Synthetisch testteam met lange naam";"Verpleegkundige testfunctie";"Tijdelijke vervanging binnen het testrooster";"Cliënt";"Synthetische cliënt 0190";"SYN-C-00190";"Synthetische hoofdlocatie 016";"20-05-2026, 02:44:27";"20-05-2026, 02:59:27";"NACHT; LATE_ACTIVATIE";"";"15"
"1871";"Midden";"Synthetische medewerker 233";"SYN-M-0233";"Synthetisch team Noord";"Begeleiding";"Synthetische reden voor geautomatiseerde layoutcontrole";"Cliënt";"Synthetische cliënt 0542";"SYN-C-00542";"Synthetische hoofdlocatie 018";"20-05-2026, 02:51:52";"20-05-2026, 04:50:52";"NACHT; LATE_ACTIVATIE";"";"119"
"214";"Midden";"Synthetische medewerker 085";"SYN-M-0085";"Synthetisch team Noord";"Begeleiding";"Voorbereiding van een geplande synthetische handeling";"Cliënt";"Synthetische cliënt 0116";"SYN-C-00116";"Synthetische hoofdlocatie 017";"20-05-2026, 03:10:43";"20-05-2026, 04:27:43";"NACHT; LATE_ACTIVATIE";"";"77"
"1983";"Midden";"Synthetische medewerker 239";"SYN-M-0239";"Synthetisch team West";"Synthetische deskundigheid";"Acute ondersteuning buiten het vaste team";"Cliënt";"Synthetische cliënt 0105";"SYN-C-00105";"Synthetische hoofdlocatie 006";"20-05-2026, 03:50:16";"Niet geactiveerd";"NIET_GEACTIVEERD; NACHT";"";""
"405";"Midden";"Synthetische medewerker 183";"SYN-M-0183";"Synthetisch team West";"Synthetische deskundigheid";"Ondersteuning tijdens avond- of nachtdienst";"Cliënt";"Synthetische cliënt 0362";"SYN-C-00362";"Synthetische hoofdlocatie 013";"20-05-2026, 03:54:58";"Niet geactiveerd";"NIET_GEACTIVEERD; NACHT";"";""
"630";"Midden";"Synthetische medewerker 196";"SYN-M-0196";"Synthetisch testteam met lange naam";"Verpleegkundige testfunctie";"Voorbereiding van een geplande synthetische handeling";"Cliënt";"Synthetische cliënt 0345";"SYN-C-00345";"Synthetische hoofdlocatie 021";"20-05-2026, 04:39:40";"20-05-2026, 06:12:40";"NACHT; LATE_ACTIVATIE";"";"93"
"936";"Midden";"Synthetische medewerker 158";"SYN-M-0158";"Synthetisch team Oost";"Nachtdienst";"Voorbereiding van een geplande synthetische handeling";"Cliënt";"Synthetische cliënt 0293";"SYN-C-00293";"Synthetische hoofdlocatie 019";"20-05-2026, 08:33:58";"20-05-2026, 10:33:58";"VEEL_MEDEWERKERS_CLIENT; LATE_ACTIVATIE";"";"120"
"970";"Midden";"Synthetische medewerker 064";"SYN-M-0064";"Synthetisch testteam met lange naam";"Verpleegkundige testfunctie";"Synthetische reden voor geautomatiseerde layoutcontrole";"Cliënt";"";"";"Synthetische hoofdlocatie 013";"20-05-2026, 14:12:46";"20-05-2026, 15:01:46";"LATE_ACTIVATIE; ONVOLLEDIG_CLIENTDOEL";"";"49"
"1425";"Midden";"Synthetische medewerker 074";"SYN-M-0074";"Synthetisch team Oost";"Nachtdienst";"Voorbereiding van een geplande synthetische handeling";"Cliënt";"Synthetische cliënt 0293";"SYN-C-00293";"Synthetische hoofdlocatie 019";"20-05-2026, 15:44:58";"20-05-2026, 16:53:58";"VEEL_MEDEWERKERS_CLIENT; LATE_ACTIVATIE";"";"69"
"783";"Midden";"Synthetische medewerker 016";"SYN-M-0016";"Synthetisch testteam met lange naam";"Verpleegkundige testfunctie";"Synthetische reden voor geautomatiseerde layoutcontrole";"Cliënt";"Synthetische cliënt 0264";"SYN-C-00264";"Synthetische hoofdlocatie 015";"20-05-2026, 16:06:26";"20-05-2026, 17:18:26";"VEEL_MEDEWERKERS_CLIENT; LATE_ACTIVATIE";"";"72"
"175";"Midden";"Synthetische medewerker 102";"SYN-M-0102";"Synthetisch team Oost";"Nachtdienst";"Ondersteuning tijdens avond- of nachtdienst";"Cliënt";"Synthetische cliënt 0112";"SYN-C-00112";"Synthetische hoofdlocatie 013";"20-05-2026, 16:16:48";"20-05-2026, 16:32:48";"VEEL_TEAMS_CLIENT; LATE_ACTIVATIE";"";"16"
"1138";"Midden";"Synthetische medewerker 001";"SYN-M-0001";"Synthetisch team Noord";"Begeleiding";"Controle na overdracht van zorg";"Cliënt";"";"";"Synthetische hoofdlocatie 002";"20-05-2026, 16:43:21";"20-05-2026, 17:47:21";"LATE_ACTIVATIE; ONVOLLEDIG_CLIENTDOEL";"";"64"
"866";"Midden";"Synthetische medewerker 141";"SYN-M-0141";"Synthetisch team Noord";"Begeleiding";"Synthetische reden voor geautomatiseerde layoutcontrole";"Cliënt";"Synthetische cliënt 0526";"SYN-C-00526";"Synthetische hoofdlocatie 002";"20-05-2026, 17:31:40";"20-05-2026, 19:14:40";"VEEL_MEDEWERKERS_CLIENT; LATE_ACTIVATIE";"";"103"
"162";"Midden";"Synthetische medewerker 035";"SYN-M-0035";"Synthetisch team West";"Synthetische deskundigheid";"Controle na overdracht van zorg";"Cliënt";"Synthetische cliënt 0422";"SYN-C-00422";"Synthetische hoofdlocatie 023";"20-05-2026, 18:11:12";"20-05-2026, 19:59:12";"VEEL_TEAMS_CLIENT; LATE_ACTIVATIE";"";"108"
"846";"Midden";"Synthetische medewerker 192";"SYN-M-0192";"Synthetisch testteam met lange naam";"Verpleegkundige testfunctie";"Voorbereiding van een geplande synthetische handeling";"Cliënt";"Synthetische cliënt 0052";"SYN-C-00052";"Synthetische hoofdlocatie 003";"20-05-2026, 18:44:02";"20-05-2026, 19:54:02";"VEEL_MEDEWERKERS_CLIENT; LATE_ACTIVATIE";"";"70"
"1176";"Midden";"Synthetische medewerker 046";"SYN-M-0046";"Synthetisch team Oost";"Nachtdienst";"Acute ondersteuning buiten het vaste team";"Cliënt";"Synthetische cliënt 0442";"SYN-C-00442";"Synthetische hoofdlocatie 018";"20-05-2026, 18:56:22";"Niet geactiveerd";"NIET_GEACTIVEERD; VEEL_MEDEWERKERS_CLIENT";"";""
"364";"Midden";"Synthetische medewerker 206";"SYN-M-0206";"Synthetisch team Oost";"Nachtdienst";"Tijdelijke vervanging binnen het testrooster";"Cliënt";"Synthetische cliënt 0526";"SYN-C-00526";"Synthetische hoofdlocatie 002";"20-05-2026, 19:57:52";"20-05-2026, 21:18:52";"VEEL_MEDEWERKERS_CLIENT; LATE_ACTIVATIE";"";"81"
"538";"Midden";"Synthetische medewerker 151";"SYN-M-0151";"Synthetisch team West";"Synthetische deskundigheid";"Controle na overdracht van zorg";"Cliënt";"Synthetische cliënt 0392";"SYN-C-00392";"Synthetische hoofdlocatie 018";"20-05-2026, 20:18:20";"20-05-2026, 20:24:20";"VEEL_MEDEWERKERS_CLIENT; LATE_ACTIVATIE";"";"6"
"449";"Midden";"Synthetische medewerker 047";"SYN-M-0047";"Synthetisch team West";"Synthetische deskundigheid";"Synthetische reden voor geautomatiseerde layoutcontrole";"Cliënt";"";"";"Synthetische hoofdlocatie 004";"20-05-2026, 21:42:17";"20-05-2026, 21:55:17";"LATE_ACTIVATIE; ONVOLLEDIG_CLIENTDOEL";"";"13"
"1293";"Midden";"Synthetische medewerker 186";"SYN-M-0186";"Synthetisch team Oost";"Nachtdienst";"Acute ondersteuning buiten het vaste team";"Cliënt";"Synthetische cliënt 0404";"SYN-C-00404";"Synthetische hoofdlocatie 005";"20-05-2026, 22:05:11";"Niet geactiveerd";"NIET_GEACTIVEERD; VEEL_TEAMS_CLIENT";"";""
"1055";"Midden";"Synthetische medewerker 130";"SYN-M-0130";"Synthetisch team Oost";"Nachtdienst";"Controle na overdracht van zorg";"Cliënt";"Synthetische cliënt 0188";"SYN-C-00188";"Synthetische hoofdlocatie 014";"20-05-2026, 23:08:56";"20-05-2026, 23:15:56";"NACHT; LATE_ACTIVATIE";"";"7"
"1863";"Midden";"Synthetische medewerker 048";"SYN-M-0048";"Synthetisch testteam met lange naam";"Verpleegkundige testfunctie";"Synthetische reden voor geautomatiseerde layoutcontrole";"Locatie";"Synthetische locatie 008";"SYN-L-0008";"Synthetische hoofdlocatie 008";"20-05-2026, 23:10:13";"21-05-2026, 01:08:13";"NACHT; LATE_ACTIVATIE";"";"118"
"246";"Midden";"Synthetische medewerker 119";"SYN-M-0119";"Synthetisch team West";"Synthetische deskundigheid";"Controle na overdracht van zorg";"Cliënt";"Synthetische cliënt 0155";"SYN-C-00155";"Synthetische hoofdlocatie 006";"20-05-2026, 23:50:39";"21-05-2026, 00:54:39";"NACHT; LATE_ACTIVATIE";"";"64"
"1956";"Midden";"Synthetische medewerker 240";"SYN-M-0240";"Synthetisch testteam met lange naam";"Verpleegkundige testfunctie";"Acute ondersteuning buiten het vaste team";"Cliënt";"Synthetische cliënt 0095";"SYN-C-00095";"Synthetische hoofdlocatie 021";"21-05-2026, 00:29:06";"21-05-2026, 01:20:06";"NACHT; LATE_ACTIVATIE";"";"51"
"460";"Midden";"Synthetische medewerker 200";"SYN-M-0200";"Synthetisch testteam met lange naam";"Verpleegkundige testfunctie";"Tijdelijke vervanging binnen het testrooster";"Locatie";"Synthetische locatie 034";"SYN-L-0034";"Synthetische hoofdlocatie 019";"21-05-2026, 02:04:12";"21-05-2026, 03:24:12";"NACHT; LATE_ACTIVATIE";"";"80"
"1845";"Midden";"Synthetische medewerker 221";"SYN-M-0221";"Synthetisch team Noord";"Begeleiding";"Controle na overdracht van zorg";"Cliënt";"Synthetische cliënt 0071";"SYN-C-00071";"Synthetische hoofdlocatie 022";"21-05-2026, 02:05:26";"21-05-2026, 03:16:26";"NACHT; LATE_ACTIVATIE";"";"71"
"366";"Midden";"Synthetische medewerker 073";"SYN-M-0073";"Synthetisch team Noord";"Begeleiding";"Synthetische reden voor geautomatiseerde layoutcontrole";"Cliënt";"Synthetische cliënt 0354";"SYN-C-00354";"Synthetische hoofdlocatie 005";"21-05-2026, 02:42:22";"21-05-2026, 03:00:22";"NACHT; LATE_ACTIVATIE";"";"18"
"1339";"Midden";"Synthetische medewerker 058";"SYN-M-0058";"Synthetisch team Oost";"Nachtdienst";"Ondersteuning tijdens avond- of nachtdienst";"Locatie";"Synthetische locatie 014";"SYN-L-0014";"Synthetische hoofdlocatie 024";"21-05-2026, 04:36:47";"21-05-2026, 05:33:47";"NACHT; LATE_ACTIVATIE";"";"57"
"856";"Midden";"Synthetische medewerker 248";"SYN-M-0248";"Synthetisch testteam met lange naam";"Verpleegkundige testfunctie";"Controle na overdracht van zorg";"Cliënt";"Synthetische cliënt 0481";"SYN-C-00481";"Synthetische hoofdlocatie 007";"21-05-2026, 05:41:28";"21-05-2026, 06:35:28";"NACHT; LATE_ACTIVATIE";"";"54"
"1271";"Midden";"Synthetische medewerker 235";"SYN-M-0235";"Synthetisch team West";"Synthetische deskundigheid";"Controle na overdracht van zorg";"Cliënt";"Synthetische cliënt 0019";"SYN-C-00019";"Synthetische hoofdlocatie 020";"21-05-2026, 07:36:15";"21-05-2026, 09:01:15";"VEEL_TEAMS_CLIENT; LATE_ACTIVATIE";"";"85"
"142";"Midden";"Synthetische medewerker 136";"SYN-M-0136";"Synthetisch testteam met lange naam";"Verpleegkundige testfunctie";"Controle na overdracht van zorg";"Cliënt";"Synthetische cliënt 0392";"SYN-C-00392";"Synthetische hoofdlocatie 018";"21-05-2026, 08:48:25";"21-05-2026, 09:36:25";"VEEL_MEDEWERKERS_CLIENT; LATE_ACTIVATIE";"";"48"
"645";"Midden";"Synthetische medewerker 209";"SYN-M-0209";"Synthetisch team Noord";"Begeleiding";"Controle na overdracht van zorg";"Cliënt";"Synthetische cliënt 0451";"SYN-C-00451";"Synthetische hoofdlocatie 002";"21-05-2026, 14:00:55";"21-05-2026, 14:30:55";"VEEL_TEAMS_CLIENT; LATE_ACTIVATIE";"";"30"
"472";"Midden";"Synthetische medewerker 173";"SYN-M-0173";"Synthetisch team Noord";"Begeleiding";"Tijdelijke vervanging binnen het testrooster";"Cliënt";"Synthetische cliënt 0086";"SYN-C-00086";"Synthetische hoofdlocatie 012";"21-05-2026, 14:37:21";"21-05-2026, 15:56:21";"VEEL_TEAMS_CLIENT; LATE_ACTIVATIE";"";"79"
"1646";"Midden";"Synthetische medewerker 227";"SYN-M-0227";"Synthetisch team West";"Synthetische deskundigheid";"Acute ondersteuning buiten het vaste team";"Cliënt";"Synthetische cliënt 0327";"SYN-C-00327";"Synthetische hoofdlocatie 003";"21-05-2026, 23:07:53";"21-05-2026, 23:32:53";"NACHT; LATE_ACTIVATIE";"";"25"
"400";"Midden";"Synthetische medewerker 234";"SYN-M-0234";"Synthetisch team Oost";"Nachtdienst";"Ondersteuning tijdens avond- of nachtdienst";"Locatie";"Synthetische locatie 022";"SYN-L-0022";"Synthetische hoofdlocatie 007";"21-05-2026, 23:10:59";"Niet geactiveerd";"NIET_GEACTIVEERD; NACHT";"";""
"1999";"Midden";"Synthetische medewerker 092";"SYN-M-0092";"Synthetisch testteam met lange naam";"Verpleegkundige testfunctie";"Acute ondersteuning buiten het vaste team";"Cliënt";"Synthetische cliënt 0205";"SYN-C-00205";"Synthetische hoofdlocatie 006";"22-05-2026, 00:00:20";"22-05-2026, 00:28:20";"NACHT; LATE_ACTIVATIE";"";"28"
"1857";"Midden";"Synthetische medewerker 219";"SYN-M-0219";"Synthetisch team West";"Synthetische deskundigheid";"Ondersteuning tijdens avond- of nachtdienst";"Cliënt";"Synthetische cliënt 0434";"SYN-C-00434";"Synthetische hoofdlocatie 010";"22-05-2026, 01:28:32";"22-05-2026, 02:17:32";"NACHT; LATE_ACTIVATIE";"";"49"
"862";"Midden";"Synthetische medewerker 157";"SYN-M-0157";"Synthetisch team Noord";"Begeleiding";"Synthetische reden voor geautomatiseerde layoutcontrole";"Locatie";"Synthetische locatie 001";"SYN-L-0001";"Synthetische hoofdlocatie 016";"22-05-2026, 02:03:30";"22-05-2026, 04:03:30";"NACHT; LATE_ACTIVATIE";"";"120"
"117";"Midden";"Synthetische medewerker 002";"SYN-M-0002";"Synthetisch team Oost";"Nachtdienst";"Tijdelijke vervanging binnen het testrooster";"Cliënt";"Synthetische cliënt 0505";"SYN-C-00505";"Synthetische hoofdlocatie 006";"22-05-2026, 02:54:04";"Niet geactiveerd";"NIET_GEACTIVEERD; NACHT";"";""
"1367";"Midden";"Synthetische medewerker 217";"SYN-M-0217";"Synthetisch team Noord";"Begeleiding";"Controle na overdracht van zorg";"Cliënt";"Synthetische cliënt 0139";"SYN-C-00139";"Synthetische hoofdlocatie 015";"22-05-2026, 03:09:02";"22-05-2026, 04:26:02";"NACHT; LATE_ACTIVATIE";"";"77"
"1058";"Midden";"Synthetische medewerker 149";"SYN-M-0149";"Synthetisch team Noord";"Begeleiding";"Acute ondersteuning buiten het vaste team";"Cliënt";"Synthetische cliënt 0001";"SYN-C-00001";"Synthetische hoofdlocatie 002";"22-05-2026, 03:12:16";"22-05-2026, 04:47:16";"NACHT; LATE_ACTIVATIE";"";"95"
"1446";"Midden";"Synthetische medewerker 157";"SYN-M-0157";"Synthetisch team Noord";"Begeleiding";"Tijdelijke vervanging binnen het testrooster";"Locatie";"Synthetische locatie 031";"SYN-L-0031";"Synthetische hoofdlocatie 001";"22-05-2026, 04:09:50";"Niet geactiveerd";"NIET_GEACTIVEERD; NACHT";"";""
"785";"Midden";"Synthetische medewerker 146";"SYN-M-0146";"Synthetisch team Oost";"Nachtdienst";"Controle na overdracht van zorg";"Cliënt";"Synthetische cliënt 0065";"SYN-C-00065";"Synthetische hoofdlocatie 016";"22-05-2026, 04:21:23";"22-05-2026, 06:17:23";"NACHT; LATE_ACTIVATIE";"";"116"
"178";"Midden";"Synthetische medewerker 180";"SYN-M-0180";"Synthetisch testteam met lange naam";"Verpleegkundige testfunctie";"Ondersteuning tijdens avond- of nachtdienst";"Cliënt";"Synthetische cliënt 0006";"SYN-C-00006";"Synthetische hoofdlocatie 007";"22-05-2026, 04:31:03";"22-05-2026, 05:32:03";"NACHT; LATE_ACTIVATIE";"";"61"
"269";"Midden";"Synthetische medewerker 243";"SYN-M-0243";"Synthetisch team West";"Synthetische deskundigheid";"Synthetische reden voor geautomatiseerde layoutcontrole";"Cliënt";"Synthetische cliënt 0137";"SYN-C-00137";"Synthetische hoofdlocatie 013";"22-05-2026, 05:27:34";"22-05-2026, 05:49:34";"NACHT; LATE_ACTIVATIE";"";"22"
"1762";"Midden";"Synthetische medewerker 162";"SYN-M-0162";"Synthetisch team Oost";"Nachtdienst";"Controle na overdracht van zorg";"Cliënt";"Synthetische cliënt 0288";"SYN-C-00288";"Synthetische hoofdlocatie 014";"22-05-2026, 05:40:30";"22-05-2026, 07:19:30";"NACHT; LATE_ACTIVATIE";"";"99"
"935";"Midden";"Synthetische medewerker 250";"SYN-M-0250";"Synthetisch team Oost";"Nachtdienst";"Synthetische reden voor geautomatiseerde layoutcontrole";"Cliënt";"Synthetische cliënt 0365";"SYN-C-00365";"Synthetische hoofdlocatie 016";"22-05-2026, 06:05:33";"22-05-2026, 07:30:33";"VEEL_MEDEWERKERS_CLIENT; LATE_ACTIVATIE";"";"85"
"179";"Midden";"Synthetische medewerker 153";"SYN-M-0153";"Synthetisch team Noord";"Begeleiding";"Ondersteuning tijdens avond- of nachtdienst";"Cliënt";"";"";"Synthetische hoofdlocatie 018";"22-05-2026, 07:30:09";"22-05-2026, 09:08:09";"LATE_ACTIVATIE; ONVOLLEDIG_CLIENTDOEL";"";"98"
"421";"Midden";"Synthetische medewerker 212";"SYN-M-0212";"Synthetisch testteam met lange naam";"Verpleegkundige testfunctie";"Synthetische reden voor geautomatiseerde layoutcontrole";"Cliënt";"Synthetische cliënt 0185";"SYN-C-00185";"Synthetische hoofdlocatie 011";"22-05-2026, 10:19:18";"22-05-2026, 10:44:18";"VEEL_TEAMS_CLIENT; LATE_ACTIVATIE";"";"25"
"1312";"Midden";"Synthetische medewerker 002";"SYN-M-0002";"Synthetisch team Oost";"Nachtdienst";"Ondersteuning tijdens avond- of nachtdienst";"Cliënt";"Synthetische cliënt 0527";"SYN-C-00527";"Synthetische hoofdlocatie 003";"22-05-2026, 11:22:55";"22-05-2026, 12:20:55";"VEEL_TEAMS_CLIENT; LATE_ACTIVATIE";"";"58"
"831";"Midden";"Synthetische medewerker 241";"SYN-M-0241";"Synthetisch team Noord";"Begeleiding";"Voorbereiding van een geplande synthetische handeling";"Cliënt";"Synthetische cliënt 0217";"SYN-C-00217";"Synthetische hoofdlocatie 018";"22-05-2026, 12:14:50";"22-05-2026, 12:06:50";"VEEL_MEDEWERKERS_CLIENT; ONGELDIGE_ACTIVATIE";"";"-8"
"147";"Midden";"Synthetische medewerker 045";"SYN-M-0045";"Synthetisch team Noord";"Begeleiding";"Acute ondersteuning buiten het vaste team";"Cliënt";"Synthetische cliënt 0473";"SYN-C-00473";"Synthetische hoofdlocatie 024";"22-05-2026, 12:31:36";"22-05-2026, 14:01:36";"VEEL_TEAMS_CLIENT; LATE_ACTIVATIE";"";"90"
"1676";"Midden";"Synthetische medewerker 178";"SYN-M-0178";"Synthetisch team Oost";"Nachtdienst";"Acute ondersteuning buiten het vaste team";"Cliënt";"Synthetische cliënt 0080";"SYN-C-00080";"Synthetische hoofdlocatie 006";"22-05-2026, 12:57:00";"22-05-2026, 14:28:00";"VEEL_MEDEWERKERS_CLIENT; LATE_ACTIVATIE";"";"91"
"245";"Midden";"Synthetische medewerker 082";"SYN-M-0082";"Synthetisch team Oost";"Nachtdienst";"Acute ondersteuning buiten het vaste team";"Cliënt";"Synthetische cliënt 0192";"SYN-C-00192";"Synthetische hoofdlocatie 018";"22-05-2026, 13:38:34";"22-05-2026, 13:33:34";"VEEL_TEAMS_CLIENT; ONGELDIGE_ACTIVATIE";"";"-5"
"1661";"Midden";"Synthetische medewerker 004";"SYN-M-0004";"Synthetisch testteam met lange naam";"Verpleegkundige testfunctie";"Voorbereiding van een geplande synthetische handeling";"Cliënt";"Synthetische cliënt 0555";"SYN-C-00555";"Synthetische hoofdlocatie 006";"22-05-2026, 14:57:30";"22-05-2026, 16:55:30";"VEEL_TEAMS_CLIENT; LATE_ACTIVATIE";"";"118"
"559";"Midden";"Synthetische medewerker 040";"SYN-M-0040";"Synthetisch testteam met lange naam";"Verpleegkundige testfunctie";"Tijdelijke vervanging binnen het testrooster";"Cliënt";"Synthetische cliënt 0392";"SYN-C-00392";"Synthetische hoofdlocatie 018";"22-05-2026, 17:17:28";"22-05-2026, 18:53:28";"VEEL_MEDEWERKERS_CLIENT; LATE_ACTIVATIE";"";"96"
"1764";"Midden";"Synthetische medewerker 196";"SYN-M-0196";"Synthetisch testteam met lange naam";"Verpleegkundige testfunctie";"Ondersteuning tijdens avond- of nachtdienst";"Cliënt";"Synthetische cliënt 0066";"SYN-C-00066";"Synthetische hoofdlocatie 017";"23-05-2026, 02:37:17";"23-05-2026, 03:26:17";"NACHT; LATE_ACTIVATIE";"";"49"
"543";"Midden";"Synthetische medewerker 226";"SYN-M-0226";"Synthetisch team Oost";"Nachtdienst";"Controle na overdracht van zorg";"Locatie";"Synthetische locatie 003";"SYN-L-0003";"Synthetische hoofdlocatie 018";"23-05-2026, 03:01:25";"23-05-2026, 03:33:25";"NACHT; LATE_ACTIVATIE";"";"32"
"577";"Midden";"Synthetische medewerker 035";"SYN-M-0035";"Synthetisch team West";"Synthetische deskundigheid";"Tijdelijke vervanging binnen het testrooster";"Cliënt";"Synthetische cliënt 0540";"SYN-C-00540";"Synthetische hoofdlocatie 016";"23-05-2026, 04:42:25";"23-05-2026, 05:02:25";"NACHT; LATE_ACTIVATIE";"";"20"
"197";"Midden";"Synthetische medewerker 041";"SYN-M-0041";"Synthetisch team Noord";"Begeleiding";"Acute ondersteuning buiten het vaste team";"Cliënt";"Synthetische cliënt 0336";"SYN-C-00336";"Synthetische hoofdlocatie 012";"23-05-2026, 05:31:41";"Niet geactiveerd";"NIET_GEACTIVEERD; NACHT";"";""
"1788";"Midden";"Synthetische medewerker 077";"SYN-M-0077";"Synthetisch team Noord";"Begeleiding";"Ondersteuning tijdens avond- of nachtdienst";"Cliënt";"Synthetische cliënt 0432";"SYN-C-00432";"Synthetische hoofdlocatie 008";"23-05-2026, 08:27:43";"Niet geactiveerd";"NIET_GEACTIVEERD; VEEL_MEDEWERKERS_CLIENT";"";""
"1329";"Midden";"Synthetische medewerker 160";"SYN-M-0160";"Synthetisch testteam met lange naam";"Verpleegkundige testfunctie";"Ondersteuning tijdens avond- of nachtdienst";"Cliënt";"";"";"Synthetische hoofdlocatie 015";"23-05-2026, 12:08:51";"23-05-2026, 12:34:51";"LATE_ACTIVATIE; ONVOLLEDIG_CLIENTDOEL";"";"26"
"314";"Midden";"Synthetische medewerker 049";"SYN-M-0049";"Synthetisch team Noord";"Begeleiding";"Voorbereiding van een geplande synthetische handeling";"Cliënt";"Synthetische cliënt 0470";"SYN-C-00470";"Synthetische hoofdlocatie 021";"23-05-2026, 12:51:29";"23-05-2026, 14:04:29";"VEEL_MEDEWERKERS_CLIENT; LATE_ACTIVATIE";"";"73"
"475";"Midden";"Synthetische medewerker 107";"SYN-M-0107";"Synthetisch team West";"Synthetische deskundigheid";"Controle na overdracht van zorg";"Cliënt";"Synthetische cliënt 0013";"SYN-C-00013";"Synthetische hoofdlocatie 014";"23-05-2026, 13:26:16";"23-05-2026, 15:05:16";"VEEL_TEAMS_CLIENT; LATE_ACTIVATIE";"";"99"
"70";"Midden";"Synthetische medewerker 015";"SYN-M-0015";"Synthetisch team West";"Synthetische deskundigheid";"Tijdelijke vervanging binnen het testrooster";"Cliënt";"Synthetische cliënt 0222";"SYN-C-00222";"Synthetische hoofdlocatie 023";"23-05-2026, 14:05:57";"23-05-2026, 13:35:57";"VEEL_MEDEWERKERS_CLIENT; ONGELDIGE_ACTIVATIE";"";"-30"
"659";"Midden";"Synthetische medewerker 147";"SYN-M-0147";"Synthetisch team West";"Synthetische deskundigheid";"Acute ondersteuning buiten het vaste team";"Cliënt";"Synthetische cliënt 0232";"SYN-C-00232";"Synthetische hoofdlocatie 008";"23-05-2026, 14:07:10";"23-05-2026, 14:55:10";"VEEL_MEDEWERKERS_CLIENT; LATE_ACTIVATIE";"";"48"
"1022";"Midden";"Synthetische medewerker 085";"SYN-M-0085";"Synthetisch team Noord";"Begeleiding";"Voorbereiding van een geplande synthetische handeling";"Cliënt";"Synthetische cliënt 0063";"SYN-C-00063";"Synthetische hoofdlocatie 014";"23-05-2026, 15:30:30";"23-05-2026, 16:37:30";"VEEL_MEDEWERKERS_CLIENT; LATE_ACTIVATIE";"";"67"
"23";"Midden";"Synthetische medewerker 137";"SYN-M-0137";"Synthetisch team Noord";"Begeleiding";"Acute ondersteuning buiten het vaste team";"Cliënt";"Synthetische cliënt 0476";"SYN-C-00476";"Synthetische hoofdlocatie 002";"23-05-2026, 16:15:52";"23-05-2026, 16:39:52";"VEEL_MEDEWERKERS_CLIENT; LATE_ACTIVATIE";"";"24"
"1994";"Midden";"Synthetische medewerker 066";"SYN-M-0066";"Synthetisch team Oost";"Nachtdienst";"Controle na overdracht van zorg";"Cliënt";"Synthetische cliënt 0012";"SYN-C-00012";"Synthetische hoofdlocatie 013";"23-05-2026, 18:17:49";"23-05-2026, 18:50:49";"VEEL_TEAMS_CLIENT; LATE_ACTIVATIE";"";"33"
"1721";"Midden";"Synthetische medewerker 047";"SYN-M-0047";"Synthetisch team West";"Synthetische deskundigheid";"Voorbereiding van een geplande synthetische handeling";"Cliënt";"Synthetische cliënt 0353";"SYN-C-00353";"Synthetische hoofdlocatie 004";"23-05-2026, 18:53:46";"23-05-2026, 20:23:46";"VEEL_MEDEWERKERS_CLIENT; LATE_ACTIVATIE";"";"90"
"1690";"Midden";"Synthetische medewerker 126";"SYN-M-0126";"Synthetisch team Oost";"Nachtdienst";"Controle na overdracht van zorg";"Cliënt";"Synthetische cliënt 0341";"SYN-C-00341";"Synthetische hoofdlocatie 017";"23-05-2026, 20:42:58";"23-05-2026, 22:09:58";"VEEL_TEAMS_CLIENT; LATE_ACTIVATIE";"";"87"
"133";"Midden";"Synthetische medewerker 087";"SYN-M-0087";"Synthetisch team West";"Synthetische deskundigheid";"Voorbereiding van een geplande synthetische handeling";"Cliënt";"Synthetische cliënt 0317";"SYN-C-00317";"Synthetische hoofdlocatie 018";"23-05-2026, 20:43:09";"23-05-2026, 22:06:09";"VEEL_MEDEWERKERS_CLIENT; LATE_ACTIVATIE";"";"83"
"1752";"Midden";"Synthetische medewerker 004";"SYN-M-0004";"Synthetisch testteam met lange naam";"Verpleegkundige testfunctie";"Synthetische reden voor geautomatiseerde layoutcontrole";"Cliënt";"Synthetische cliënt 0539";"SYN-C-00539";"Synthetische hoofdlocatie 015";"23-05-2026, 21:57:27";"23-05-2026, 22:56:27";"VEEL_MEDEWERKERS_CLIENT; LATE_ACTIVATIE";"";"59"
"718";"Midden";"Synthetische medewerker 113";"SYN-M-0113";"Synthetisch team Noord";"Begeleiding";"Controle na overdracht van zorg";"Cliënt";"Synthetische cliënt 0107";"SYN-C-00107";"Synthetische hoofdlocatie 008";"24-05-2026, 00:17:55";"Niet geactiveerd";"NIET_GEACTIVEERD; NACHT";"";""
"1169";"Midden";"Synthetische medewerker 047";"SYN-M-0047";"Synthetisch team West";"Synthetische deskundigheid";"Controle na overdracht van zorg";"Cliënt";"Synthetische cliënt 0023";"SYN-C-00023";"Synthetische hoofdlocatie 024";"24-05-2026, 01:15:11";"24-05-2026, 02:15:11";"NACHT; LATE_ACTIVATIE";"";"60"
"1513";"Midden";"Synthetische medewerker 016";"SYN-M-0016";"Synthetisch testteam met lange naam";"Verpleegkundige testfunctie";"Synthetische reden voor geautomatiseerde layoutcontrole";"Cliënt";"Synthetische cliënt 0008";"SYN-C-00008";"Synthetische hoofdlocatie 009";"24-05-2026, 02:42:49";"24-05-2026, 04:20:49";"NACHT; LATE_ACTIVATIE";"";"98"
"1950";"Midden";"Synthetische medewerker 172";"SYN-M-0172";"Synthetisch testteam met lange naam";"Verpleegkundige testfunctie";"Synthetische reden voor geautomatiseerde layoutcontrole";"Locatie";"Synthetische locatie 020";"SYN-L-0020";"Synthetische hoofdlocatie 005";"24-05-2026, 03:47:05";"Niet geactiveerd";"NIET_GEACTIVEERD; NACHT";"";""
"1014";"Midden";"Synthetische medewerker 146";"SYN-M-0146";"Synthetisch team Oost";"Nachtdienst";"Ondersteuning tijdens avond- of nachtdienst";"Cliënt";"Synthetische cliënt 0251";"SYN-C-00251";"Synthetische hoofdlocatie 002";"24-05-2026, 04:23:14";"Niet geactiveerd";"NIET_GEACTIVEERD; NACHT";"";""
"399";"Midden";"Synthetische medewerker 089";"SYN-M-0089";"Synthetisch team Noord";"Begeleiding";"Voorbereiding van een geplande synthetische handeling";"Cliënt";"Synthetische cliënt 0449";"SYN-C-00449";"Synthetische hoofdlocatie 025";"24-05-2026, 05:00:47";"24-05-2026, 05:52:47";"NACHT; LATE_ACTIVATIE";"";"52"
"581";"Midden";"Synthetische medewerker 115";"SYN-M-0115";"Synthetisch team West";"Synthetische deskundigheid";"Tijdelijke vervanging binnen het testrooster";"Cliënt";"Synthetische cliënt 0379";"SYN-C-00379";"Synthetische hoofdlocatie 005";"24-05-2026, 06:45:20";"Niet geactiveerd";"NIET_GEACTIVEERD; VEEL_TEAMS_CLIENT";"";""
"892";"Midden";"Synthetische medewerker 063";"SYN-M-0063";"Synthetisch team West";"Synthetische deskundigheid";"Controle na overdracht van zorg";"Cliënt";"Synthetische cliënt 0470";"SYN-C-00470";"Synthetische hoofdlocatie 021";"24-05-2026, 10:35:52";"24-05-2026, 12:18:52";"VEEL_MEDEWERKERS_CLIENT; LATE_ACTIVATIE";"";"103"
"1939";"Midden";"Synthetische medewerker 028";"SYN-M-0028";"Synthetisch testteam met lange naam";"Verpleegkundige testfunctie";"Synthetische reden voor geautomatiseerde layoutcontrole";"Cliënt";"";"";"Synthetische hoofdlocatie 004";"24-05-2026, 11:14:22";"24-05-2026, 12:45:22";"LATE_ACTIVATIE; ONVOLLEDIG_CLIENTDOEL";"";"91"
"1587";"Midden";"Synthetische medewerker 088";"SYN-M-0088";"Synthetisch testteam met lange naam";"Verpleegkundige testfunctie";"Synthetische reden voor geautomatiseerde layoutcontrole";"Cliënt";"";"";"Synthetische hoofdlocatie 006";"24-05-2026, 11:46:49";"24-05-2026, 13:38:49";"LATE_ACTIVATIE; ONVOLLEDIG_CLIENTDOEL";"";"112"
"931";"Midden";"Synthetische medewerker 065";"SYN-M-0065";"Synthetisch team Noord";"Begeleiding";"Synthetische reden voor geautomatiseerde layoutcontrole";"Cliënt";"Synthetische cliënt 0476";"SYN-C-00476";"Synthetische hoofdlocatie 002";"24-05-2026, 12:38:53";"24-05-2026, 13:16:53";"VEEL_MEDEWERKERS_CLIENT; LATE_ACTIVATIE";"";"38"
"286";"Midden";"Synthetische medewerker 233";"SYN-M-0233";"Synthetisch team Noord";"Begeleiding";"Synthetische reden voor geautomatiseerde layoutcontrole";"Cliënt";"Synthetische cliënt 0064";"SYN-C-00064";"Synthetische hoofdlocatie 015";"24-05-2026, 13:52:28";"24-05-2026, 13:55:28";"VEEL_TEAMS_CLIENT; LATE_ACTIVATIE";"";"3"
"188";"Midden";"Synthetische medewerker 093";"SYN-M-0093";"Synthetisch team Noord";"Begeleiding";"Acute ondersteuning buiten het vaste team";"Cliënt";"Synthetische cliënt 0384";"SYN-C-00384";"Synthetische hoofdlocatie 010";"24-05-2026, 14:06:56";"Niet geactiveerd";"NIET_GEACTIVEERD; VEEL_MEDEWERKERS_CLIENT";"";""
"1577";"Midden";"Synthetische medewerker 210";"SYN-M-0210";"Synthetisch team Oost";"Nachtdienst";"Ondersteuning tijdens avond- of nachtdienst";"Cliënt";"Synthetische cliënt 0182";"SYN-C-00182";"Synthetische hoofdlocatie 008";"24-05-2026, 15:22:12";"24-05-2026, 15:41:12";"VEEL_MEDEWERKERS_CLIENT; LATE_ACTIVATIE";"";"19"
"680";"Midden";"Synthetische medewerker 149";"SYN-M-0149";"Synthetisch team Noord";"Begeleiding";"Acute ondersteuning buiten het vaste team";"Cliënt";"Synthetische cliënt 0325";"SYN-C-00325";"Synthetische hoofdlocatie 001";"24-05-2026, 22:38:14";"Niet geactiveerd";"NIET_GEACTIVEERD; VEEL_TEAMS_CLIENT";"";""
"113";"Midden";"Synthetische medewerker 003";"SYN-M-0003";"Synthetisch team West";"Synthetische deskundigheid";"Ondersteuning tijdens avond- of nachtdienst";"Cliënt";"Synthetische cliënt 0546";"SYN-C-00546";"Synthetische hoofdlocatie 022";"24-05-2026, 23:02:38";"25-05-2026, 00:47:38";"NACHT; LATE_ACTIVATIE";"";"105"
"1632";"Midden";"Synthetische medewerker 152";"SYN-M-0152";"Synthetisch testteam met lange naam";"Verpleegkundige testfunctie";"Controle na overdracht van zorg";"Cliënt";"Synthetische cliënt 0387";"SYN-C-00387";"Synthetische hoofdlocatie 013";"24-05-2026, 23:31:27";"25-05-2026, 00:02:27";"NACHT; LATE_ACTIVATIE";"";"31"
"1385";"Midden";"Synthetische medewerker 043";"SYN-M-0043";"Synthetisch team West";"Synthetische deskundigheid";"Tijdelijke vervanging binnen het testrooster";"Locatie";"Synthetische locatie 026";"SYN-L-0026";"Synthetische hoofdlocatie 016";"24-05-2026, 23:50:05";"25-05-2026, 00:21:05";"NACHT; LATE_ACTIVATIE";"";"31"
"1091";"Midden";"Synthetische medewerker 125";"SYN-M-0125";"Synthetisch team Noord";"Begeleiding";"Voorbereiding van een geplande synthetische handeling";"Cliënt";"Synthetische cliënt 0199";"SYN-C-00199";"Synthetische hoofdlocatie 025";"25-05-2026, 01:20:44";"25-05-2026, 02:28:44";"NACHT; LATE_ACTIVATIE";"";"68"
"626";"Midden";"Synthetische medewerker 119";"SYN-M-0119";"Synthetisch team West";"Synthetische deskundigheid";"Ondersteuning tijdens avond- of nachtdienst";"Cliënt";"Synthetische cliënt 0023";"SYN-C-00023";"Synthetische hoofdlocatie 024";"25-05-2026, 01:43:37";"25-05-2026, 03:24:37";"NACHT; LATE_ACTIVATIE";"";"101"
"562";"Midden";"Synthetische medewerker 237";"SYN-M-0237";"Synthetisch team Noord";"Begeleiding";"Tijdelijke vervanging binnen het testrooster";"Locatie";"Synthetische locatie 026";"SYN-L-0026";"Synthetische hoofdlocatie 011";"25-05-2026, 02:01:30";"25-05-2026, 02:16:30";"NACHT; LATE_ACTIVATIE";"";"15"
"706";"Midden";"Synthetische medewerker 167";"SYN-M-0167";"Synthetisch team West";"Synthetische deskundigheid";"Ondersteuning tijdens avond- of nachtdienst";"Cliënt";"Synthetische cliënt 0057";"SYN-C-00057";"Synthetische hoofdlocatie 008";"25-05-2026, 02:05:00";"25-05-2026, 03:28:00";"NACHT; LATE_ACTIVATIE";"";"83"
"675";"Midden";"Synthetische medewerker 092";"SYN-M-0092";"Synthetisch testteam met lange naam";"Verpleegkundige testfunctie";"Synthetische reden voor geautomatiseerde layoutcontrole";"Cliënt";"Synthetische cliënt 0227";"SYN-C-00227";"Synthetische hoofdlocatie 003";"25-05-2026, 03:12:46";"25-05-2026, 04:38:46";"NACHT; LATE_ACTIVATIE";"";"86"
"1449";"Midden";"Synthetische medewerker 187";"SYN-M-0187";"Synthetisch team West";"Synthetische deskundigheid";"Ondersteuning tijdens avond- of nachtdienst";"Locatie";"";"";"Synthetische hoofdlocatie 006";"25-05-2026, 03:17:12";"25-05-2026, 03:22:12";"NACHT; LATE_ACTIVATIE";"";"5"
"372";"Midden";"Synthetische medewerker 081";"SYN-M-0081";"Synthetisch team Noord";"Begeleiding";"Ondersteuning tijdens avond- of nachtdienst";"Cliënt";"Synthetische cliënt 0084";"SYN-C-00084";"Synthetische hoofdlocatie 010";"25-05-2026, 03:26:06";"25-05-2026, 04:36:06";"NACHT; LATE_ACTIVATIE";"";"70"
"1462";"Midden";"Synthetische medewerker 213";"SYN-M-0213";"Synthetisch team Noord";"Begeleiding";"Synthetische reden voor geautomatiseerde layoutcontrole";"Locatie";"Synthetische locatie 016";"SYN-L-0016";"Synthetische hoofdlocatie 016";"25-05-2026, 04:11:12";"25-05-2026, 04:06:12";"NACHT; ONGELDIGE_ACTIVATIE";"";"-5"
"1563";"Midden";"Synthetische medewerker 159";"SYN-M-0159";"Synthetisch team West";"Synthetische deskundigheid";"Voorbereiding van een geplande synthetische handeling";"Locatie";"Synthetische locatie 029";"SYN-L-0029";"Synthetische hoofdlocatie 004";"25-05-2026, 04:15:59";"25-05-2026, 05:58:59";"NACHT; LATE_ACTIVATIE";"";"103"
"1621";"Midden";"Synthetische medewerker 130";"SYN-M-0130";"Synthetisch team Oost";"Nachtdienst";"Ondersteuning tijdens avond- of nachtdienst";"Locatie";"Synthetische locatie 023";"SYN-L-0023";"Synthetische hoofdlocatie 003";"25-05-2026, 04:26:21";"25-05-2026, 04:54:21";"NACHT; LATE_ACTIVATIE";"";"28"
"1447";"Midden";"Synthetische medewerker 006";"SYN-M-0006";"Synthetisch team Oost";"Nachtdienst";"Synthetische reden voor geautomatiseerde layoutcontrole";"Locatie";"Synthetische locatie 036";"SYN-L-0036";"Synthetische hoofdlocatie 011";"25-05-2026, 05:32:00";"25-05-2026, 05:38:00";"NACHT; LATE_ACTIVATIE";"";"6"
"1525";"Midden";"Synthetische medewerker 201";"SYN-M-0201";"Synthetisch team Noord";"Begeleiding";"Voorbereiding van een geplande synthetische handeling";"Cliënt";"Synthetische cliënt 0101";"SYN-C-00101";"Synthetische hoofdlocatie 002";"25-05-2026, 06:33:21";"25-05-2026, 07:19:21";"VEEL_MEDEWERKERS_CLIENT; LATE_ACTIVATIE";"";"46"
"265";"Midden";"Synthetische medewerker 121";"SYN-M-0121";"Synthetisch team Noord";"Begeleiding";"Controle na overdracht van zorg";"Cliënt";"Synthetische cliënt 0555";"SYN-C-00555";"Synthetische hoofdlocatie 006";"25-05-2026, 07:54:05";"25-05-2026, 09:53:05";"VEEL_TEAMS_CLIENT; LATE_ACTIVATIE";"";"119"
"1414";"Midden";"Synthetische medewerker 104";"SYN-M-0104";"Synthetisch testteam met lange naam";"Verpleegkundige testfunctie";"Tijdelijke vervanging binnen het testrooster";"Cliënt";"Synthetische cliënt 0521";"SYN-C-00521";"Synthetische hoofdlocatie 022";"25-05-2026, 08:05:34";"25-05-2026, 08:11:34";"VEEL_TEAMS_CLIENT; LATE_ACTIVATIE";"";"6"
"1906";"Midden";"Synthetische medewerker 005";"SYN-M-0005";"Synthetisch team Noord";"Begeleiding";"Synthetische reden voor geautomatiseerde layoutcontrole";"Cliënt";"Synthetische cliënt 0526";"SYN-C-00526";"Synthetische hoofdlocatie 002";"25-05-2026, 13:46:40";"Niet geactiveerd";"NIET_GEACTIVEERD; VEEL_MEDEWERKERS_CLIENT";"";""
"1216";"Midden";"Synthetische medewerker 080";"SYN-M-0080";"Synthetisch testteam met lange naam";"Verpleegkundige testfunctie";"Synthetische reden voor geautomatiseerde layoutcontrole";"Cliënt";"Synthetische cliënt 0572";"SYN-C-00572";"Synthetische hoofdlocatie 023";"25-05-2026, 14:18:37";"25-05-2026, 15:38:37";"VEEL_TEAMS_CLIENT; LATE_ACTIVATIE";"";"80"
"455";"Midden";"Synthetische medewerker 203";"SYN-M-0203";"Synthetisch team West";"Synthetische deskundigheid";"Controle na overdracht van zorg";"Cliënt";"Synthetische cliënt 0232";"SYN-C-00232";"Synthetische hoofdlocatie 008";"25-05-2026, 17:36:34";"25-05-2026, 19:22:34";"VEEL_MEDEWERKERS_CLIENT; LATE_ACTIVATIE";"";"106"
"890";"Midden";"Synthetische medewerker 167";"SYN-M-0167";"Synthetisch team West";"Synthetische deskundigheid";"Synthetische reden voor geautomatiseerde layoutcontrole";"Cliënt";"Synthetische cliënt 0293";"SYN-C-00293";"Synthetische hoofdlocatie 019";"25-05-2026, 18:03:02";"25-05-2026, 19:16:02";"VEEL_MEDEWERKERS_CLIENT; LATE_ACTIVATIE";"";"73"
"1313";"Midden";"Synthetische medewerker 200";"SYN-M-0200";"Synthetisch testteam met lange naam";"Verpleegkundige testfunctie";"Tijdelijke vervanging binnen het testrooster";"Cliënt";"Synthetische cliënt 0087";"SYN-C-00087";"Synthetische hoofdlocatie 013";"25-05-2026, 21:24:16";"25-05-2026, 23:10:16";"VEEL_MEDEWERKERS_CLIENT; LATE_ACTIVATIE";"";"106"
"230";"Midden";"Synthetische medewerker 061";"SYN-M-0061";"Synthetisch team Noord";"Begeleiding";"Acute ondersteuning buiten het vaste team";"Cliënt";"Synthetische cliënt 0092";"SYN-C-00092";"Synthetische hoofdlocatie 018";"25-05-2026, 22:41:42";"26-05-2026, 00:29:42";"VEEL_MEDEWERKERS_CLIENT; LATE_ACTIVATIE";"";"108"
"1483";"Midden";"Synthetische medewerker 053";"SYN-M-0053";"Synthetisch team Noord";"Begeleiding";"Controle na overdracht van zorg";"Locatie";"Synthetische locatie 040";"SYN-L-0040";"Synthetische hoofdlocatie 020";"26-05-2026, 01:18:31";"26-05-2026, 01:54:31";"NACHT; LATE_ACTIVATIE";"";"36"
"1665";"Midden";"Synthetische medewerker 043";"SYN-M-0043";"Synthetisch team West";"Synthetische deskundigheid";"Tijdelijke vervanging binnen het testrooster";"Locatie";"Synthetische locatie 025";"SYN-L-0025";"Synthetische hoofdlocatie 010";"26-05-2026, 01:47:59";"26-05-2026, 02:26:59";"NACHT; LATE_ACTIVATIE";"";"39"
"851";"Midden";"Synthetische medewerker 115";"SYN-M-0115";"Synthetisch team West";"Synthetische deskundigheid";"Controle na overdracht van zorg";"Cliënt";"Synthetische cliënt 0458";"SYN-C-00458";"Synthetische hoofdlocatie 009";"26-05-2026, 04:46:30";"Niet geactiveerd";"NIET_GEACTIVEERD; NACHT";"";""
"1895";"Midden";"Synthetische medewerker 182";"SYN-M-0182";"Synthetisch team Oost";"Nachtdienst";"Voorbereiding van een geplande synthetische handeling";"Locatie";"Synthetische locatie 024";"SYN-L-0024";"Synthetische hoofdlocatie 009";"26-05-2026, 04:57:49";"26-05-2026, 05:48:49";"NACHT; LATE_ACTIVATIE";"";"51"
"1011";"Midden";"Synthetische medewerker 015";"SYN-M-0015";"Synthetisch team West";"Synthetische deskundigheid";"Voorbereiding van een geplande synthetische handeling";"Cliënt";"Synthetische cliënt 0073";"SYN-C-00073";"Synthetische hoofdlocatie 024";"26-05-2026, 05:06:44";"26-05-2026, 05:37:44";"NACHT; LATE_ACTIVATIE";"";"31"
"200";"Midden";"Synthetische medewerker 003";"SYN-M-0003";"Synthetisch team West";"Synthetische deskundigheid";"Synthetische reden voor geautomatiseerde layoutcontrole";"Cliënt";"Synthetische cliënt 0503";"SYN-C-00503";"Synthetische hoofdlocatie 004";"26-05-2026, 05:15:40";"26-05-2026, 07:15:40";"NACHT; LATE_ACTIVATIE";"";"120"
"640";"Midden";"Synthetische medewerker 166";"SYN-M-0166";"Synthetisch team Oost";"Nachtdienst";"Synthetische reden voor geautomatiseerde layoutcontrole";"Cliënt";"Synthetische cliënt 0228";"SYN-C-00228";"Synthetische hoofdlocatie 004";"26-05-2026, 05:30:14";"26-05-2026, 06:16:14";"NACHT; LATE_ACTIVATIE";"";"46"
"816";"Midden";"Synthetische medewerker 033";"SYN-M-0033";"Synthetisch team Noord";"Begeleiding";"Tijdelijke vervanging binnen het testrooster";"Cliënt";"Synthetische cliënt 0363";"SYN-C-00363";"Synthetische hoofdlocatie 014";"26-05-2026, 05:59:11";"Niet geactiveerd";"NIET_GEACTIVEERD; NACHT";"";""
"91";"Midden";"Synthetische medewerker 118";"SYN-M-0118";"Synthetisch team Oost";"Nachtdienst";"Synthetische reden voor geautomatiseerde layoutcontrole";"Cliënt";"Synthetische cliënt 0400";"SYN-C-00400";"Synthetische hoofdlocatie 001";"26-05-2026, 07:21:14";"26-05-2026, 08:25:14";"VEEL_MEDEWERKERS_CLIENT; LATE_ACTIVATIE";"";"64"
"182";"Midden";"Synthetische medewerker 191";"SYN-M-0191";"Synthetisch team West";"Synthetische deskundigheid";"Synthetische reden voor geautomatiseerde layoutcontrole";"Cliënt";"Synthetische cliënt 0470";"SYN-C-00470";"Synthetische hoofdlocatie 021";"26-05-2026, 08:11:46";"26-05-2026, 08:51:46";"VEEL_MEDEWERKERS_CLIENT; LATE_ACTIVATIE";"";"40"
"1074";"Midden";"Synthetische medewerker 017";"SYN-M-0017";"Synthetisch team Noord";"Begeleiding";"Voorbereiding van een geplande synthetische handeling";"Cliënt";"Synthetische cliënt 0365";"SYN-C-00365";"Synthetische hoofdlocatie 016";"26-05-2026, 14:25:04";"26-05-2026, 15:04:04";"VEEL_MEDEWERKERS_CLIENT; LATE_ACTIVATIE";"";"39"
"1241";"Midden";"Synthetische medewerker 202";"SYN-M-0202";"Synthetisch team Oost";"Nachtdienst";"Acute ondersteuning buiten het vaste team";"Cliënt";"";"";"Synthetische hoofdlocatie 011";"26-05-2026, 22:21:46";"26-05-2026, 23:27:46";"LATE_ACTIVATIE; ONVOLLEDIG_CLIENTDOEL";"";"66"
"1016";"Midden";"Synthetische medewerker 142";"SYN-M-0142";"Synthetisch team Oost";"Nachtdienst";"Tijdelijke vervanging binnen het testrooster";"Cliënt";"Synthetische cliënt 0595";"SYN-C-00595";"Synthetische hoofdlocatie 021";"27-05-2026, 00:41:52";"27-05-2026, 00:41:52";"NACHT; VEEL_TEAMS_CLIENT";"";"0"
"1650";"Midden";"Synthetische medewerker 023";"SYN-M-0023";"Synthetisch team West";"Synthetische deskundigheid";"Ondersteuning tijdens avond- of nachtdienst";"Cliënt";"Synthetische cliënt 0076";"SYN-C-00076";"Synthetische hoofdlocatie 002";"27-05-2026, 00:50:52";"27-05-2026, 00:39:52";"NACHT; ONGELDIGE_ACTIVATIE";"";"-11"
"1833";"Midden";"Synthetische medewerker 171";"SYN-M-0171";"Synthetisch team West";"Synthetische deskundigheid";"Voorbereiding van een geplande synthetische handeling";"Cliënt";"Synthetische cliënt 0066";"SYN-C-00066";"Synthetische hoofdlocatie 017";"27-05-2026, 01:08:26";"27-05-2026, 02:43:26";"NACHT; LATE_ACTIVATIE";"";"95"
"727";"Midden";"Synthetische medewerker 175";"SYN-M-0175";"Synthetisch team West";"Synthetische deskundigheid";"Tijdelijke vervanging binnen het testrooster";"Cliënt";"Synthetische cliënt 0430";"SYN-C-00430";"Synthetische hoofdlocatie 006";"27-05-2026, 01:12:35";"27-05-2026, 03:03:35";"NACHT; LATE_ACTIVATIE";"";"111"
"1088";"Midden";"Synthetische medewerker 091";"SYN-M-0091";"Synthetisch team West";"Synthetische deskundigheid";"Voorbereiding van een geplande synthetische handeling";"Cliënt";"Synthetische cliënt 0374";"SYN-C-00374";"Synthetische hoofdlocatie 025";"27-05-2026, 02:27:41";"Niet geactiveerd";"NIET_GEACTIVEERD; NACHT";"";""
"1460";"Midden";"Synthetische medewerker 210";"SYN-M-0210";"Synthetisch team Oost";"Nachtdienst";"Voorbereiding van een geplande synthetische handeling";"Cliënt";"Synthetische cliënt 0266";"SYN-C-00266";"Synthetische hoofdlocatie 017";"27-05-2026, 02:58:49";"27-05-2026, 04:41:49";"NACHT; LATE_ACTIVATIE";"";"103"
"519";"Midden";"Synthetische medewerker 072";"SYN-M-0072";"Synthetisch testteam met lange naam";"Verpleegkundige testfunctie";"Controle na overdracht van zorg";"Cliënt";"Synthetische cliënt 0500";"SYN-C-00500";"Synthetische hoofdlocatie 001";"27-05-2026, 03:05:22";"27-05-2026, 02:38:22";"NACHT; ONGELDIGE_ACTIVATIE";"";"-27"
"1043";"Midden";"Synthetische medewerker 002";"SYN-M-0002";"Synthetisch team Oost";"Nachtdienst";"Synthetische reden voor geautomatiseerde layoutcontrole";"Cliënt";"Synthetische cliënt 0115";"SYN-C-00115";"Synthetische hoofdlocatie 016";"27-05-2026, 03:27:30";"27-05-2026, 03:58:30";"NACHT; LATE_ACTIVATIE";"";"31"
"1635";"Midden";"Synthetische medewerker 122";"SYN-M-0122";"Synthetisch team Oost";"Nachtdienst";"Controle na overdracht van zorg";"Cliënt";"Synthetische cliënt 0187";"SYN-C-00187";"Synthetische hoofdlocatie 013";"27-05-2026, 03:51:00";"27-05-2026, 04:14:00";"NACHT; LATE_ACTIVATIE";"";"23"
"1735";"Midden";"Synthetische medewerker 198";"SYN-M-0198";"Synthetisch team Oost";"Nachtdienst";"Synthetische reden voor geautomatiseerde layoutcontrole";"Cliënt";"Synthetische cliënt 0403";"SYN-C-00403";"Synthetische hoofdlocatie 004";"27-05-2026, 06:24:50";"27-05-2026, 07:24:50";"VEEL_TEAMS_CLIENT; LATE_ACTIVATIE";"";"60"
"1222";"Midden";"Synthetische medewerker 106";"SYN-M-0106";"Synthetisch team Oost";"Nachtdienst";"Voorbereiding van een geplande synthetische handeling";"Cliënt";"Synthetische cliënt 0181";"SYN-C-00181";"Synthetische hoofdlocatie 007";"27-05-2026, 07:13:27";"27-05-2026, 08:33:27";"VEEL_TEAMS_CLIENT; LATE_ACTIVATIE";"";"80"
"575";"Midden";"Synthetische medewerker 204";"SYN-M-0204";"Synthetisch testteam met lange naam";"Verpleegkundige testfunctie";"Tijdelijke vervanging binnen het testrooster";"Cliënt";"Synthetische cliënt 0468";"SYN-C-00468";"Synthetische hoofdlocatie 019";"27-05-2026, 08:09:24";"27-05-2026, 09:14:24";"VEEL_MEDEWERKERS_CLIENT; LATE_ACTIVATIE";"";"65"
"52";"Midden";"Synthetische medewerker 080";"SYN-M-0080";"Synthetisch testteam met lange naam";"Verpleegkundige testfunctie";"Tijdelijke vervanging binnen het testrooster";"Cliënt";"Synthetische cliënt 0510";"SYN-C-00510";"Synthetische hoofdlocatie 011";"27-05-2026, 08:16:54";"27-05-2026, 09:13:54";"VEEL_TEAMS_CLIENT; LATE_ACTIVATIE";"";"57"
"308";"Midden";"Synthetische medewerker 055";"SYN-M-0055";"Synthetisch team West";"Synthetische deskundigheid";"Tijdelijke vervanging binnen het testrooster";"Cliënt";"Synthetische cliënt 0399";"SYN-C-00399";"Synthetische hoofdlocatie 025";"27-05-2026, 10:05:46";"27-05-2026, 10:23:46";"VEEL_TEAMS_CLIENT; LATE_ACTIVATIE";"";"18"
"1298";"Midden";"Synthetische medewerker 131";"SYN-M-0131";"Synthetisch team West";"Synthetische deskundigheid";"Ondersteuning tijdens avond- of nachtdienst";"Cliënt";"Synthetische cliënt 0473";"SYN-C-00473";"Synthetische hoofdlocatie 024";"27-05-2026, 12:20:21";"27-05-2026, 12:26:21";"VEEL_TEAMS_CLIENT; LATE_ACTIVATIE";"";"6"
"1771";"Midden";"Synthetische medewerker 132";"SYN-M-0132";"Synthetisch testteam met lange naam";"Verpleegkundige testfunctie";"Synthetische reden voor geautomatiseerde layoutcontrole";"Cliënt";"Synthetische cliënt 0279";"SYN-C-00279";"Synthetische hoofdlocatie 005";"27-05-2026, 12:31:35";"27-05-2026, 14:17:35";"VEEL_MEDEWERKERS_CLIENT; LATE_ACTIVATIE";"";"106"
"1380";"Midden";"Synthetische medewerker 108";"SYN-M-0108";"Synthetisch testteam met lange naam";"Verpleegkundige testfunctie";"Controle na overdracht van zorg";"Cliënt";"Synthetische cliënt 0400";"SYN-C-00400";"Synthetische hoofdlocatie 001";"27-05-2026, 13:08:10";"Niet geactiveerd";"NIET_GEACTIVEERD; VEEL_MEDEWERKERS_CLIENT";"";""
"1244";"Midden";"Synthetische medewerker 183";"SYN-M-0183";"Synthetisch team West";"Synthetische deskundigheid";"Controle na overdracht van zorg";"Cliënt";"Synthetische cliënt 0106";"SYN-C-00106";"Synthetische hoofdlocatie 007";"27-05-2026, 17:17:46";"Niet geactiveerd";"NIET_GEACTIVEERD; VEEL_TEAMS_CLIENT";"";""
"513";"Midden";"Synthetische medewerker 060";"SYN-M-0060";"Synthetisch testteam met lange naam";"Verpleegkundige testfunctie";"Ondersteuning tijdens avond- of nachtdienst";"Cliënt";"Synthetische cliënt 0052";"SYN-C-00052";"Synthetische hoofdlocatie 003";"27-05-2026, 18:44:51";"27-05-2026, 19:05:51";"VEEL_MEDEWERKERS_CLIENT; LATE_ACTIVATIE";"";"21"
"1046";"Midden";"Synthetische medewerker 034";"SYN-M-0034";"Synthetisch team Oost";"Nachtdienst";"Controle na overdracht van zorg";"Cliënt";"Synthetische cliënt 0400";"SYN-C-00400";"Synthetische hoofdlocatie 001";"27-05-2026, 19:42:55";"27-05-2026, 21:29:55";"VEEL_MEDEWERKERS_CLIENT; LATE_ACTIVATIE";"";"107"
"1824";"Midden";"Synthetische medewerker 184";"SYN-M-0184";"Synthetisch testteam met lange naam";"Verpleegkundige testfunctie";"Controle na overdracht van zorg";"Locatie";"Synthetische locatie 008";"SYN-L-0008";"Synthetische hoofdlocatie 023";"28-05-2026, 01:31:27";"Niet geactiveerd";"NIET_GEACTIVEERD; NACHT";"";""
"1363";"Midden";"Synthetische medewerker 067";"SYN-M-0067";"Synthetisch team West";"Synthetische deskundigheid";"Controle na overdracht van zorg";"Locatie";"Synthetische locatie 038";"SYN-L-0038";"Synthetische hoofdlocatie 008";"28-05-2026, 03:54:56";"Niet geactiveerd";"NIET_GEACTIVEERD; NACHT";"";""
"204";"Midden";"Synthetische medewerker 126";"SYN-M-0126";"Synthetisch team Oost";"Nachtdienst";"Controle na overdracht van zorg";"Cliënt";"Synthetische cliënt 0263";"SYN-C-00263";"Synthetische hoofdlocatie 014";"28-05-2026, 04:38:15";"28-05-2026, 05:00:15";"NACHT; LATE_ACTIVATIE";"";"22"
"1848";"Midden";"Synthetische medewerker 115";"SYN-M-0115";"Synthetisch team West";"Synthetische deskundigheid";"Acute ondersteuning buiten het vaste team";"Cliënt";"Synthetische cliënt 0363";"SYN-C-00363";"Synthetische hoofdlocatie 014";"28-05-2026, 05:03:14";"28-05-2026, 05:09:14";"NACHT; LATE_ACTIVATIE";"";"6"
"1047";"Midden";"Synthetische medewerker 128";"SYN-M-0128";"Synthetisch testteam met lange naam";"Verpleegkundige testfunctie";"Synthetische reden voor geautomatiseerde layoutcontrole";"Cliënt";"Synthetische cliënt 0434";"SYN-C-00434";"Synthetische hoofdlocatie 010";"28-05-2026, 05:31:18";"28-05-2026, 05:39:18";"NACHT; LATE_ACTIVATIE";"";"8"
"1586";"Midden";"Synthetische medewerker 219";"SYN-M-0219";"Synthetisch team West";"Synthetische deskundigheid";"Synthetische reden voor geautomatiseerde layoutcontrole";"Cliënt";"Synthetische cliënt 0470";"SYN-C-00470";"Synthetische hoofdlocatie 021";"28-05-2026, 10:16:42";"28-05-2026, 12:13:42";"VEEL_MEDEWERKERS_CLIENT; LATE_ACTIVATIE";"";"117"
"1874";"Midden";"Synthetische medewerker 244";"SYN-M-0244";"Synthetisch testteam met lange naam";"Verpleegkundige testfunctie";"Tijdelijke vervanging binnen het testrooster";"Cliënt";"Synthetische cliënt 0148";"SYN-C-00148";"Synthetische hoofdlocatie 024";"28-05-2026, 11:45:30";"28-05-2026, 12:08:30";"VEEL_MEDEWERKERS_CLIENT; LATE_ACTIVATIE";"";"23"
"1365";"Midden";"Synthetische medewerker 147";"SYN-M-0147";"Synthetisch team West";"Synthetische deskundigheid";"Tijdelijke vervanging binnen het testrooster";"Cliënt";"Synthetische cliënt 0254";"SYN-C-00254";"Synthetische hoofdlocatie 005";"28-05-2026, 15:38:09";"28-05-2026, 17:08:09";"VEEL_TEAMS_CLIENT; LATE_ACTIVATIE";"";"90"
"1284";"Midden";"Synthetische medewerker 182";"SYN-M-0182";"Synthetisch team Oost";"Nachtdienst";"Tijdelijke vervanging binnen het testrooster";"Cliënt";"Synthetische cliënt 0254";"SYN-C-00254";"Synthetische hoofdlocatie 005";"28-05-2026, 19:08:00";"28-05-2026, 19:43:00";"VEEL_TEAMS_CLIENT; LATE_ACTIVATIE";"";"35"
"1070";"Midden";"Synthetische medewerker 146";"SYN-M-0146";"Synthetisch team Oost";"Nachtdienst";"Synthetische reden voor geautomatiseerde layoutcontrole";"Cliënt";"Synthetische cliënt 0268";"SYN-C-00268";"Synthetische hoofdlocatie 019";"28-05-2026, 19:17:26";"28-05-2026, 19:43:26";"VEEL_MEDEWERKERS_CLIENT; LATE_ACTIVATIE";"";"26"
"772";"Midden";"Synthetische medewerker 212";"SYN-M-0212";"Synthetisch testteam met lange naam";"Verpleegkundige testfunctie";"Ondersteuning tijdens avond- of nachtdienst";"Cliënt";"Synthetische cliënt 0064";"SYN-C-00064";"Synthetische hoofdlocatie 015";"28-05-2026, 22:20:42";"Niet geactiveerd";"NIET_GEACTIVEERD; VEEL_TEAMS_CLIENT";"";""
"1427";"Midden";"Synthetische medewerker 171";"SYN-M-0171";"Synthetisch team West";"Synthetische deskundigheid";"Ondersteuning tijdens avond- of nachtdienst";"Cliënt";"Synthetische cliënt 0190";"SYN-C-00190";"Synthetische hoofdlocatie 016";"29-05-2026, 00:34:08";"29-05-2026, 02:30:08";"NACHT; LATE_ACTIVATIE";"";"116"
"1081";"Midden";"Synthetische medewerker 047";"SYN-M-0047";"Synthetisch team West";"Synthetische deskundigheid";"Voorbereiding van een geplande synthetische handeling";"Cliënt";"Synthetische cliënt 0072";"SYN-C-00072";"Synthetische hoofdlocatie 023";"29-05-2026, 00:47:21";"Niet geactiveerd";"NIET_GEACTIVEERD; NACHT";"";""
"1075";"Midden";"Synthetische medewerker 030";"SYN-M-0030";"Synthetisch team Oost";"Nachtdienst";"Synthetische reden voor geautomatiseerde layoutcontrole";"Cliënt";"Synthetische cliënt 0377";"SYN-C-00377";"Synthetische hoofdlocatie 003";"29-05-2026, 03:15:44";"29-05-2026, 03:21:44";"NACHT; LATE_ACTIVATIE";"";"6"
"386";"Midden";"Synthetische medewerker 031";"SYN-M-0031";"Synthetisch team West";"Synthetische deskundigheid";"Acute ondersteuning buiten het vaste team";"Locatie";"Synthetische locatie 020";"SYN-L-0020";"Synthetische hoofdlocatie 020";"29-05-2026, 03:24:15";"29-05-2026, 03:52:15";"NACHT; LATE_ACTIVATIE";"";"28"
"619";"Midden";"Synthetische medewerker 162";"SYN-M-0162";"Synthetisch team Oost";"Nachtdienst";"Controle na overdracht van zorg";"Cliënt";"Synthetische cliënt 0449";"SYN-C-00449";"Synthetische hoofdlocatie 025";"29-05-2026, 03:32:24";"Niet geactiveerd";"NIET_GEACTIVEERD; NACHT";"";""
"757";"Midden";"Synthetische medewerker 086";"SYN-M-0086";"Synthetisch team Oost";"Nachtdienst";"Ondersteuning tijdens avond- of nachtdienst";"Cliënt";"Synthetische cliënt 0496";"SYN-C-00496";"Synthetische hoofdlocatie 022";"29-05-2026, 03:49:00";"29-05-2026, 04:38:00";"NACHT; LATE_ACTIVATIE";"";"49"
"1514";"Midden";"Synthetische medewerker 206";"SYN-M-0206";"Synthetisch team Oost";"Nachtdienst";"Synthetische reden voor geautomatiseerde layoutcontrole";"Cliënt";"Synthetische cliënt 0484";"SYN-C-00484";"Synthetische hoofdlocatie 010";"29-05-2026, 04:33:02";"29-05-2026, 05:43:02";"NACHT; LATE_ACTIVATIE";"";"70"
"667";"Midden";"Synthetische medewerker 065";"SYN-M-0065";"Synthetisch team Noord";"Begeleiding";"Synthetische reden voor geautomatiseerde layoutcontrole";"Cliënt";"Synthetische cliënt 0270";"SYN-C-00270";"Synthetische hoofdlocatie 021";"29-05-2026, 05:40:12";"29-05-2026, 06:21:12";"NACHT; LATE_ACTIVATIE";"";"41"
"1189";"Midden";"Synthetische medewerker 237";"SYN-M-0237";"Synthetisch team Noord";"Begeleiding";"Acute ondersteuning buiten het vaste team";"Cliënt";"Synthetische cliënt 0444";"SYN-C-00444";"Synthetische hoofdlocatie 020";"29-05-2026, 06:59:55";"Niet geactiveerd";"NIET_GEACTIVEERD; VEEL_MEDEWERKERS_CLIENT";"";""
"968";"Midden";"Synthetische medewerker 096";"SYN-M-0096";"Synthetisch testteam met lange naam";"Verpleegkundige testfunctie";"Controle na overdracht van zorg";"Cliënt";"Synthetische cliënt 0453";"SYN-C-00453";"Synthetische hoofdlocatie 004";"29-05-2026, 07:02:55";"29-05-2026, 07:05:55";"VEEL_MEDEWERKERS_CLIENT; LATE_ACTIVATIE";"";"3"
"494";"Midden";"Synthetische medewerker 102";"SYN-M-0102";"Synthetisch team Oost";"Nachtdienst";"Tijdelijke vervanging binnen het testrooster";"Cliënt";"";"";"Synthetische hoofdlocatie 019";"29-05-2026, 07:05:07";"29-05-2026, 07:40:07";"LATE_ACTIVATIE; ONVOLLEDIG_CLIENTDOEL";"";"35"
"1188";"Midden";"Synthetische medewerker 004";"SYN-M-0004";"Synthetisch testteam met lange naam";"Verpleegkundige testfunctie";"Controle na overdracht van zorg";"Cliënt";"Synthetische cliënt 0475";"SYN-C-00475";"Synthetische hoofdlocatie 001";"29-05-2026, 09:46:26";"Niet geactiveerd";"NIET_GEACTIVEERD; VEEL_TEAMS_CLIENT";"";""
"786";"Midden";"Synthetische medewerker 099";"SYN-M-0099";"Synthetisch team West";"Synthetische deskundigheid";"Acute ondersteuning buiten het vaste team";"Cliënt";"";"";"Synthetische hoofdlocatie 025";"29-05-2026, 12:02:32";"29-05-2026, 13:18:32";"LATE_ACTIVATIE; ONVOLLEDIG_CLIENTDOEL";"";"76"
"504";"Midden";"Synthetische medewerker 045";"SYN-M-0045";"Synthetisch team Noord";"Begeleiding";"Voorbereiding van een geplande synthetische handeling";"Cliënt";"Synthetische cliënt 0303";"SYN-C-00303";"Synthetische hoofdlocatie 004";"29-05-2026, 14:20:28";"Niet geactiveerd";"NIET_GEACTIVEERD; VEEL_TEAMS_CLIENT";"";""
"88";"Midden";"Synthetische medewerker 166";"SYN-M-0166";"Synthetisch team Oost";"Nachtdienst";"Controle na overdracht van zorg";"Cliënt";"Synthetische cliënt 0562";"SYN-C-00562";"Synthetische hoofdlocatie 013";"29-05-2026, 19:11:17";"29-05-2026, 20:03:17";"VEEL_MEDEWERKERS_CLIENT; LATE_ACTIVATIE";"";"52"
"1769";"Midden";"Synthetische medewerker 110";"SYN-M-0110";"Synthetisch team Oost";"Nachtdienst";"Tijdelijke vervanging binnen het testrooster";"Cliënt";"";"";"Synthetische hoofdlocatie 002";"29-05-2026, 19:19:05";"29-05-2026, 20:12:05";"LATE_ACTIVATIE; ONVOLLEDIG_CLIENTDOEL";"";"53"
"425";"Midden";"Synthetische medewerker 029";"SYN-M-0029";"Synthetisch team Noord";"Begeleiding";"Synthetische reden voor geautomatiseerde layoutcontrole";"Cliënt";"Synthetische cliënt 0595";"SYN-C-00595";"Synthetische hoofdlocatie 021";"29-05-2026, 21:20:25";"29-05-2026, 23:10:25";"VEEL_TEAMS_CLIENT; LATE_ACTIVATIE";"";"110"
"1124";"Midden";"Synthetische medewerker 212";"SYN-M-0212";"Synthetisch testteam met lange naam";"Verpleegkundige testfunctie";"Synthetische reden voor geautomatiseerde layoutcontrole";"Cliënt";"Synthetische cliënt 0384";"SYN-C-00384";"Synthetische hoofdlocatie 010";"29-05-2026, 22:58:35";"29-05-2026, 23:50:35";"VEEL_MEDEWERKERS_CLIENT; LATE_ACTIVATIE";"";"52"
"1167";"Midden";"Synthetische medewerker 203";"SYN-M-0203";"Synthetisch team West";"Synthetische deskundigheid";"Synthetische reden voor geautomatiseerde layoutcontrole";"Cliënt";"Synthetische cliënt 0252";"SYN-C-00252";"Synthetische hoofdlocatie 003";"29-05-2026, 23:22:19";"30-05-2026, 00:59:19";"NACHT; LATE_ACTIVATIE";"";"97"
"1218";"Midden";"Synthetische medewerker 120";"SYN-M-0120";"Synthetisch testteam met lange naam";"Verpleegkundige testfunctie";"Synthetische reden voor geautomatiseerde layoutcontrole";"Locatie";"Synthetische locatie 005";"SYN-L-0005";"Synthetische hoofdlocatie 015";"29-05-2026, 23:33:28";"30-05-2026, 01:04:28";"NACHT; LATE_ACTIVATIE";"";"91"
"1166";"Midden";"Synthetische medewerker 066";"SYN-M-0066";"Synthetisch team Oost";"Nachtdienst";"Ondersteuning tijdens avond- of nachtdienst";"Cliënt";"Synthetische cliënt 0362";"SYN-C-00362";"Synthetische hoofdlocatie 013";"29-05-2026, 23:43:07";"29-05-2026, 23:48:07";"NACHT; LATE_ACTIVATIE";"";"5"
"780";"Midden";"Synthetische medewerker 116";"SYN-M-0116";"Synthetisch testteam met lange naam";"Verpleegkundige testfunctie";"Acute ondersteuning buiten het vaste team";"Cliënt";"Synthetische cliënt 0359";"SYN-C-00359";"Synthetische hoofdlocatie 010";"30-05-2026, 00:57:50";"30-05-2026, 02:23:50";"NACHT; LATE_ACTIVATIE";"";"86"
"1257";"Midden";"Synthetische medewerker 240";"SYN-M-0240";"Synthetisch testteam met lange naam";"Verpleegkundige testfunctie";"Controle na overdracht van zorg";"Cliënt";"Synthetische cliënt 0020";"SYN-C-00020";"Synthetische hoofdlocatie 021";"30-05-2026, 01:02:08";"30-05-2026, 02:10:08";"NACHT; LATE_ACTIVATIE";"";"68"
"1519";"Midden";"Synthetische medewerker 068";"SYN-M-0068";"Synthetisch testteam met lange naam";"Verpleegkundige testfunctie";"Synthetische reden voor geautomatiseerde layoutcontrole";"Cliënt";"Synthetische cliënt 0186";"SYN-C-00186";"Synthetische hoofdlocatie 012";"30-05-2026, 02:06:53";"30-05-2026, 02:16:53";"NACHT; LATE_ACTIVATIE";"";"10"
"1710";"Midden";"Synthetische medewerker 057";"SYN-M-0057";"Synthetisch team Noord";"Begeleiding";"Ondersteuning tijdens avond- of nachtdienst";"Cliënt";"Synthetische cliënt 0269";"SYN-C-00269";"Synthetische hoofdlocatie 020";"30-05-2026, 02:08:38";"30-05-2026, 02:19:38";"NACHT; LATE_ACTIVATIE";"";"11"
"1821";"Midden";"Synthetische medewerker 211";"SYN-M-0211";"Synthetisch team West";"Synthetische deskundigheid";"Tijdelijke vervanging binnen het testrooster";"Locatie";"Synthetische locatie 017";"SYN-L-0017";"Synthetische hoofdlocatie 012";"30-05-2026, 02:13:28";"30-05-2026, 03:16:28";"NACHT; LATE_ACTIVATIE";"";"63"
"411";"Midden";"Synthetische medewerker 092";"SYN-M-0092";"Synthetisch testteam met lange naam";"Verpleegkundige testfunctie";"Tijdelijke vervanging binnen het testrooster";"Cliënt";"Synthetische cliënt 0059";"SYN-C-00059";"Synthetische hoofdlocatie 010";"30-05-2026, 02:28:46";"30-05-2026, 03:52:46";"NACHT; LATE_ACTIVATIE";"";"84"
"1811";"Midden";"Synthetische medewerker 216";"SYN-M-0216";"Synthetisch testteam met lange naam";"Verpleegkundige testfunctie";"Ondersteuning tijdens avond- of nachtdienst";"Cliënt";"Synthetische cliënt 0478";"SYN-C-00478";"Synthetische hoofdlocatie 004";"30-05-2026, 03:41:40";"30-05-2026, 04:49:40";"NACHT; LATE_ACTIVATIE";"";"68"
"1025";"Midden";"Synthetische medewerker 007";"SYN-M-0007";"Synthetisch team West";"Synthetische deskundigheid";"Ondersteuning tijdens avond- of nachtdienst";"Cliënt";"Synthetische cliënt 0474";"SYN-C-00474";"Synthetische hoofdlocatie 025";"30-05-2026, 04:17:02";"30-05-2026, 06:17:02";"NACHT; LATE_ACTIVATIE";"";"120"
"512";"Midden";"Synthetische medewerker 109";"SYN-M-0109";"Synthetisch team Noord";"Begeleiding";"Voorbereiding van een geplande synthetische handeling";"Cliënt";"Synthetische cliënt 0590";"SYN-C-00590";"Synthetische hoofdlocatie 016";"30-05-2026, 05:08:08";"Niet geactiveerd";"NIET_GEACTIVEERD; NACHT";"";""
"260";"Midden";"Synthetische medewerker 113";"SYN-M-0113";"Synthetisch team Noord";"Begeleiding";"Tijdelijke vervanging binnen het testrooster";"Locatie";"Synthetische locatie 040";"SYN-L-0040";"Synthetische hoofdlocatie 025";"30-05-2026, 05:59:05";"Niet geactiveerd";"NIET_GEACTIVEERD; NACHT";"";""
"655";"Midden";"Synthetische medewerker 100";"SYN-M-0100";"Synthetisch testteam met lange naam";"Verpleegkundige testfunctie";"Tijdelijke vervanging binnen het testrooster";"Cliënt";"Synthetische cliënt 0384";"SYN-C-00384";"Synthetische hoofdlocatie 010";"30-05-2026, 08:27:58";"Niet geactiveerd";"NIET_GEACTIVEERD; VEEL_MEDEWERKERS_CLIENT";"";""
"1854";"Midden";"Synthetische medewerker 086";"SYN-M-0086";"Synthetisch team Oost";"Nachtdienst";"Acute ondersteuning buiten het vaste team";"Cliënt";"Synthetische cliënt 0456";"SYN-C-00456";"Synthetische hoofdlocatie 007";"30-05-2026, 09:44:02";"30-05-2026, 10:47:02";"VEEL_TEAMS_CLIENT; LATE_ACTIVATIE";"";"63"
"1517";"Midden";"Synthetische medewerker 235";"SYN-M-0235";"Synthetisch team West";"Synthetische deskundigheid";"Synthetische reden voor geautomatiseerde layoutcontrole";"Cliënt";"Synthetische cliënt 0114";"SYN-C-00114";"Synthetische hoofdlocatie 015";"30-05-2026, 09:56:35";"30-05-2026, 11:37:35";"VEEL_MEDEWERKERS_CLIENT; LATE_ACTIVATIE";"";"101"
"1480";"Midden";"Synthetische medewerker 230";"SYN-M-0230";"Synthetisch team Oost";"Nachtdienst";"Ondersteuning tijdens avond- of nachtdienst";"Cliënt";"Synthetische cliënt 0293";"SYN-C-00293";"Synthetische hoofdlocatie 019";"30-05-2026, 11:53:20";"Niet geactiveerd";"NIET_GEACTIVEERD; VEEL_MEDEWERKERS_CLIENT";"";""
"1349";"Midden";"Synthetische medewerker 166";"SYN-M-0166";"Synthetisch team Oost";"Nachtdienst";"Tijdelijke vervanging binnen het testrooster";"Cliënt";"Synthetische cliënt 0509";"SYN-C-00509";"Synthetische hoofdlocatie 010";"30-05-2026, 14:18:47";"30-05-2026, 16:16:47";"VEEL_TEAMS_CLIENT; LATE_ACTIVATIE";"";"118"
"40";"Midden";"Synthetische medewerker 245";"SYN-M-0245";"Synthetisch team Noord";"Begeleiding";"Synthetische reden voor geautomatiseerde layoutcontrole";"Cliënt";"Synthetische cliënt 0453";"SYN-C-00453";"Synthetische hoofdlocatie 004";"30-05-2026, 15:42:05";"30-05-2026, 15:54:05";"VEEL_MEDEWERKERS_CLIENT; LATE_ACTIVATIE";"";"12"
"834";"Midden";"Synthetische medewerker 245";"SYN-M-0245";"Synthetisch team Noord";"Begeleiding";"Tijdelijke vervanging binnen het testrooster";"Cliënt";"";"";"Synthetische hoofdlocatie 006";"30-05-2026, 16:34:04";"30-05-2026, 16:44:04";"LATE_ACTIVATIE; ONVOLLEDIG_CLIENTDOEL";"";"10"
"1797";"Midden";"Synthetische medewerker 043";"SYN-M-0043";"Synthetisch team West";"Synthetische deskundigheid";"Tijdelijke vervanging binnen het testrooster";"Cliënt";"Synthetische cliënt 0470";"SYN-C-00470";"Synthetische hoofdlocatie 021";"30-05-2026, 18:28:32";"30-05-2026, 19:04:32";"VEEL_MEDEWERKERS_CLIENT; LATE_ACTIVATIE";"";"36"
"444";"Midden";"Synthetische medewerker 025";"SYN-M-0025";"Synthetisch team Noord";"Begeleiding";"Synthetische reden voor geautomatiseerde layoutcontrole";"Cliënt";"Synthetische cliënt 0065";"SYN-C-00065";"Synthetische hoofdlocatie 016";"30-05-2026, 23:56:21";"Niet geactiveerd";"NIET_GEACTIVEERD; NACHT";"";""
"78";"Midden";"Synthetische medewerker 242";"SYN-M-0242";"Synthetisch team Oost";"Nachtdienst";"Controle na overdracht van zorg";"Cliënt";"Synthetische cliënt 0558";"SYN-C-00558";"Synthetische hoofdlocatie 009";"31-05-2026, 00:11:24";"31-05-2026, 02:05:24";"NACHT; LATE_ACTIVATIE";"";"114"
"995";"Midden";"Synthetische medewerker 024";"SYN-M-0024";"Synthetisch testteam met lange naam";"Verpleegkundige testfunctie";"Voorbereiding van een geplande synthetische handeling";"Cliënt";"Synthetische cliënt 0124";"SYN-C-00124";"Synthetische hoofdlocatie 025";"31-05-2026, 00:42:46";"31-05-2026, 01:31:46";"NACHT; LATE_ACTIVATIE";"";"49"
"551";"Midden";"Synthetische medewerker 134";"SYN-M-0134";"Synthetisch team Oost";"Nachtdienst";"Tijdelijke vervanging binnen het testrooster";"Cliënt";"Synthetische cliënt 0460";"SYN-C-00460";"Synthetische hoofdlocatie 011";"31-05-2026, 01:18:43";"31-05-2026, 02:21:43";"NACHT; LATE_ACTIVATIE";"";"63"
"545";"Midden";"Synthetische medewerker 222";"SYN-M-0222";"Synthetisch team Oost";"Nachtdienst";"Voorbereiding van een geplande synthetische handeling";"Locatie";"";"";"Synthetische hoofdlocatie 011";"31-05-2026, 02:06:31";"31-05-2026, 04:06:31";"NACHT; LATE_ACTIVATIE";"";"120"
"1477";"Midden";"Synthetische medewerker 007";"SYN-M-0007";"Synthetisch team West";"Synthetische deskundigheid";"Voorbereiding van een geplande synthetische handeling";"Locatie";"Synthetische locatie 020";"SYN-L-0020";"Synthetische hoofdlocatie 025";"31-05-2026, 03:30:57";"31-05-2026, 03:33:57";"NACHT; LATE_ACTIVATIE";"";"3"
"1137";"Midden";"Synthetische medewerker 151";"SYN-M-0151";"Synthetisch team West";"Synthetische deskundigheid";"Tijdelijke vervanging binnen het testrooster";"Cliënt";"Synthetische cliënt 0343";"SYN-C-00343";"Synthetische hoofdlocatie 019";"31-05-2026, 04:16:34";"31-05-2026, 04:27:34";"NACHT; LATE_ACTIVATIE";"";"11"
"828";"Midden";"Synthetische medewerker 154";"SYN-M-0154";"Synthetisch team Oost";"Nachtdienst";"Voorbereiding van een geplande synthetische handeling";"Cliënt";"Synthetische cliënt 0441";"SYN-C-00441";"Synthetische hoofdlocatie 017";"31-05-2026, 05:26:57";"31-05-2026, 06:35:57";"NACHT; LATE_ACTIVATIE";"";"69"
"790";"Midden";"Synthetische medewerker 243";"SYN-M-0243";"Synthetisch team West";"Synthetische deskundigheid";"Voorbereiding van een geplande synthetische handeling";"Cliënt";"Synthetische cliënt 0428";"SYN-C-00428";"Synthetische hoofdlocatie 004";"31-05-2026, 05:41:45";"31-05-2026, 07:12:45";"NACHT; LATE_ACTIVATIE";"";"91"
"376";"Midden";"Synthetische medewerker 166";"SYN-M-0166";"Synthetisch team Oost";"Nachtdienst";"Acute ondersteuning buiten het vaste team";"Cliënt";"Synthetische cliënt 0445";"SYN-C-00445";"Synthetische hoofdlocatie 021";"31-05-2026, 12:28:54";"31-05-2026, 12:37:54";"VEEL_MEDEWERKERS_CLIENT; LATE_ACTIVATIE";"";"9"
"373";"Midden";"Synthetische medewerker 129";"SYN-M-0129";"Synthetisch team Noord";"Begeleiding";"Controle na overdracht van zorg";"Cliënt";"Synthetische cliënt 0063";"SYN-C-00063";"Synthetische hoofdlocatie 014";"31-05-2026, 13:23:36";"31-05-2026, 12:58:36";"VEEL_MEDEWERKERS_CLIENT; ONGELDIGE_ACTIVATIE";"";"-25"
"1997";"Midden";"Synthetische medewerker 226";"SYN-M-0226";"Synthetisch team Oost";"Nachtdienst";"Ondersteuning tijdens avond- of nachtdienst";"Cliënt";"Synthetische cliënt 0080";"SYN-C-00080";"Synthetische hoofdlocatie 006";"31-05-2026, 16:31:59";"31-05-2026, 17:32:59";"VEEL_MEDEWERKERS_CLIENT; LATE_ACTIVATIE";"";"61"
"1704";"Basis";"Synthetische medewerker 112";"SYN-M-0112";"Synthetisch testteam met lange naam";"Verpleegkundige testfunctie";"Ondersteuning tijdens avond- of nachtdienst";"Cliënt";"Synthetische cliënt 0109";"SYN-C-00109";"Synthetische hoofdlocatie 010";"01-05-2026, 11:07:41";"01-05-2026, 11:08:41";"VEEL_MEDEWERKERS_CLIENT; VEEL_TEAMS_CLIENT";"";"1"
"966";"Basis";"Synthetische medewerker 240";"SYN-M-0240";"Synthetisch testteam met lange naam";"Verpleegkundige testfunctie";"Controle na overdracht van zorg";"Cliënt";"";"";"Synthetische hoofdlocatie 010";"03-05-2026, 20:43:58";"03-05-2026, 20:19:58";"ONGELDIGE_ACTIVATIE; ONVOLLEDIG_CLIENTDOEL";"";"-24"
"1402";"Basis";"Synthetische medewerker 228";"SYN-M-0228";"Synthetisch testteam met lange naam";"Verpleegkundige testfunctie";"Tijdelijke vervanging binnen het testrooster";"Cliënt";"Synthetische cliënt 0331";"SYN-C-00331";"Synthetische hoofdlocatie 007";"04-05-2026, 07:34:32";"04-05-2026, 07:35:32";"VEEL_MEDEWERKERS_CLIENT; VEEL_TEAMS_CLIENT";"";"1"
"723";"Basis";"Synthetische medewerker 207";"SYN-M-0207";"Synthetisch team West";"Synthetische deskundigheid";"Ondersteuning tijdens avond- of nachtdienst";"Cliënt";"";"";"Synthetische hoofdlocatie 007";"04-05-2026, 21:54:49";"Niet geactiveerd";"NIET_GEACTIVEERD; ONVOLLEDIG_CLIENTDOEL";"";""
"509";"Basis";"Synthetische medewerker 132";"SYN-M-0132";"Synthetisch testteam met lange naam";"Verpleegkundige testfunctie";"Ondersteuning tijdens avond- of nachtdienst";"Cliënt";"Synthetische cliënt 0037";"SYN-C-00037";"Synthetische hoofdlocatie 013";"06-05-2026, 17:00:00";"06-05-2026, 17:01:00";"VEEL_MEDEWERKERS_CLIENT; VEEL_TEAMS_CLIENT";"";"1"
"827";"Basis";"Synthetische medewerker 226";"SYN-M-0226";"Synthetisch team Oost";"Nachtdienst";"Acute ondersteuning buiten het vaste team";"Cliënt";"Synthetische cliënt 0573";"SYN-C-00573";"Synthetische hoofdlocatie 024";"07-05-2026, 14:30:44";"07-05-2026, 14:30:44";"VEEL_MEDEWERKERS_CLIENT; VEEL_TEAMS_CLIENT";"";"0"
"943";"Basis";"Synthetische medewerker 067";"SYN-M-0067";"Synthetisch team West";"Synthetische deskundigheid";"Acute ondersteuning buiten het vaste team";"Cliënt";"Synthetische cliënt 0133";"SYN-C-00133";"Synthetische hoofdlocatie 009";"08-05-2026, 07:11:20";"08-05-2026, 07:11:20";"VEEL_MEDEWERKERS_CLIENT; VEEL_TEAMS_CLIENT";"";"0"
"1894";"Basis";"Synthetische medewerker 112";"SYN-M-0112";"Synthetisch testteam met lange naam";"Verpleegkundige testfunctie";"Synthetische reden voor geautomatiseerde layoutcontrole";"Cliënt";"";"";"Synthetische hoofdlocatie 017";"10-05-2026, 06:13:24";"Niet geactiveerd";"NIET_GEACTIVEERD; ONVOLLEDIG_CLIENTDOEL";"";""
"1533";"Basis";"Synthetische medewerker 058";"SYN-M-0058";"Synthetisch team Oost";"Nachtdienst";"Synthetische reden voor geautomatiseerde layoutcontrole";"Cliënt";"Synthetische cliënt 0514";"SYN-C-00514";"Synthetische hoofdlocatie 015";"10-05-2026, 07:18:23";"10-05-2026, 07:18:23";"VEEL_MEDEWERKERS_CLIENT; VEEL_TEAMS_CLIENT";"";"0"
"346";"Basis";"Synthetische medewerker 107";"SYN-M-0107";"Synthetisch team West";"Synthetische deskundigheid";"Tijdelijke vervanging binnen het testrooster";"Cliënt";"Synthetische cliënt 0213";"SYN-C-00213";"Synthetische hoofdlocatie 014";"13-05-2026, 07:00:32";"13-05-2026, 07:01:32";"VEEL_MEDEWERKERS_CLIENT; VEEL_TEAMS_CLIENT";"";"1"
"1129";"Basis";"Synthetische medewerker 241";"SYN-M-0241";"Synthetisch team Noord";"Begeleiding";"Synthetische reden voor geautomatiseerde layoutcontrole";"Cliënt";"";"";"Synthetische hoofdlocatie 023";"16-05-2026, 12:51:35";"16-05-2026, 12:35:35";"ONGELDIGE_ACTIVATIE; ONVOLLEDIG_CLIENTDOEL";"";"-16"
"1479";"Basis";"Synthetische medewerker 240";"SYN-M-0240";"Synthetisch testteam met lange naam";"Verpleegkundige testfunctie";"Controle na overdracht van zorg";"Cliënt";"";"";"Synthetische hoofdlocatie 001";"22-05-2026, 13:25:18";"Niet geactiveerd";"NIET_GEACTIVEERD; ONVOLLEDIG_CLIENTDOEL";"";""
"999";"Basis";"Synthetische medewerker 027";"SYN-M-0027";"Synthetisch team West";"Synthetische deskundigheid";"Tijdelijke vervanging binnen het testrooster";"Cliënt";"";"";"Synthetische hoofdlocatie 011";"26-05-2026, 08:21:28";"Niet geactiveerd";"NIET_GEACTIVEERD; ONVOLLEDIG_CLIENTDOEL";"";""
"681";"Basis";"Synthetische medewerker 099";"SYN-M-0099";"Synthetisch team West";"Synthetische deskundigheid";"Controle na overdracht van zorg";"Cliënt";"";"";"Synthetische hoofdlocatie 014";"30-05-2026, 06:53:58";"Niet geactiveerd";"NIET_GEACTIVEERD; ONVOLLEDIG_CLIENTDOEL";"";""
"1411";"Basis";"Synthetische medewerker 166";"SYN-M-0166";"Synthetisch team Oost";"Nachtdienst";"Voorbereiding van een geplande synthetische handeling";"Cliënt";"";"";"Synthetische hoofdlocatie 017";"30-05-2026, 15:46:37";"Niet geactiveerd";"NIET_GEACTIVEERD; ONVOLLEDIG_CLIENTDOEL";"";""
"358";"Basis";"Synthetische medewerker 204";"SYN-M-0204";"Synthetisch testteam met lange naam";"Verpleegkundige testfunctie";"Acute ondersteuning buiten het vaste team";"Cliënt";"Synthetische cliënt 0291";"SYN-C-00291";"Synthetische hoofdlocatie 017";"31-05-2026, 22:22:39";"31-05-2026, 22:24:39";"VEEL_MEDEWERKERS_CLIENT; VEEL_TEAMS_CLIENT";"";"2"
"1303";"Basis";"Synthetische medewerker 094";"SYN-M-0094";"Synthetisch team Oost";"Nachtdienst";"Synthetische reden voor geautomatiseerde layoutcontrole";"Cliënt";"Synthetische cliënt 0491";"SYN-C-00491";"Synthetische hoofdlocatie 017";"01-05-2026, 00:25:04";"01-05-2026, 00:25:04";"NACHT";"";"0"
"60";"Basis";"Synthetische medewerker 055";"SYN-M-0055";"Synthetisch team West";"Synthetische deskundigheid";"Ondersteuning tijdens avond- of nachtdienst";"Locatie";"Synthetische locatie 010";"SYN-L-0010";"Synthetische hoofdlocatie 010";"01-05-2026, 06:33:42";"01-05-2026, 08:17:42";"LATE_ACTIVATIE";"";"104"
"1842";"Basis";"Synthetische medewerker 066";"SYN-M-0066";"Synthetisch team Oost";"Nachtdienst";"Ondersteuning tijdens avond- of nachtdienst";"Locatie";"Synthetische locatie 033";"SYN-L-0033";"Synthetische hoofdlocatie 018";"01-05-2026, 07:58:53";"01-05-2026, 09:11:53";"LATE_ACTIVATIE";"";"73"
"77";"Basis";"Synthetische medewerker 216";"SYN-M-0216";"Synthetisch testteam met lange naam";"Verpleegkundige testfunctie";"Controle na overdracht van zorg";"Cliënt";"Synthetische cliënt 0409";"SYN-C-00409";"Synthetische hoofdlocatie 010";"01-05-2026, 08:10:07";"01-05-2026, 09:52:07";"LATE_ACTIVATIE";"";"102"
"1407";"Basis";"Synthetische medewerker 154";"SYN-M-0154";"Synthetisch team Oost";"Nachtdienst";"Synthetische reden voor geautomatiseerde layoutcontrole";"Cliënt";"Synthetische cliënt 0350";"SYN-C-00350";"Synthetische hoofdlocatie 001";"01-05-2026, 08:16:44";"Niet geactiveerd";"NIET_GEACTIVEERD";"";""
"1602";"Basis";"Synthetische medewerker 009";"SYN-M-0009";"Synthetisch team Noord";"Begeleiding";"Acute ondersteuning buiten het vaste team";"Locatie";"Synthetische locatie 032";"SYN-L-0032";"Synthetische hoofdlocatie 007";"01-05-2026, 08:36:08";"01-05-2026, 09:55:08";"LATE_ACTIVATIE";"";"79"
"1435";"Basis";"Synthetische medewerker 190";"SYN-M-0190";"Synthetisch team Oost";"Nachtdienst";"Controle na overdracht van zorg";"Cliënt";"Synthetische cliënt 0204";"SYN-C-00204";"Synthetische hoofdlocatie 005";"01-05-2026, 09:59:59";"01-05-2026, 11:51:59";"LATE_ACTIVATIE";"";"112"
"813";"Basis";"Synthetische medewerker 027";"SYN-M-0027";"Synthetisch team West";"Synthetische deskundigheid";"Synthetische reden voor geautomatiseerde layoutcontrole";"Cliënt";"Synthetische cliënt 0176";"SYN-C-00176";"Synthetische hoofdlocatie 002";"01-05-2026, 10:48:34";"01-05-2026, 11:25:34";"LATE_ACTIVATIE";"";"37"
"924";"Basis";"Synthetische medewerker 101";"SYN-M-0101";"Synthetisch team Noord";"Begeleiding";"Ondersteuning tijdens avond- of nachtdienst";"Cliënt";"Synthetische cliënt 0003";"SYN-C-00003";"Synthetische hoofdlocatie 004";"01-05-2026, 11:10:34";"Niet geactiveerd";"NIET_GEACTIVEERD";"";""
"46";"Basis";"Synthetische medewerker 061";"SYN-M-0061";"Synthetisch team Noord";"Begeleiding";"Tijdelijke vervanging binnen het testrooster";"Cliënt";"Synthetische cliënt 0145";"SYN-C-00145";"Synthetische hoofdlocatie 021";"01-05-2026, 11:30:27";"Niet geactiveerd";"NIET_GEACTIVEERD";"";""
"875";"Basis";"Synthetische medewerker 207";"SYN-M-0207";"Synthetisch team West";"Synthetische deskundigheid";"Controle na overdracht van zorg";"Cliënt";"Synthetische cliënt 0312";"SYN-C-00312";"Synthetische hoofdlocatie 013";"01-05-2026, 11:32:16";"01-05-2026, 12:40:16";"LATE_ACTIVATIE";"";"68"
"604";"Basis";"Synthetische medewerker 025";"SYN-M-0025";"Synthetisch team Noord";"Begeleiding";"Controle na overdracht van zorg";"Locatie";"Synthetische locatie 024";"SYN-L-0024";"Synthetische hoofdlocatie 024";"01-05-2026, 11:39:35";"01-05-2026, 13:05:35";"LATE_ACTIVATIE";"";"86"
"1405";"Basis";"Synthetische medewerker 114";"SYN-M-0114";"Synthetisch team Oost";"Nachtdienst";"Ondersteuning tijdens avond- of nachtdienst";"Cliënt";"Synthetische cliënt 0235";"SYN-C-00235";"Synthetische hoofdlocatie 011";"01-05-2026, 12:55:07";"01-05-2026, 12:50:07";"ONGELDIGE_ACTIVATIE";"";"-5"
"1294";"Basis";"Synthetische medewerker 055";"SYN-M-0055";"Synthetisch team West";"Synthetische deskundigheid";"Controle na overdracht van zorg";"Cliënt";"Synthetische cliënt 0407";"SYN-C-00407";"Synthetische hoofdlocatie 008";"01-05-2026, 13:28:27";"01-05-2026, 13:17:27";"ONGELDIGE_ACTIVATIE";"";"-11"
"1576";"Basis";"Synthetische medewerker 234";"SYN-M-0234";"Synthetisch team Oost";"Nachtdienst";"Voorbereiding van een geplande synthetische handeling";"Locatie";"Synthetische locatie 040";"SYN-L-0040";"Synthetische hoofdlocatie 005";"01-05-2026, 13:56:06";"01-05-2026, 15:37:06";"LATE_ACTIVATIE";"";"101"
"163";"Basis";"Synthetische medewerker 134";"SYN-M-0134";"Synthetisch team Oost";"Nachtdienst";"Synthetische reden voor geautomatiseerde layoutcontrole";"Cliënt";"Synthetische cliënt 0594";"SYN-C-00594";"Synthetische hoofdlocatie 020";"01-05-2026, 14:07:05";"01-05-2026, 15:41:05";"LATE_ACTIVATIE";"";"94"
"762";"Basis";"Synthetische medewerker 230";"SYN-M-0230";"Synthetisch team Oost";"Nachtdienst";"Controle na overdracht van zorg";"Cliënt";"Synthetische cliënt 0409";"SYN-C-00409";"Synthetische hoofdlocatie 010";"01-05-2026, 15:31:48";"01-05-2026, 17:01:48";"LATE_ACTIVATIE";"";"90"
"1162";"Basis";"Synthetische medewerker 064";"SYN-M-0064";"Synthetisch testteam met lange naam";"Verpleegkundige testfunctie";"Acute ondersteuning buiten het vaste team";"Cliënt";"Synthetische cliënt 0338";"SYN-C-00338";"Synthetische hoofdlocatie 014";"01-05-2026, 16:19:48";"01-05-2026, 18:06:48";"LATE_ACTIVATIE";"";"107"
"1957";"Basis";"Synthetische medewerker 087";"SYN-M-0087";"Synthetisch team West";"Synthetische deskundigheid";"Controle na overdracht van zorg";"Cliënt";"Synthetische cliënt 0541";"SYN-C-00541";"Synthetische hoofdlocatie 017";"01-05-2026, 20:41:15";"01-05-2026, 20:58:15";"LATE_ACTIVATIE";"";"17"
"1529";"Basis";"Synthetische medewerker 245";"SYN-M-0245";"Synthetisch team Noord";"Begeleiding";"Tijdelijke vervanging binnen het testrooster";"Cliënt";"Synthetische cliënt 0203";"SYN-C-00203";"Synthetische hoofdlocatie 004";"01-05-2026, 21:15:24";"01-05-2026, 22:26:24";"LATE_ACTIVATIE";"";"71"
"239";"Basis";"Synthetische medewerker 210";"SYN-M-0210";"Synthetisch team Oost";"Nachtdienst";"Tijdelijke vervanging binnen het testrooster";"Locatie";"Synthetische locatie 012";"SYN-L-0012";"Synthetische hoofdlocatie 017";"01-05-2026, 21:29:21";"01-05-2026, 22:23:21";"LATE_ACTIVATIE";"";"54"
"329";"Basis";"Synthetische medewerker 078";"SYN-M-0078";"Synthetisch team Oost";"Nachtdienst";"Controle na overdracht van zorg";"Locatie";"Synthetische locatie 017";"SYN-L-0017";"Synthetische hoofdlocatie 012";"02-05-2026, 06:50:39";"02-05-2026, 08:28:39";"LATE_ACTIVATIE";"";"98"
"250";"Basis";"Synthetische medewerker 010";"SYN-M-0010";"Synthetisch team Oost";"Nachtdienst";"Synthetische reden voor geautomatiseerde layoutcontrole";"Cliënt";"Synthetische cliënt 0119";"SYN-C-00119";"Synthetische hoofdlocatie 020";"02-05-2026, 06:54:30";"02-05-2026, 08:38:30";"LATE_ACTIVATIE";"";"104"
"1697";"Basis";"Synthetische medewerker 063";"SYN-M-0063";"Synthetisch team West";"Synthetische deskundigheid";"Voorbereiding van een geplande synthetische handeling";"Cliënt";"Synthetische cliënt 0193";"SYN-C-00193";"Synthetische hoofdlocatie 019";"02-05-2026, 07:01:05";"Niet geactiveerd";"NIET_GEACTIVEERD";"";""
"130";"Basis";"Synthetische medewerker 057";"SYN-M-0057";"Synthetisch team Noord";"Begeleiding";"Ondersteuning tijdens avond- of nachtdienst";"Locatie";"Synthetische locatie 029";"SYN-L-0029";"Synthetische hoofdlocatie 004";"02-05-2026, 07:07:50";"02-05-2026, 07:14:50";"LATE_ACTIVATIE";"";"7"
"719";"Basis";"Synthetische medewerker 068";"SYN-M-0068";"Synthetisch testteam met lange naam";"Verpleegkundige testfunctie";"Synthetische reden voor geautomatiseerde layoutcontrole";"Locatie";"Synthetische locatie 032";"SYN-L-0032";"Synthetische hoofdlocatie 017";"02-05-2026, 08:34:04";"02-05-2026, 09:12:04";"LATE_ACTIVATIE";"";"38"
"1263";"Basis";"Synthetische medewerker 215";"SYN-M-0215";"Synthetisch team West";"Synthetische deskundigheid";"Ondersteuning tijdens avond- of nachtdienst";"Cliënt";"Synthetische cliënt 0564";"SYN-C-00564";"Synthetische hoofdlocatie 015";"02-05-2026, 09:02:41";"02-05-2026, 10:51:41";"LATE_ACTIVATIE";"";"109"
"336";"Basis";"Synthetische medewerker 129";"SYN-M-0129";"Synthetisch team Noord";"Begeleiding";"Acute ondersteuning buiten het vaste team";"Cliënt";"Synthetische cliënt 0312";"SYN-C-00312";"Synthetische hoofdlocatie 013";"02-05-2026, 09:10:00";"02-05-2026, 10:07:00";"LATE_ACTIVATIE";"";"57"
"1678";"Basis";"Synthetische medewerker 089";"SYN-M-0089";"Synthetisch team Noord";"Begeleiding";"Acute ondersteuning buiten het vaste team";"Cliënt";"Synthetische cliënt 0134";"SYN-C-00134";"Synthetische hoofdlocatie 010";"02-05-2026, 09:26:09";"02-05-2026, 11:25:09";"LATE_ACTIVATIE";"";"119"
"1120";"Basis";"Synthetische medewerker 030";"SYN-M-0030";"Synthetisch team Oost";"Nachtdienst";"Tijdelijke vervanging binnen het testrooster";"Cliënt";"Synthetische cliënt 0424";"SYN-C-00424";"Synthetische hoofdlocatie 025";"02-05-2026, 11:07:53";"02-05-2026, 11:19:53";"LATE_ACTIVATIE";"";"12"
"637";"Basis";"Synthetische medewerker 183";"SYN-M-0183";"Synthetisch team West";"Synthetische deskundigheid";"Voorbereiding van een geplande synthetische handeling";"Cliënt";"Synthetische cliënt 0408";"SYN-C-00408";"Synthetische hoofdlocatie 009";"02-05-2026, 11:39:25";"02-05-2026, 12:11:25";"LATE_ACTIVATIE";"";"32"
"1859";"Basis";"Synthetische medewerker 013";"SYN-M-0013";"Synthetisch team Noord";"Begeleiding";"Acute ondersteuning buiten het vaste team";"Cliënt";"Synthetische cliënt 0250";"SYN-C-00250";"Synthetische hoofdlocatie 001";"02-05-2026, 12:18:07";"02-05-2026, 13:05:07";"LATE_ACTIVATIE";"";"47"
"1342";"Basis";"Synthetische medewerker 133";"SYN-M-0133";"Synthetisch team Noord";"Begeleiding";"Ondersteuning tijdens avond- of nachtdienst";"Cliënt";"Synthetische cliënt 0420";"SYN-C-00420";"Synthetische hoofdlocatie 021";"02-05-2026, 13:40:22";"02-05-2026, 14:20:22";"LATE_ACTIVATIE";"";"40"
"976";"Basis";"Synthetische medewerker 126";"SYN-M-0126";"Synthetisch team Oost";"Nachtdienst";"Ondersteuning tijdens avond- of nachtdienst";"Locatie";"Synthetische locatie 007";"SYN-L-0007";"Synthetische hoofdlocatie 002";"02-05-2026, 13:59:12";"Niet geactiveerd";"NIET_GEACTIVEERD";"";""
"1007";"Basis";"Synthetische medewerker 239";"SYN-M-0239";"Synthetisch team West";"Synthetische deskundigheid";"Voorbereiding van een geplande synthetische handeling";"Cliënt";"Synthetische cliënt 0447";"SYN-C-00447";"Synthetische hoofdlocatie 023";"02-05-2026, 16:15:40";"Niet geactiveerd";"NIET_GEACTIVEERD";"";""
"610";"Basis";"Synthetische medewerker 065";"SYN-M-0065";"Synthetisch team Noord";"Begeleiding";"Voorbereiding van een geplande synthetische handeling";"Cliënt";"Synthetische cliënt 0464";"SYN-C-00464";"Synthetische hoofdlocatie 015";"02-05-2026, 16:50:35";"02-05-2026, 17:57:35";"LATE_ACTIVATIE";"";"67"
"1834";"Basis";"Synthetische medewerker 173";"SYN-M-0173";"Synthetisch team Noord";"Begeleiding";"Acute ondersteuning buiten het vaste team";"Locatie";"Synthetische locatie 026";"SYN-L-0026";"Synthetische hoofdlocatie 021";"02-05-2026, 16:56:33";"Niet geactiveerd";"NIET_GEACTIVEERD";"";""
"930";"Basis";"Synthetische medewerker 120";"SYN-M-0120";"Synthetisch testteam met lange naam";"Verpleegkundige testfunctie";"Acute ondersteuning buiten het vaste team";"Cliënt";"Synthetische cliënt 0537";"SYN-C-00537";"Synthetische hoofdlocatie 013";"02-05-2026, 16:58:16";"Niet geactiveerd";"NIET_GEACTIVEERD";"";""
"735";"Basis";"Synthetische medewerker 136";"SYN-M-0136";"Synthetisch testteam met lange naam";"Verpleegkundige testfunctie";"Tijdelijke vervanging binnen het testrooster";"Cliënt";"Synthetische cliënt 0008";"SYN-C-00008";"Synthetische hoofdlocatie 009";"02-05-2026, 17:04:29";"02-05-2026, 18:40:29";"LATE_ACTIVATIE";"";"96"
"1484";"Basis";"Synthetische medewerker 016";"SYN-M-0016";"Synthetisch testteam met lange naam";"Verpleegkundige testfunctie";"Acute ondersteuning buiten het vaste team";"Cliënt";"Synthetische cliënt 0026";"SYN-C-00026";"Synthetische hoofdlocatie 002";"02-05-2026, 18:26:12";"02-05-2026, 19:44:12";"LATE_ACTIVATIE";"";"78"
"360";"Basis";"Synthetische medewerker 096";"SYN-M-0096";"Synthetisch testteam met lange naam";"Verpleegkundige testfunctie";"Ondersteuning tijdens avond- of nachtdienst";"Cliënt";"Synthetische cliënt 0500";"SYN-C-00500";"Synthetische hoofdlocatie 001";"02-05-2026, 19:00:36";"Niet geactiveerd";"NIET_GEACTIVEERD";"";""
"1725";"Basis";"Synthetische medewerker 134";"SYN-M-0134";"Synthetisch team Oost";"Nachtdienst";"Ondersteuning tijdens avond- of nachtdienst";"Locatie";"Synthetische locatie 029";"SYN-L-0029";"Synthetische hoofdlocatie 019";"02-05-2026, 21:06:46";"02-05-2026, 21:25:46";"LATE_ACTIVATIE";"";"19"
"1227";"Basis";"Synthetische medewerker 021";"SYN-M-0021";"Synthetisch team Noord";"Begeleiding";"Ondersteuning tijdens avond- of nachtdienst";"Locatie";"Synthetische locatie 022";"SYN-L-0022";"Synthetische hoofdlocatie 007";"02-05-2026, 22:18:45";"02-05-2026, 23:15:45";"LATE_ACTIVATIE";"";"57"
"68";"Basis";"Synthetische medewerker 148";"SYN-M-0148";"Synthetisch testteam met lange naam";"Verpleegkundige testfunctie";"Voorbereiding van een geplande synthetische handeling";"Cliënt";"Synthetische cliënt 0391";"SYN-C-00391";"Synthetische hoofdlocatie 017";"02-05-2026, 22:34:33";"02-05-2026, 22:55:33";"LATE_ACTIVATIE";"";"21"
"921";"Basis";"Synthetische medewerker 157";"SYN-M-0157";"Synthetisch team Noord";"Begeleiding";"Tijdelijke vervanging binnen het testrooster";"Locatie";"Synthetische locatie 016";"SYN-L-0016";"Synthetische hoofdlocatie 001";"02-05-2026, 22:57:05";"Niet geactiveerd";"NIET_GEACTIVEERD";"";""
"752";"Basis";"Synthetische medewerker 052";"SYN-M-0052";"Synthetisch testteam met lange naam";"Verpleegkundige testfunctie";"Synthetische reden voor geautomatiseerde layoutcontrole";"Cliënt";"Synthetische cliënt 0407";"SYN-C-00407";"Synthetische hoofdlocatie 008";"02-05-2026, 22:59:03";"02-05-2026, 23:25:03";"LATE_ACTIVATIE";"";"26"
"1544";"Basis";"Synthetische medewerker 182";"SYN-M-0182";"Synthetisch team Oost";"Nachtdienst";"Ondersteuning tijdens avond- of nachtdienst";"Cliënt";"Synthetische cliënt 0580";"SYN-C-00580";"Synthetische hoofdlocatie 006";"03-05-2026, 08:45:39";"Niet geactiveerd";"NIET_GEACTIVEERD";"";""
"1039";"Basis";"Synthetische medewerker 232";"SYN-M-0232";"Synthetisch testteam met lange naam";"Verpleegkundige testfunctie";"Synthetische reden voor geautomatiseerde layoutcontrole";"Locatie";"Synthetische locatie 027";"SYN-L-0027";"Synthetische hoofdlocatie 007";"03-05-2026, 09:09:23";"03-05-2026, 09:41:23";"LATE_ACTIVATIE";"";"32"
"909";"Basis";"Synthetische medewerker 163";"SYN-M-0163";"Synthetisch team West";"Synthetische deskundigheid";"Controle na overdracht van zorg";"Cliënt";"Synthetische cliënt 0177";"SYN-C-00177";"Synthetische hoofdlocatie 003";"03-05-2026, 09:31:08";"03-05-2026, 11:24:08";"LATE_ACTIVATIE";"";"113"
"672";"Basis";"Synthetische medewerker 214";"SYN-M-0214";"Synthetisch team Oost";"Nachtdienst";"Ondersteuning tijdens avond- of nachtdienst";"Cliënt";"Synthetische cliënt 0196";"SYN-C-00196";"Synthetische hoofdlocatie 022";"03-05-2026, 12:28:23";"03-05-2026, 12:18:23";"ONGELDIGE_ACTIVATIE";"";"-10"
"1064";"Basis";"Synthetische medewerker 060";"SYN-M-0060";"Synthetisch testteam met lange naam";"Verpleegkundige testfunctie";"Synthetische reden voor geautomatiseerde layoutcontrole";"Locatie";"Synthetische locatie 003";"SYN-L-0003";"Synthetische hoofdlocatie 018";"03-05-2026, 12:45:49";"Niet geactiveerd";"NIET_GEACTIVEERD";"";""
"1799";"Basis";"Synthetische medewerker 094";"SYN-M-0094";"Synthetisch team Oost";"Nachtdienst";"Acute ondersteuning buiten het vaste team";"Cliënt";"Synthetische cliënt 0257";"SYN-C-00257";"Synthetische hoofdlocatie 008";"03-05-2026, 13:06:31";"03-05-2026, 14:25:31";"LATE_ACTIVATIE";"";"79"
"1168";"Basis";"Synthetische medewerker 020";"SYN-M-0020";"Synthetisch testteam met lange naam";"Verpleegkundige testfunctie";"Synthetische reden voor geautomatiseerde layoutcontrole";"Cliënt";"Synthetische cliënt 0247";"SYN-C-00247";"Synthetische hoofdlocatie 023";"03-05-2026, 14:10:25";"03-05-2026, 15:41:25";"LATE_ACTIVATIE";"";"91"
"1731";"Basis";"Synthetische medewerker 249";"SYN-M-0249";"Synthetisch team Noord";"Begeleiding";"Tijdelijke vervanging binnen het testrooster";"Cliënt";"Synthetische cliënt 0015";"SYN-C-00015";"Synthetische hoofdlocatie 016";"03-05-2026, 14:42:00";"Niet geactiveerd";"NIET_GEACTIVEERD";"";""
"1093";"Basis";"Synthetische medewerker 137";"SYN-M-0137";"Synthetisch team Noord";"Begeleiding";"Controle na overdracht van zorg";"Cliënt";"Synthetische cliënt 0203";"SYN-C-00203";"Synthetische hoofdlocatie 004";"03-05-2026, 14:50:04";"03-05-2026, 15:58:04";"LATE_ACTIVATIE";"";"68"
"764";"Basis";"Synthetische medewerker 072";"SYN-M-0072";"Synthetisch testteam met lange naam";"Verpleegkundige testfunctie";"Voorbereiding van een geplande synthetische handeling";"Cliënt";"Synthetische cliënt 0438";"SYN-C-00438";"Synthetische hoofdlocatie 014";"03-05-2026, 14:56:13";"03-05-2026, 16:01:13";"LATE_ACTIVATIE";"";"65"
"705";"Basis";"Synthetische medewerker 069";"SYN-M-0069";"Synthetisch team Noord";"Begeleiding";"Voorbereiding van een geplande synthetische handeling";"Cliënt";"Synthetische cliënt 0544";"SYN-C-00544";"Synthetische hoofdlocatie 020";"03-05-2026, 15:29:23";"03-05-2026, 16:58:23";"LATE_ACTIVATIE";"";"89"
"1609";"Basis";"Synthetische medewerker 146";"SYN-M-0146";"Synthetisch team Oost";"Nachtdienst";"Voorbereiding van een geplande synthetische handeling";"Cliënt";"Synthetische cliënt 0425";"SYN-C-00425";"Synthetische hoofdlocatie 001";"03-05-2026, 15:46:07";"Niet geactiveerd";"NIET_GEACTIVEERD";"";""
"122";"Basis";"Synthetische medewerker 204";"SYN-M-0204";"Synthetisch testteam met lange naam";"Verpleegkundige testfunctie";"Ondersteuning tijdens avond- of nachtdienst";"Cliënt";"Synthetische cliënt 0430";"SYN-C-00430";"Synthetische hoofdlocatie 006";"03-05-2026, 16:54:23";"03-05-2026, 17:07:23";"LATE_ACTIVATIE";"";"13"
"1318";"Basis";"Synthetische medewerker 038";"SYN-M-0038";"Synthetisch team Oost";"Nachtdienst";"Synthetische reden voor geautomatiseerde layoutcontrole";"Locatie";"Synthetische locatie 019";"SYN-L-0019";"Synthetische hoofdlocatie 004";"03-05-2026, 16:57:05";"03-05-2026, 17:59:05";"LATE_ACTIVATIE";"";"62"
"1746";"Basis";"Synthetische medewerker 144";"SYN-M-0144";"Synthetisch testteam met lange naam";"Verpleegkundige testfunctie";"Acute ondersteuning buiten het vaste team";"Cliënt";"Synthetische cliënt 0223";"SYN-C-00223";"Synthetische hoofdlocatie 024";"03-05-2026, 16:59:29";"Niet geactiveerd";"NIET_GEACTIVEERD";"";""
"296";"Basis";"Synthetische medewerker 071";"SYN-M-0071";"Synthetisch team West";"Synthetische deskundigheid";"Acute ondersteuning buiten het vaste team";"Cliënt";"Synthetische cliënt 0478";"SYN-C-00478";"Synthetische hoofdlocatie 004";"03-05-2026, 20:49:46";"03-05-2026, 22:31:46";"LATE_ACTIVATIE";"";"102"
"426";"Basis";"Synthetische medewerker 073";"SYN-M-0073";"Synthetisch team Noord";"Begeleiding";"Voorbereiding van een geplande synthetische handeling";"Locatie";"Synthetische locatie 021";"SYN-L-0021";"Synthetische hoofdlocatie 001";"03-05-2026, 21:02:59";"Niet geactiveerd";"NIET_GEACTIVEERD";"";""
"1720";"Basis";"Synthetische medewerker 141";"SYN-M-0141";"Synthetisch team Noord";"Begeleiding";"Controle na overdracht van zorg";"Cliënt";"Synthetische cliënt 0281";"SYN-C-00281";"Synthetische hoofdlocatie 007";"03-05-2026, 21:52:03";"03-05-2026, 22:17:03";"LATE_ACTIVATIE";"";"25"
"808";"Basis";"Synthetische medewerker 247";"SYN-M-0247";"Synthetisch team West";"Synthetische deskundigheid";"Acute ondersteuning buiten het vaste team";"Cliënt";"Synthetische cliënt 0071";"SYN-C-00071";"Synthetische hoofdlocatie 022";"03-05-2026, 22:33:35";"04-05-2026, 00:23:35";"LATE_ACTIVATIE";"";"110"
"310";"Basis";"Synthetische medewerker 076";"SYN-M-0076";"Synthetisch testteam met lange naam";"Verpleegkundige testfunctie";"Synthetische reden voor geautomatiseerde layoutcontrole";"Cliënt";"Synthetische cliënt 0284";"SYN-C-00284";"Synthetische hoofdlocatie 010";"04-05-2026, 06:07:38";"04-05-2026, 06:13:38";"LATE_ACTIVATIE";"";"6"
"192";"Basis";"Synthetische medewerker 012";"SYN-M-0012";"Synthetisch testteam met lange naam";"Verpleegkundige testfunctie";"Voorbereiding van een geplande synthetische handeling";"Cliënt";"Synthetische cliënt 0347";"SYN-C-00347";"Synthetische hoofdlocatie 023";"04-05-2026, 06:13:54";"04-05-2026, 07:38:54";"LATE_ACTIVATIE";"";"85"
"292";"Basis";"Synthetische medewerker 123";"SYN-M-0123";"Synthetisch team West";"Synthetische deskundigheid";"Ondersteuning tijdens avond- of nachtdienst";"Cliënt";"Synthetische cliënt 0216";"SYN-C-00216";"Synthetische hoofdlocatie 017";"04-05-2026, 08:54:01";"04-05-2026, 09:54:01";"LATE_ACTIVATIE";"";"60"
"1161";"Basis";"Synthetische medewerker 246";"SYN-M-0246";"Synthetisch team Oost";"Nachtdienst";"Voorbereiding van een geplande synthetische handeling";"Cliënt";"Synthetische cliënt 0077";"SYN-C-00077";"Synthetische hoofdlocatie 003";"04-05-2026, 10:27:16";"04-05-2026, 12:07:16";"LATE_ACTIVATIE";"";"100"
"1611";"Basis";"Synthetische medewerker 057";"SYN-M-0057";"Synthetisch team Noord";"Begeleiding";"Voorbereiding van een geplande synthetische handeling";"Cliënt";"Synthetische cliënt 0072";"SYN-C-00072";"Synthetische hoofdlocatie 023";"04-05-2026, 10:50:20";"04-05-2026, 12:35:20";"LATE_ACTIVATIE";"";"105"
"1835";"Basis";"Synthetische medewerker 068";"SYN-M-0068";"Synthetisch testteam met lange naam";"Verpleegkundige testfunctie";"Controle na overdracht van zorg";"Cliënt";"Synthetische cliënt 0006";"SYN-C-00006";"Synthetische hoofdlocatie 007";"04-05-2026, 12:33:07";"04-05-2026, 13:29:07";"LATE_ACTIVATIE";"";"56"
"1612";"Basis";"Synthetische medewerker 173";"SYN-M-0173";"Synthetisch team Noord";"Begeleiding";"Synthetische reden voor geautomatiseerde layoutcontrole";"Locatie";"Synthetische locatie 023";"SYN-L-0023";"Synthetische hoofdlocatie 013";"04-05-2026, 12:50:48";"Niet geactiveerd";"NIET_GEACTIVEERD";"";""
"1864";"Basis";"Synthetische medewerker 231";"SYN-M-0231";"Synthetisch team West";"Synthetische deskundigheid";"Tijdelijke vervanging binnen het testrooster";"Cliënt";"Synthetische cliënt 0061";"SYN-C-00061";"Synthetische hoofdlocatie 012";"04-05-2026, 13:43:46";"04-05-2026, 14:38:46";"LATE_ACTIVATIE";"";"55"
"1801";"Basis";"Synthetische medewerker 170";"SYN-M-0170";"Synthetisch team Oost";"Nachtdienst";"Acute ondersteuning buiten het vaste team";"Cliënt";"Synthetische cliënt 0315";"SYN-C-00315";"Synthetische hoofdlocatie 016";"04-05-2026, 14:01:18";"04-05-2026, 14:18:18";"LATE_ACTIVATIE";"";"17"
"279";"Basis";"Synthetische medewerker 067";"SYN-M-0067";"Synthetisch team West";"Synthetische deskundigheid";"Ondersteuning tijdens avond- of nachtdienst";"Cliënt";"Synthetische cliënt 0537";"SYN-C-00537";"Synthetische hoofdlocatie 013";"04-05-2026, 14:08:18";"Niet geactiveerd";"NIET_GEACTIVEERD";"";""
"141";"Basis";"Synthetische medewerker 083";"SYN-M-0083";"Synthetisch team West";"Synthetische deskundigheid";"Acute ondersteuning buiten het vaste team";"Cliënt";"Synthetische cliënt 0221";"SYN-C-00221";"Synthetische hoofdlocatie 022";"04-05-2026, 15:01:49";"04-05-2026, 16:42:49";"LATE_ACTIVATIE";"";"101"
"1947";"Basis";"Synthetische medewerker 035";"SYN-M-0035";"Synthetisch team West";"Synthetische deskundigheid";"Synthetische reden voor geautomatiseerde layoutcontrole";"Cliënt";"Synthetische cliënt 0224";"SYN-C-00224";"Synthetische hoofdlocatie 025";"04-05-2026, 16:36:55";"04-05-2026, 16:48:55";"LATE_ACTIVATIE";"";"12"
"1276";"Basis";"Synthetische medewerker 223";"SYN-M-0223";"Synthetisch team West";"Synthetische deskundigheid";"Synthetische reden voor geautomatiseerde layoutcontrole";"Cliënt";"Synthetische cliënt 0360";"SYN-C-00360";"Synthetische hoofdlocatie 011";"04-05-2026, 20:42:46";"04-05-2026, 22:23:46";"LATE_ACTIVATIE";"";"101"
"1663";"Basis";"Synthetische medewerker 089";"SYN-M-0089";"Synthetisch team Noord";"Begeleiding";"Synthetische reden voor geautomatiseerde layoutcontrole";"Cliënt";"Synthetische cliënt 0515";"SYN-C-00515";"Synthetische hoofdlocatie 016";"05-05-2026, 06:50:59";"05-05-2026, 07:22:59";"LATE_ACTIVATIE";"";"32"
"911";"Basis";"Synthetische medewerker 163";"SYN-M-0163";"Synthetisch team West";"Synthetische deskundigheid";"Controle na overdracht van zorg";"Cliënt";"Synthetische cliënt 0116";"SYN-C-00116";"Synthetische hoofdlocatie 017";"05-05-2026, 07:59:36";"05-05-2026, 09:21:36";"LATE_ACTIVATIE";"";"82"
"1308";"Basis";"Synthetische medewerker 016";"SYN-M-0016";"Synthetisch testteam met lange naam";"Verpleegkundige testfunctie";"Synthetische reden voor geautomatiseerde layoutcontrole";"Cliënt";"Synthetische cliënt 0329";"SYN-C-00329";"Synthetische hoofdlocatie 005";"05-05-2026, 08:35:49";"05-05-2026, 10:11:49";"LATE_ACTIVATIE";"";"96"
"153";"Basis";"Synthetische medewerker 021";"SYN-M-0021";"Synthetisch team Noord";"Begeleiding";"Synthetische reden voor geautomatiseerde layoutcontrole";"Locatie";"Synthetische locatie 022";"SYN-L-0022";"Synthetische hoofdlocatie 002";"05-05-2026, 08:46:22";"05-05-2026, 08:51:22";"LATE_ACTIVATIE";"";"5"
"100";"Basis";"Synthetische medewerker 186";"SYN-M-0186";"Synthetisch team Oost";"Nachtdienst";"Acute ondersteuning buiten het vaste team";"Cliënt";"Synthetische cliënt 0351";"SYN-C-00351";"Synthetische hoofdlocatie 002";"05-05-2026, 09:09:44";"05-05-2026, 09:26:44";"LATE_ACTIVATIE";"";"17"
"1726";"Basis";"Synthetische medewerker 104";"SYN-M-0104";"Synthetisch testteam met lange naam";"Verpleegkundige testfunctie";"Voorbereiding van een geplande synthetische handeling";"Cliënt";"Synthetische cliënt 0144";"SYN-C-00144";"Synthetische hoofdlocatie 020";"05-05-2026, 09:18:12";"05-05-2026, 09:25:12";"LATE_ACTIVATIE";"";"7"
"1927";"Basis";"Synthetische medewerker 238";"SYN-M-0238";"Synthetisch team Oost";"Nachtdienst";"Voorbereiding van een geplande synthetische handeling";"Cliënt";"Synthetische cliënt 0310";"SYN-C-00310";"Synthetische hoofdlocatie 011";"05-05-2026, 10:01:06";"05-05-2026, 11:50:06";"LATE_ACTIVATIE";"";"109"
"1461";"Basis";"Synthetische medewerker 079";"SYN-M-0079";"Synthetisch team West";"Synthetische deskundigheid";"Voorbereiding van een geplande synthetische handeling";"Cliënt";"Synthetische cliënt 0600";"SYN-C-00600";"Synthetische hoofdlocatie 001";"05-05-2026, 10:14:57";"05-05-2026, 10:43:57";"LATE_ACTIVATIE";"";"29"
"33";"Basis";"Synthetische medewerker 061";"SYN-M-0061";"Synthetisch team Noord";"Begeleiding";"Synthetische reden voor geautomatiseerde layoutcontrole";"Cliënt";"Synthetische cliënt 0455";"SYN-C-00455";"Synthetische hoofdlocatie 006";"05-05-2026, 11:58:53";"05-05-2026, 13:32:53";"LATE_ACTIVATIE";"";"94"
"1937";"Basis";"Synthetische medewerker 076";"SYN-M-0076";"Synthetisch testteam met lange naam";"Verpleegkundige testfunctie";"Acute ondersteuning buiten het vaste team";"Locatie";"Synthetische locatie 019";"SYN-L-0019";"Synthetische hoofdlocatie 009";"05-05-2026, 13:52:02";"05-05-2026, 15:38:02";"LATE_ACTIVATIE";"";"106"
"712";"Basis";"Synthetische medewerker 119";"SYN-M-0119";"Synthetisch team West";"Synthetische deskundigheid";"Controle na overdracht van zorg";"Cliënt";"Synthetische cliënt 0029";"SYN-C-00029";"Synthetische hoofdlocatie 005";"05-05-2026, 14:44:09";"05-05-2026, 15:39:09";"LATE_ACTIVATIE";"";"55"
"166";"Basis";"Synthetische medewerker 054";"SYN-M-0054";"Synthetisch team Oost";"Nachtdienst";"Ondersteuning tijdens avond- of nachtdienst";"Cliënt";"Synthetische cliënt 0494";"SYN-C-00494";"Synthetische hoofdlocatie 020";"05-05-2026, 15:16:16";"Niet geactiveerd";"NIET_GEACTIVEERD";"";""
"1343";"Basis";"Synthetische medewerker 072";"SYN-M-0072";"Synthetisch testteam met lange naam";"Verpleegkundige testfunctie";"Acute ondersteuning buiten het vaste team";"Cliënt";"Synthetische cliënt 0377";"SYN-C-00377";"Synthetische hoofdlocatie 003";"05-05-2026, 17:01:46";"05-05-2026, 18:39:46";"LATE_ACTIVATIE";"";"98"
"758";"Basis";"Synthetische medewerker 214";"SYN-M-0214";"Synthetisch team Oost";"Nachtdienst";"Synthetische reden voor geautomatiseerde layoutcontrole";"Cliënt";"Synthetische cliënt 0499";"SYN-C-00499";"Synthetische hoofdlocatie 025";"05-05-2026, 17:56:49";"Niet geactiveerd";"NIET_GEACTIVEERD";"";""
"1476";"Basis";"Synthetische medewerker 104";"SYN-M-0104";"Synthetisch testteam met lange naam";"Verpleegkundige testfunctie";"Acute ondersteuning buiten het vaste team";"Locatie";"Synthetische locatie 024";"SYN-L-0024";"Synthetische hoofdlocatie 024";"05-05-2026, 20:01:18";"05-05-2026, 20:34:18";"LATE_ACTIVATIE";"";"33"
"224";"Basis";"Synthetische medewerker 239";"SYN-M-0239";"Synthetisch team West";"Synthetische deskundigheid";"Voorbereiding van een geplande synthetische handeling";"Locatie";"Synthetische locatie 039";"SYN-L-0039";"Synthetische hoofdlocatie 014";"05-05-2026, 21:11:51";"05-05-2026, 22:16:51";"LATE_ACTIVATIE";"";"65"
"623";"Basis";"Synthetische medewerker 133";"SYN-M-0133";"Synthetisch team Noord";"Begeleiding";"Controle na overdracht van zorg";"Cliënt";"Synthetische cliënt 0151";"SYN-C-00151";"Synthetische hoofdlocatie 002";"05-05-2026, 21:50:29";"05-05-2026, 23:34:29";"LATE_ACTIVATIE";"";"104"
"1862";"Basis";"Synthetische medewerker 160";"SYN-M-0160";"Synthetisch testteam met lange naam";"Verpleegkundige testfunctie";"Tijdelijke vervanging binnen het testrooster";"Locatie";"Synthetische locatie 015";"SYN-L-0015";"Synthetische hoofdlocatie 020";"06-05-2026, 08:47:34";"Niet geactiveerd";"NIET_GEACTIVEERD";"";""
"190";"Basis";"Synthetische medewerker 149";"SYN-M-0149";"Synthetisch team Noord";"Begeleiding";"Acute ondersteuning buiten het vaste team";"Locatie";"Synthetische locatie 005";"SYN-L-0005";"Synthetische hoofdlocatie 025";"06-05-2026, 08:54:04";"06-05-2026, 09:49:04";"LATE_ACTIVATIE";"";"55"
"1108";"Basis";"Synthetische medewerker 079";"SYN-M-0079";"Synthetisch team West";"Synthetische deskundigheid";"Voorbereiding van een geplande synthetische handeling";"Cliënt";"Synthetische cliënt 0077";"SYN-C-00077";"Synthetische hoofdlocatie 003";"06-05-2026, 09:35:57";"06-05-2026, 11:23:57";"LATE_ACTIVATIE";"";"108"
"1914";"Basis";"Synthetische medewerker 225";"SYN-M-0225";"Synthetisch team Noord";"Begeleiding";"Tijdelijke vervanging binnen het testrooster";"Locatie";"Synthetische locatie 011";"SYN-L-0011";"Synthetische hoofdlocatie 021";"06-05-2026, 11:56:24";"06-05-2026, 12:44:24";"LATE_ACTIVATIE";"";"48"
"1503";"Basis";"Synthetische medewerker 047";"SYN-M-0047";"Synthetisch team West";"Synthetische deskundigheid";"Voorbereiding van een geplande synthetische handeling";"Cliënt";"Synthetische cliënt 0460";"SYN-C-00460";"Synthetische hoofdlocatie 011";"06-05-2026, 12:45:43";"06-05-2026, 13:31:43";"LATE_ACTIVATIE";"";"46"
"1258";"Basis";"Synthetische medewerker 200";"SYN-M-0200";"Synthetisch testteam met lange naam";"Verpleegkundige testfunctie";"Controle na overdracht van zorg";"Cliënt";"Synthetische cliënt 0327";"SYN-C-00327";"Synthetische hoofdlocatie 003";"06-05-2026, 14:11:00";"06-05-2026, 14:58:00";"LATE_ACTIVATIE";"";"47"
"611";"Basis";"Synthetische medewerker 133";"SYN-M-0133";"Synthetisch team Noord";"Begeleiding";"Ondersteuning tijdens avond- of nachtdienst";"Cliënt";"Synthetische cliënt 0143";"SYN-C-00143";"Synthetische hoofdlocatie 019";"06-05-2026, 14:33:07";"06-05-2026, 16:14:07";"LATE_ACTIVATIE";"";"101"
"1766";"Basis";"Synthetische medewerker 062";"SYN-M-0062";"Synthetisch team Oost";"Nachtdienst";"Ondersteuning tijdens avond- of nachtdienst";"Cliënt";"Synthetische cliënt 0520";"SYN-C-00520";"Synthetische hoofdlocatie 021";"06-05-2026, 18:29:44";"06-05-2026, 19:37:44";"LATE_ACTIVATIE";"";"68"
"1389";"Basis";"Synthetische medewerker 067";"SYN-M-0067";"Synthetisch team West";"Synthetische deskundigheid";"Tijdelijke vervanging binnen het testrooster";"Locatie";"Synthetische locatie 002";"SYN-L-0002";"Synthetische hoofdlocatie 002";"06-05-2026, 18:50:11";"Niet geactiveerd";"NIET_GEACTIVEERD";"";""
"1818";"Basis";"Synthetische medewerker 065";"SYN-M-0065";"Synthetisch team Noord";"Begeleiding";"Synthetische reden voor geautomatiseerde layoutcontrole";"Locatie";"Synthetische locatie 038";"SYN-L-0038";"Synthetische hoofdlocatie 013";"06-05-2026, 19:58:18";"06-05-2026, 21:44:18";"LATE_ACTIVATIE";"";"106"
"536";"Basis";"Synthetische medewerker 159";"SYN-M-0159";"Synthetisch team West";"Synthetische deskundigheid";"Acute ondersteuning buiten het vaste team";"Locatie";"Synthetische locatie 025";"SYN-L-0025";"Synthetische hoofdlocatie 015";"06-05-2026, 20:44:10";"Niet geactiveerd";"NIET_GEACTIVEERD";"";""
"1336";"Basis";"Synthetische medewerker 075";"SYN-M-0075";"Synthetisch team West";"Synthetische deskundigheid";"Controle na overdracht van zorg";"Cliënt";"Synthetische cliënt 0097";"SYN-C-00097";"Synthetische hoofdlocatie 023";"06-05-2026, 21:30:23";"06-05-2026, 21:39:23";"LATE_ACTIVATIE";"";"9"
"370";"Basis";"Synthetische medewerker 079";"SYN-M-0079";"Synthetisch team West";"Synthetische deskundigheid";"Voorbereiding van een geplande synthetische handeling";"Cliënt";"Synthetische cliënt 0002";"SYN-C-00002";"Synthetische hoofdlocatie 003";"06-05-2026, 21:33:11";"Niet geactiveerd";"NIET_GEACTIVEERD";"";""
"863";"Basis";"Synthetische medewerker 219";"SYN-M-0219";"Synthetisch team West";"Synthetische deskundigheid";"Tijdelijke vervanging binnen het testrooster";"Locatie";"Synthetische locatie 026";"SYN-L-0026";"Synthetische hoofdlocatie 016";"06-05-2026, 22:48:19";"06-05-2026, 23:41:19";"LATE_ACTIVATIE";"";"53"
"5";"Basis";"Synthetische medewerker 041";"SYN-M-0041";"Synthetisch team Noord";"Begeleiding";"Tijdelijke vervanging binnen het testrooster";"Cliënt";"Synthetische cliënt 0206";"SYN-C-00206";"Synthetische hoofdlocatie 007";"07-05-2026, 06:24:02";"07-05-2026, 08:20:02";"LATE_ACTIVATIE";"";"116"
"1253";"Basis";"Synthetische medewerker 173";"SYN-M-0173";"Synthetisch team Noord";"Begeleiding";"Synthetische reden voor geautomatiseerde layoutcontrole";"Cliënt";"";"";"Synthetische hoofdlocatie 006";"07-05-2026, 06:43:06";"07-05-2026, 06:43:06";"ONVOLLEDIG_CLIENTDOEL";"";"0"
"212";"Basis";"Synthetische medewerker 108";"SYN-M-0108";"Synthetisch testteam met lange naam";"Verpleegkundige testfunctie";"Synthetische reden voor geautomatiseerde layoutcontrole";"Cliënt";"Synthetische cliënt 0544";"SYN-C-00544";"Synthetische hoofdlocatie 020";"07-05-2026, 08:26:26";"07-05-2026, 08:42:26";"LATE_ACTIVATIE";"";"16"
"925";"Basis";"Synthetische medewerker 071";"SYN-M-0071";"Synthetisch team West";"Synthetische deskundigheid";"Ondersteuning tijdens avond- of nachtdienst";"Locatie";"Synthetische locatie 013";"SYN-L-0013";"Synthetische hoofdlocatie 018";"07-05-2026, 08:41:26";"07-05-2026, 08:52:26";"LATE_ACTIVATIE";"";"11"
"1056";"Basis";"Synthetische medewerker 085";"SYN-M-0085";"Synthetisch team Noord";"Begeleiding";"Voorbereiding van een geplande synthetische handeling";"Locatie";"Synthetische locatie 011";"SYN-L-0011";"Synthetische hoofdlocatie 006";"07-05-2026, 09:44:24";"07-05-2026, 10:49:24";"LATE_ACTIVATIE";"";"65"
"393";"Basis";"Synthetische medewerker 208";"SYN-M-0208";"Synthetisch testteam met lange naam";"Verpleegkundige testfunctie";"Voorbereiding van een geplande synthetische handeling";"Cliënt";"Synthetische cliënt 0102";"SYN-C-00102";"Synthetische hoofdlocatie 003";"07-05-2026, 11:07:41";"Niet geactiveerd";"NIET_GEACTIVEERD";"";""
"1562";"Basis";"Synthetische medewerker 129";"SYN-M-0129";"Synthetisch team Noord";"Begeleiding";"Voorbereiding van een geplande synthetische handeling";"Cliënt";"Synthetische cliënt 0051";"SYN-C-00051";"Synthetische hoofdlocatie 002";"07-05-2026, 11:19:42";"07-05-2026, 12:25:42";"LATE_ACTIVATIE";"";"66"
"309";"Basis";"Synthetische medewerker 081";"SYN-M-0081";"Synthetisch team Noord";"Begeleiding";"Controle na overdracht van zorg";"Locatie";"Synthetische locatie 034";"SYN-L-0034";"Synthetische hoofdlocatie 024";"07-05-2026, 11:49:59";"07-05-2026, 13:39:59";"LATE_ACTIVATIE";"";"110"
"759";"Basis";"Synthetische medewerker 094";"SYN-M-0094";"Synthetisch team Oost";"Nachtdienst";"Voorbereiding van een geplande synthetische handeling";"Cliënt";"Synthetische cliënt 0056";"SYN-C-00056";"Synthetische hoofdlocatie 007";"07-05-2026, 12:24:10";"Niet geactiveerd";"NIET_GEACTIVEERD";"";""
"362";"Basis";"Synthetische medewerker 135";"SYN-M-0135";"Synthetisch team West";"Synthetische deskundigheid";"Voorbereiding van een geplande synthetische handeling";"Cliënt";"Synthetische cliënt 0511";"SYN-C-00511";"Synthetische hoofdlocatie 012";"07-05-2026, 13:26:46";"07-05-2026, 15:19:46";"LATE_ACTIVATIE";"";"113"
"123";"Basis";"Synthetische medewerker 022";"SYN-M-0022";"Synthetisch team Oost";"Nachtdienst";"Synthetische reden voor geautomatiseerde layoutcontrole";"Locatie";"Synthetische locatie 004";"SYN-L-0004";"Synthetische hoofdlocatie 014";"07-05-2026, 16:44:00";"07-05-2026, 17:52:00";"LATE_ACTIVATIE";"";"68"
"791";"Basis";"Synthetische medewerker 117";"SYN-M-0117";"Synthetisch team Noord";"Begeleiding";"Voorbereiding van een geplande synthetische handeling";"Cliënt";"Synthetische cliënt 0158";"SYN-C-00158";"Synthetische hoofdlocatie 009";"07-05-2026, 18:28:50";"07-05-2026, 18:33:50";"LATE_ACTIVATIE";"";"5"
"97";"Basis";"Synthetische medewerker 002";"SYN-M-0002";"Synthetisch team Oost";"Nachtdienst";"Acute ondersteuning buiten het vaste team";"Cliënt";"Synthetische cliënt 0369";"SYN-C-00369";"Synthetische hoofdlocatie 020";"07-05-2026, 18:47:15";"07-05-2026, 19:23:15";"LATE_ACTIVATIE";"";"36"
"674";"Basis";"Synthetische medewerker 243";"SYN-M-0243";"Synthetisch team West";"Synthetische deskundigheid";"Acute ondersteuning buiten het vaste team";"Cliënt";"Synthetische cliënt 0265";"SYN-C-00265";"Synthetische hoofdlocatie 016";"07-05-2026, 19:26:14";"07-05-2026, 21:18:14";"LATE_ACTIVATIE";"";"112"
"371";"Basis";"Synthetische medewerker 232";"SYN-M-0232";"Synthetisch testteam met lange naam";"Verpleegkundige testfunctie";"Acute ondersteuning buiten het vaste team";"Cliënt";"Synthetische cliënt 0069";"SYN-C-00069";"Synthetische hoofdlocatie 020";"07-05-2026, 20:11:05";"07-05-2026, 20:36:05";"LATE_ACTIVATIE";"";"25"
"537";"Basis";"Synthetische medewerker 012";"SYN-M-0012";"Synthetisch testteam met lange naam";"Verpleegkundige testfunctie";"Controle na overdracht van zorg";"Cliënt";"Synthetische cliënt 0257";"SYN-C-00257";"Synthetische hoofdlocatie 008";"07-05-2026, 20:38:50";"07-05-2026, 21:54:50";"LATE_ACTIVATIE";"";"76"
"1753";"Basis";"Synthetische medewerker 158";"SYN-M-0158";"Synthetisch team Oost";"Nachtdienst";"Synthetische reden voor geautomatiseerde layoutcontrole";"Cliënt";"Synthetische cliënt 0557";"SYN-C-00557";"Synthetische hoofdlocatie 008";"07-05-2026, 20:48:23";"07-05-2026, 22:32:23";"LATE_ACTIVATIE";"";"104"
"761";"Basis";"Synthetische medewerker 070";"SYN-M-0070";"Synthetisch team Oost";"Nachtdienst";"Ondersteuning tijdens avond- of nachtdienst";"Locatie";"Synthetische locatie 037";"SYN-L-0037";"Synthetische hoofdlocatie 022";"07-05-2026, 22:48:00";"Niet geactiveerd";"NIET_GEACTIVEERD";"";""
"99";"Basis";"Synthetische medewerker 178";"SYN-M-0178";"Synthetisch team Oost";"Nachtdienst";"Ondersteuning tijdens avond- of nachtdienst";"Cliënt";"Synthetische cliënt 0177";"SYN-C-00177";"Synthetische hoofdlocatie 003";"08-05-2026, 05:48:46";"08-05-2026, 05:49:46";"NACHT";"";"1"
"277";"Basis";"Synthetische medewerker 205";"SYN-M-0205";"Synthetisch team Noord";"Begeleiding";"Ondersteuning tijdens avond- of nachtdienst";"Cliënt";"Synthetische cliënt 0147";"SYN-C-00147";"Synthetische hoofdlocatie 023";"08-05-2026, 07:06:40";"08-05-2026, 09:06:40";"LATE_ACTIVATIE";"";"120"
"1784";"Basis";"Synthetische medewerker 233";"SYN-M-0233";"Synthetisch team Noord";"Begeleiding";"Voorbereiding van een geplande synthetische handeling";"Locatie";"Synthetische locatie 037";"SYN-L-0037";"Synthetische hoofdlocatie 017";"08-05-2026, 07:37:27";"08-05-2026, 09:13:27";"LATE_ACTIVATIE";"";"96"
"877";"Basis";"Synthetische medewerker 063";"SYN-M-0063";"Synthetisch team West";"Synthetische deskundigheid";"Ondersteuning tijdens avond- of nachtdienst";"Cliënt";"Synthetische cliënt 0420";"SYN-C-00420";"Synthetische hoofdlocatie 021";"08-05-2026, 08:37:18";"08-05-2026, 09:13:18";"LATE_ACTIVATIE";"";"36"
"35";"Basis";"Synthetische medewerker 250";"SYN-M-0250";"Synthetisch team Oost";"Nachtdienst";"Acute ondersteuning buiten het vaste team";"Cliënt";"Synthetische cliënt 0554";"SYN-C-00554";"Synthetische hoofdlocatie 005";"08-05-2026, 09:54:44";"08-05-2026, 11:50:44";"LATE_ACTIVATIE";"";"116"
"22";"Basis";"Synthetische medewerker 217";"SYN-M-0217";"Synthetisch team Noord";"Begeleiding";"Acute ondersteuning buiten het vaste team";"Cliënt";"Synthetische cliënt 0481";"SYN-C-00481";"Synthetische hoofdlocatie 007";"08-05-2026, 11:31:03";"08-05-2026, 11:45:03";"LATE_ACTIVATIE";"";"14"
"2";"Basis";"Synthetische medewerker 226";"SYN-M-0226";"Synthetisch team Oost";"Nachtdienst";"Tijdelijke vervanging binnen het testrooster";"Cliënt";"Synthetische cliënt 0316";"SYN-C-00316";"Synthetische hoofdlocatie 017";"08-05-2026, 11:31:16";"08-05-2026, 11:51:16";"LATE_ACTIVATIE";"";"20"
"76";"Basis";"Synthetische medewerker 183";"SYN-M-0183";"Synthetisch team West";"Synthetische deskundigheid";"Tijdelijke vervanging binnen het testrooster";"Cliënt";"Synthetische cliënt 0512";"SYN-C-00512";"Synthetische hoofdlocatie 013";"08-05-2026, 12:39:57";"08-05-2026, 13:17:57";"LATE_ACTIVATIE";"";"38"
"406";"Basis";"Synthetische medewerker 149";"SYN-M-0149";"Synthetisch team Noord";"Begeleiding";"Tijdelijke vervanging binnen het testrooster";"Locatie";"Synthetische locatie 022";"SYN-L-0022";"Synthetische hoofdlocatie 007";"08-05-2026, 13:36:46";"Niet geactiveerd";"NIET_GEACTIVEERD";"";""
"717";"Basis";"Synthetische medewerker 009";"SYN-M-0009";"Synthetisch team Noord";"Begeleiding";"Tijdelijke vervanging binnen het testrooster";"Cliënt";"Synthetische cliënt 0315";"SYN-C-00315";"Synthetische hoofdlocatie 016";"08-05-2026, 14:22:34";"08-05-2026, 14:38:34";"LATE_ACTIVATIE";"";"16"
"825";"Basis";"Synthetische medewerker 127";"SYN-M-0127";"Synthetisch team West";"Synthetische deskundigheid";"Acute ondersteuning buiten het vaste team";"Cliënt";"Synthetische cliënt 0386";"SYN-C-00386";"Synthetische hoofdlocatie 012";"08-05-2026, 14:47:12";"08-05-2026, 15:08:12";"LATE_ACTIVATIE";"";"21"
"1829";"Basis";"Synthetische medewerker 195";"SYN-M-0195";"Synthetisch team West";"Synthetische deskundigheid";"Voorbereiding van een geplande synthetische handeling";"Cliënt";"Synthetische cliënt 0563";"SYN-C-00563";"Synthetische hoofdlocatie 014";"08-05-2026, 15:27:03";"Niet geactiveerd";"NIET_GEACTIVEERD";"";""
"1486";"Basis";"Synthetische medewerker 083";"SYN-M-0083";"Synthetisch team West";"Synthetische deskundigheid";"Synthetische reden voor geautomatiseerde layoutcontrole";"Cliënt";"Synthetische cliënt 0350";"SYN-C-00350";"Synthetische hoofdlocatie 001";"08-05-2026, 15:57:47";"08-05-2026, 17:17:47";"LATE_ACTIVATIE";"";"80"
"1923";"Basis";"Synthetische medewerker 162";"SYN-M-0162";"Synthetisch team Oost";"Nachtdienst";"Tijdelijke vervanging binnen het testrooster";"Cliënt";"Synthetische cliënt 0511";"SYN-C-00511";"Synthetische hoofdlocatie 012";"08-05-2026, 16:09:43";"Niet geactiveerd";"NIET_GEACTIVEERD";"";""
"516";"Basis";"Synthetische medewerker 003";"SYN-M-0003";"Synthetisch team West";"Synthetische deskundigheid";"Synthetische reden voor geautomatiseerde layoutcontrole";"Locatie";"Synthetische locatie 034";"SYN-L-0034";"Synthetische hoofdlocatie 024";"08-05-2026, 16:15:52";"Niet geactiveerd";"NIET_GEACTIVEERD";"";""
"1391";"Basis";"Synthetische medewerker 130";"SYN-M-0130";"Synthetisch team Oost";"Nachtdienst";"Controle na overdracht van zorg";"Cliënt";"Synthetische cliënt 0326";"SYN-C-00326";"Synthetische hoofdlocatie 002";"08-05-2026, 16:34:31";"Niet geactiveerd";"NIET_GEACTIVEERD";"";""
"765";"Basis";"Synthetische medewerker 107";"SYN-M-0107";"Synthetisch team West";"Synthetische deskundigheid";"Controle na overdracht van zorg";"Cliënt";"Synthetische cliënt 0469";"SYN-C-00469";"Synthetische hoofdlocatie 020";"08-05-2026, 17:01:25";"08-05-2026, 17:50:25";"LATE_ACTIVATIE";"";"49"
"105";"Basis";"Synthetische medewerker 021";"SYN-M-0021";"Synthetisch team Noord";"Begeleiding";"Controle na overdracht van zorg";"Locatie";"Synthetische locatie 021";"SYN-L-0021";"Synthetische hoofdlocatie 006";"08-05-2026, 17:15:01";"08-05-2026, 19:13:01";"LATE_ACTIVATIE";"";"118"
"948";"Basis";"Synthetische medewerker 206";"SYN-M-0206";"Synthetisch team Oost";"Nachtdienst";"Ondersteuning tijdens avond- of nachtdienst";"Cliënt";"Synthetische cliënt 0582";"SYN-C-00582";"Synthetische hoofdlocatie 008";"08-05-2026, 18:16:13";"08-05-2026, 18:27:13";"LATE_ACTIVATIE";"";"11"
"1099";"Basis";"Synthetische medewerker 175";"SYN-M-0175";"Synthetisch team West";"Synthetische deskundigheid";"Tijdelijke vervanging binnen het testrooster";"Cliënt";"Synthetische cliënt 0550";"SYN-C-00550";"Synthetische hoofdlocatie 001";"08-05-2026, 18:40:01";"Niet geactiveerd";"NIET_GEACTIVEERD";"";""
"288";"Basis";"Synthetische medewerker 109";"SYN-M-0109";"Synthetisch team Noord";"Begeleiding";"Voorbereiding van een geplande synthetische handeling";"Cliënt";"Synthetische cliënt 0258";"SYN-C-00258";"Synthetische hoofdlocatie 009";"08-05-2026, 20:18:37";"08-05-2026, 22:01:37";"LATE_ACTIVATIE";"";"103"
"325";"Basis";"Synthetische medewerker 061";"SYN-M-0061";"Synthetisch team Noord";"Begeleiding";"Ondersteuning tijdens avond- of nachtdienst";"Cliënt";"Synthetische cliënt 0541";"SYN-C-00541";"Synthetische hoofdlocatie 017";"08-05-2026, 20:19:24";"08-05-2026, 21:08:24";"LATE_ACTIVATIE";"";"49"
"1963";"Basis";"Synthetische medewerker 020";"SYN-M-0020";"Synthetisch testteam met lange naam";"Verpleegkundige testfunctie";"Voorbereiding van een geplande synthetische handeling";"Cliënt";"Synthetische cliënt 0125";"SYN-C-00125";"Synthetische hoofdlocatie 001";"08-05-2026, 20:38:42";"08-05-2026, 21:35:42";"LATE_ACTIVATIE";"";"57"
"1315";"Basis";"Synthetische medewerker 006";"SYN-M-0006";"Synthetisch team Oost";"Nachtdienst";"Acute ondersteuning buiten het vaste team";"Cliënt";"Synthetische cliënt 0141";"SYN-C-00141";"Synthetische hoofdlocatie 017";"09-05-2026, 06:21:17";"Niet geactiveerd";"NIET_GEACTIVEERD";"";""
"698";"Basis";"Synthetische medewerker 105";"SYN-M-0105";"Synthetisch team Noord";"Begeleiding";"Ondersteuning tijdens avond- of nachtdienst";"Cliënt";"Synthetische cliënt 0373";"SYN-C-00373";"Synthetische hoofdlocatie 024";"09-05-2026, 06:50:14";"09-05-2026, 07:55:14";"LATE_ACTIVATIE";"";"65"
"1934";"Basis";"Synthetische medewerker 142";"SYN-M-0142";"Synthetisch team Oost";"Nachtdienst";"Ondersteuning tijdens avond- of nachtdienst";"Cliënt";"Synthetische cliënt 0559";"SYN-C-00559";"Synthetische hoofdlocatie 010";"09-05-2026, 08:22:28";"09-05-2026, 09:15:28";"LATE_ACTIVATIE";"";"53"
"1719";"Basis";"Synthetische medewerker 105";"SYN-M-0105";"Synthetisch team Noord";"Begeleiding";"Tijdelijke vervanging binnen het testrooster";"Cliënt";"Synthetische cliënt 0207";"SYN-C-00207";"Synthetische hoofdlocatie 008";"09-05-2026, 08:24:00";"Niet geactiveerd";"NIET_GEACTIVEERD";"";""
"1415";"Basis";"Synthetische medewerker 191";"SYN-M-0191";"Synthetisch team West";"Synthetische deskundigheid";"Acute ondersteuning buiten het vaste team";"Cliënt";"Synthetische cliënt 0138";"SYN-C-00138";"Synthetische hoofdlocatie 014";"09-05-2026, 09:15:52";"09-05-2026, 11:14:52";"LATE_ACTIVATIE";"";"119"
"50";"Basis";"Synthetische medewerker 123";"SYN-M-0123";"Synthetisch team West";"Synthetische deskundigheid";"Acute ondersteuning buiten het vaste team";"Cliënt";"Synthetische cliënt 0471";"SYN-C-00471";"Synthetische hoofdlocatie 022";"09-05-2026, 10:47:54";"09-05-2026, 11:05:54";"LATE_ACTIVATIE";"";"18"
"1965";"Basis";"Synthetische medewerker 076";"SYN-M-0076";"Synthetisch testteam met lange naam";"Verpleegkundige testfunctie";"Acute ondersteuning buiten het vaste team";"Cliënt";"Synthetische cliënt 0596";"SYN-C-00596";"Synthetische hoofdlocatie 022";"09-05-2026, 11:36:53";"09-05-2026, 13:23:53";"LATE_ACTIVATIE";"";"107"
"1653";"Basis";"Synthetische medewerker 189";"SYN-M-0189";"Synthetisch team Noord";"Begeleiding";"Tijdelijke vervanging binnen het testrooster";"Cliënt";"Synthetische cliënt 0487";"SYN-C-00487";"Synthetische hoofdlocatie 013";"09-05-2026, 12:19:06";"09-05-2026, 13:27:06";"LATE_ACTIVATIE";"";"68"
"1126";"Basis";"Synthetische medewerker 219";"SYN-M-0219";"Synthetisch team West";"Synthetische deskundigheid";"Tijdelijke vervanging binnen het testrooster";"Locatie";"";"";"Synthetische hoofdlocatie 019";"09-05-2026, 13:44:55";"09-05-2026, 15:13:55";"LATE_ACTIVATIE";"";"89"
"1566";"Basis";"Synthetische medewerker 210";"SYN-M-0210";"Synthetisch team Oost";"Nachtdienst";"Tijdelijke vervanging binnen het testrooster";"Cliënt";"Synthetische cliënt 0057";"SYN-C-00057";"Synthetische hoofdlocatie 008";"09-05-2026, 13:48:16";"09-05-2026, 14:38:16";"LATE_ACTIVATIE";"";"50"
"1505";"Basis";"Synthetische medewerker 178";"SYN-M-0178";"Synthetisch team Oost";"Nachtdienst";"Voorbereiding van een geplande synthetische handeling";"Cliënt";"Synthetische cliënt 0228";"SYN-C-00228";"Synthetische hoofdlocatie 004";"09-05-2026, 14:29:46";"Niet geactiveerd";"NIET_GEACTIVEERD";"";""
"1401";"Basis";"Synthetische medewerker 121";"SYN-M-0121";"Synthetisch team Noord";"Begeleiding";"Synthetische reden voor geautomatiseerde layoutcontrole";"Locatie";"Synthetische locatie 019";"SYN-L-0019";"Synthetische hoofdlocatie 014";"09-05-2026, 14:50:03";"09-05-2026, 15:13:03";"LATE_ACTIVATIE";"";"23"
"806";"Basis";"Synthetische medewerker 152";"SYN-M-0152";"Synthetisch testteam met lange naam";"Verpleegkundige testfunctie";"Controle na overdracht van zorg";"Locatie";"Synthetische locatie 039";"SYN-L-0039";"Synthetische hoofdlocatie 019";"09-05-2026, 15:53:58";"09-05-2026, 17:22:58";"LATE_ACTIVATIE";"";"89"
"1165";"Basis";"Synthetische medewerker 090";"SYN-M-0090";"Synthetisch team Oost";"Nachtdienst";"Voorbereiding van een geplande synthetische handeling";"Cliënt";"Synthetische cliënt 0100";"SYN-C-00100";"Synthetische hoofdlocatie 001";"09-05-2026, 16:39:41";"09-05-2026, 17:14:41";"LATE_ACTIVATIE";"";"35"
"437";"Basis";"Synthetische medewerker 193";"SYN-M-0193";"Synthetisch team Noord";"Begeleiding";"Voorbereiding van een geplande synthetische handeling";"Cliënt";"Synthetische cliënt 0547";"SYN-C-00547";"Synthetische hoofdlocatie 023";"09-05-2026, 18:14:39";"09-05-2026, 18:42:39";"LATE_ACTIVATIE";"";"28"
"998";"Basis";"Synthetische medewerker 047";"SYN-M-0047";"Synthetisch team West";"Synthetische deskundigheid";"Controle na overdracht van zorg";"Cliënt";"Synthetische cliënt 0219";"SYN-C-00219";"Synthetische hoofdlocatie 020";"09-05-2026, 19:08:26";"09-05-2026, 19:31:26";"LATE_ACTIVATIE";"";"23"
"56";"Basis";"Synthetische medewerker 179";"SYN-M-0179";"Synthetisch team West";"Synthetische deskundigheid";"Voorbereiding van een geplande synthetische handeling";"Cliënt";"Synthetische cliënt 0029";"SYN-C-00029";"Synthetische hoofdlocatie 005";"09-05-2026, 19:16:00";"09-05-2026, 21:09:00";"LATE_ACTIVATIE";"";"113"
"1754";"Basis";"Synthetische medewerker 082";"SYN-M-0082";"Synthetisch team Oost";"Nachtdienst";"Ondersteuning tijdens avond- of nachtdienst";"Cliënt";"Synthetische cliënt 0520";"SYN-C-00520";"Synthetische hoofdlocatie 021";"09-05-2026, 19:36:14";"09-05-2026, 20:30:14";"LATE_ACTIVATIE";"";"54"
"835";"Basis";"Synthetische medewerker 242";"SYN-M-0242";"Synthetisch team Oost";"Nachtdienst";"Controle na overdracht van zorg";"Cliënt";"Synthetische cliënt 0074";"SYN-C-00074";"Synthetische hoofdlocatie 025";"09-05-2026, 20:43:35";"09-05-2026, 22:21:35";"LATE_ACTIVATIE";"";"98"
"972";"Basis";"Synthetische medewerker 201";"SYN-M-0201";"Synthetisch team Noord";"Begeleiding";"Synthetische reden voor geautomatiseerde layoutcontrole";"Cliënt";"Synthetische cliënt 0078";"SYN-C-00078";"Synthetische hoofdlocatie 004";"09-05-2026, 22:31:06";"09-05-2026, 23:02:06";"LATE_ACTIVATIE";"";"31"
"1750";"Basis";"Synthetische medewerker 003";"SYN-M-0003";"Synthetisch team West";"Synthetische deskundigheid";"Controle na overdracht van zorg";"Cliënt";"Synthetische cliënt 0401";"SYN-C-00401";"Synthetische hoofdlocatie 002";"10-05-2026, 07:21:28";"10-05-2026, 07:05:28";"ONGELDIGE_ACTIVATIE";"";"-16"
"283";"Basis";"Synthetische medewerker 145";"SYN-M-0145";"Synthetisch team Noord";"Begeleiding";"Ondersteuning tijdens avond- of nachtdienst";"Cliënt";"Synthetische cliënt 0231";"SYN-C-00231";"Synthetische hoofdlocatie 007";"10-05-2026, 07:32:48";"Niet geactiveerd";"NIET_GEACTIVEERD";"";""
"1114";"Basis";"Synthetische medewerker 209";"SYN-M-0209";"Synthetisch team Noord";"Begeleiding";"Voorbereiding van een geplande synthetische handeling";"Cliënt";"Synthetische cliënt 0574";"SYN-C-00574";"Synthetische hoofdlocatie 025";"10-05-2026, 07:43:17";"10-05-2026, 09:35:17";"LATE_ACTIVATIE";"";"112"
"1967";"Basis";"Synthetische medewerker 203";"SYN-M-0203";"Synthetisch team West";"Synthetische deskundigheid";"Controle na overdracht van zorg";"Cliënt";"Synthetische cliënt 0117";"SYN-C-00117";"Synthetische hoofdlocatie 018";"10-05-2026, 07:45:44";"10-05-2026, 08:06:44";"LATE_ACTIVATIE";"";"21"
"1539";"Basis";"Synthetische medewerker 230";"SYN-M-0230";"Synthetisch team Oost";"Nachtdienst";"Synthetische reden voor geautomatiseerde layoutcontrole";"Cliënt";"Synthetische cliënt 0309";"SYN-C-00309";"Synthetische hoofdlocatie 010";"10-05-2026, 08:05:51";"Niet geactiveerd";"NIET_GEACTIVEERD";"";""
"263";"Basis";"Synthetische medewerker 240";"SYN-M-0240";"Synthetisch testteam met lange naam";"Verpleegkundige testfunctie";"Controle na overdracht van zorg";"Cliënt";"Synthetische cliënt 0576";"SYN-C-00576";"Synthetische hoofdlocatie 002";"10-05-2026, 08:59:32";"10-05-2026, 09:38:32";"LATE_ACTIVATIE";"";"39"
"978";"Basis";"Synthetische medewerker 242";"SYN-M-0242";"Synthetisch team Oost";"Nachtdienst";"Tijdelijke vervanging binnen het testrooster";"Cliënt";"Synthetische cliënt 0561";"SYN-C-00561";"Synthetische hoofdlocatie 012";"10-05-2026, 09:40:40";"Niet geactiveerd";"NIET_GEACTIVEERD";"";""
"557";"Basis";"Synthetische medewerker 215";"SYN-M-0215";"Synthetisch team West";"Synthetische deskundigheid";"Ondersteuning tijdens avond- of nachtdienst";"Cliënt";"Synthetische cliënt 0053";"SYN-C-00053";"Synthetische hoofdlocatie 004";"10-05-2026, 10:48:34";"10-05-2026, 11:12:34";"LATE_ACTIVATIE";"";"24"
"1348";"Basis";"Synthetische medewerker 191";"SYN-M-0191";"Synthetisch team West";"Synthetische deskundigheid";"Acute ondersteuning buiten het vaste team";"Cliënt";"Synthetische cliënt 0493";"SYN-C-00493";"Synthetische hoofdlocatie 019";"10-05-2026, 11:51:03";"10-05-2026, 12:09:03";"LATE_ACTIVATIE";"";"18"
"1422";"Basis";"Synthetische medewerker 197";"SYN-M-0197";"Synthetisch team Noord";"Begeleiding";"Synthetische reden voor geautomatiseerde layoutcontrole";"Cliënt";"Synthetische cliënt 0172";"SYN-C-00172";"Synthetische hoofdlocatie 023";"10-05-2026, 12:03:31";"10-05-2026, 12:29:31";"LATE_ACTIVATIE";"";"26"
"268";"Basis";"Synthetische medewerker 023";"SYN-M-0023";"Synthetisch team West";"Synthetische deskundigheid";"Acute ondersteuning buiten het vaste team";"Cliënt";"Synthetische cliënt 0410";"SYN-C-00410";"Synthetische hoofdlocatie 011";"10-05-2026, 13:53:16";"Niet geactiveerd";"NIET_GEACTIVEERD";"";""
"1916";"Basis";"Synthetische medewerker 050";"SYN-M-0050";"Synthetisch team Oost";"Nachtdienst";"Tijdelijke vervanging binnen het testrooster";"Cliënt";"Synthetische cliënt 0577";"SYN-C-00577";"Synthetische hoofdlocatie 003";"10-05-2026, 14:10:38";"10-05-2026, 15:37:38";"LATE_ACTIVATIE";"";"87"
"1002";"Basis";"Synthetische medewerker 218";"SYN-M-0218";"Synthetisch team Oost";"Nachtdienst";"Ondersteuning tijdens avond- of nachtdienst";"Locatie";"Synthetische locatie 014";"SYN-L-0014";"Synthetische hoofdlocatie 024";"10-05-2026, 17:23:45";"10-05-2026, 17:38:45";"LATE_ACTIVATIE";"";"15"
"1262";"Basis";"Synthetische medewerker 034";"SYN-M-0034";"Synthetisch team Oost";"Nachtdienst";"Controle na overdracht van zorg";"Cliënt";"Synthetische cliënt 0490";"SYN-C-00490";"Synthetische hoofdlocatie 016";"10-05-2026, 17:56:52";"10-05-2026, 18:11:52";"LATE_ACTIVATIE";"";"15"
"766";"Basis";"Synthetische medewerker 248";"SYN-M-0248";"Synthetisch testteam met lange naam";"Verpleegkundige testfunctie";"Acute ondersteuning buiten het vaste team";"Cliënt";"Synthetische cliënt 0337";"SYN-C-00337";"Synthetische hoofdlocatie 013";"10-05-2026, 19:20:52";"10-05-2026, 20:10:52";"LATE_ACTIVATIE";"";"50"
"855";"Basis";"Synthetische medewerker 222";"SYN-M-0222";"Synthetisch team Oost";"Nachtdienst";"Acute ondersteuning buiten het vaste team";"Cliënt";"Synthetische cliënt 0278";"SYN-C-00278";"Synthetische hoofdlocatie 004";"10-05-2026, 19:34:43";"10-05-2026, 20:58:43";"LATE_ACTIVATIE";"";"84"
"1102";"Basis";"Synthetische medewerker 203";"SYN-M-0203";"Synthetisch team West";"Synthetische deskundigheid";"Acute ondersteuning buiten het vaste team";"Cliënt";"Synthetische cliënt 0503";"SYN-C-00503";"Synthetische hoofdlocatie 004";"10-05-2026, 19:42:59";"Niet geactiveerd";"NIET_GEACTIVEERD";"";""
"1715";"Basis";"Synthetische medewerker 231";"SYN-M-0231";"Synthetisch team West";"Synthetische deskundigheid";"Ondersteuning tijdens avond- of nachtdienst";"Locatie";"Synthetische locatie 026";"SYN-L-0026";"Synthetische hoofdlocatie 001";"10-05-2026, 20:00:45";"Niet geactiveerd";"NIET_GEACTIVEERD";"";""
"1515";"Basis";"Synthetische medewerker 208";"SYN-M-0208";"Synthetisch testteam met lange naam";"Verpleegkundige testfunctie";"Voorbereiding van een geplande synthetische handeling";"Cliënt";"Synthetische cliënt 0558";"SYN-C-00558";"Synthetische hoofdlocatie 009";"10-05-2026, 21:20:46";"Niet geactiveerd";"NIET_GEACTIVEERD";"";""
"1677";"Basis";"Synthetische medewerker 145";"SYN-M-0145";"Synthetisch team Noord";"Begeleiding";"Voorbereiding van een geplande synthetische handeling";"Locatie";"Synthetische locatie 014";"SYN-L-0014";"Synthetische hoofdlocatie 024";"10-05-2026, 21:34:29";"10-05-2026, 22:17:29";"LATE_ACTIVATIE";"";"43"
"347";"Basis";"Synthetische medewerker 067";"SYN-M-0067";"Synthetisch team West";"Synthetische deskundigheid";"Acute ondersteuning buiten het vaste team";"Cliënt";"Synthetische cliënt 0312";"SYN-C-00312";"Synthetische hoofdlocatie 013";"11-05-2026, 08:54:19";"11-05-2026, 09:23:19";"LATE_ACTIVATIE";"";"29"
"74";"Basis";"Synthetische medewerker 082";"SYN-M-0082";"Synthetisch team Oost";"Nachtdienst";"Controle na overdracht van zorg";"Locatie";"Synthetische locatie 021";"SYN-L-0021";"Synthetische hoofdlocatie 016";"11-05-2026, 09:01:34";"11-05-2026, 10:38:34";"LATE_ACTIVATIE";"";"97"
"1806";"Basis";"Synthetische medewerker 139";"SYN-M-0139";"Synthetisch team West";"Synthetische deskundigheid";"Tijdelijke vervanging binnen het testrooster";"Cliënt";"Synthetische cliënt 0513";"SYN-C-00513";"Synthetische hoofdlocatie 014";"11-05-2026, 09:34:05";"11-05-2026, 09:49:05";"LATE_ACTIVATIE";"";"15"
"576";"Basis";"Synthetische medewerker 247";"SYN-M-0247";"Synthetisch team West";"Synthetische deskundigheid";"Ondersteuning tijdens avond- of nachtdienst";"Locatie";"Synthetische locatie 039";"SYN-L-0039";"Synthetische hoofdlocatie 014";"11-05-2026, 10:00:50";"11-05-2026, 10:16:50";"LATE_ACTIVATIE";"";"16"
"661";"Basis";"Synthetische medewerker 015";"SYN-M-0015";"Synthetisch team West";"Synthetische deskundigheid";"Controle na overdracht van zorg";"Cliënt";"Synthetische cliënt 0570";"SYN-C-00570";"Synthetische hoofdlocatie 021";"11-05-2026, 10:22:38";"11-05-2026, 11:03:38";"LATE_ACTIVATIE";"";"41"
"32";"Basis";"Synthetische medewerker 021";"SYN-M-0021";"Synthetisch team Noord";"Begeleiding";"Voorbereiding van een geplande synthetische handeling";"Cliënt";"Synthetische cliënt 0226";"SYN-C-00226";"Synthetische hoofdlocatie 002";"11-05-2026, 12:19:02";"11-05-2026, 13:59:02";"LATE_ACTIVATIE";"";"100"
"16";"Basis";"Synthetische medewerker 169";"SYN-M-0169";"Synthetisch team Noord";"Begeleiding";"Tijdelijke vervanging binnen het testrooster";"Cliënt";"Synthetische cliënt 0561";"SYN-C-00561";"Synthetische hoofdlocatie 012";"11-05-2026, 12:29:48";"11-05-2026, 13:09:48";"LATE_ACTIVATIE";"";"40"
"713";"Basis";"Synthetische medewerker 183";"SYN-M-0183";"Synthetisch team West";"Synthetische deskundigheid";"Tijdelijke vervanging binnen het testrooster";"Cliënt";"Synthetische cliënt 0374";"SYN-C-00374";"Synthetische hoofdlocatie 025";"11-05-2026, 13:09:35";"Niet geactiveerd";"NIET_GEACTIVEERD";"";""
"1813";"Basis";"Synthetische medewerker 069";"SYN-M-0069";"Synthetisch team Noord";"Begeleiding";"Synthetische reden voor geautomatiseerde layoutcontrole";"Cliënt";"Synthetische cliënt 0552";"SYN-C-00552";"Synthetische hoofdlocatie 003";"11-05-2026, 13:14:02";"11-05-2026, 13:47:02";"LATE_ACTIVATIE";"";"33"
"954";"Basis";"Synthetische medewerker 050";"SYN-M-0050";"Synthetisch team Oost";"Nachtdienst";"Ondersteuning tijdens avond- of nachtdienst";"Cliënt";"Synthetische cliënt 0550";"SYN-C-00550";"Synthetische hoofdlocatie 001";"11-05-2026, 13:45:12";"11-05-2026, 15:23:12";"LATE_ACTIVATIE";"";"98"
"566";"Basis";"Synthetische medewerker 147";"SYN-M-0147";"Synthetisch team West";"Synthetische deskundigheid";"Voorbereiding van een geplande synthetische handeling";"Cliënt";"Synthetische cliënt 0405";"SYN-C-00405";"Synthetische hoofdlocatie 006";"11-05-2026, 14:01:27";"Niet geactiveerd";"NIET_GEACTIVEERD";"";""
"934";"Basis";"Synthetische medewerker 013";"SYN-M-0013";"Synthetisch team Noord";"Begeleiding";"Controle na overdracht van zorg";"Cliënt";"Synthetische cliënt 0162";"SYN-C-00162";"Synthetische hoofdlocatie 013";"11-05-2026, 15:52:58";"11-05-2026, 17:08:58";"LATE_ACTIVATIE";"";"76"
"47";"Basis";"Synthetische medewerker 246";"SYN-M-0246";"Synthetisch team Oost";"Nachtdienst";"Synthetische reden voor geautomatiseerde layoutcontrole";"Cliënt";"Synthetische cliënt 0409";"SYN-C-00409";"Synthetische hoofdlocatie 010";"11-05-2026, 18:02:56";"11-05-2026, 19:51:56";"LATE_ACTIVATIE";"";"109"
"157";"Basis";"Synthetische medewerker 003";"SYN-M-0003";"Synthetisch team West";"Synthetische deskundigheid";"Voorbereiding van een geplande synthetische handeling";"Cliënt";"Synthetische cliënt 0108";"SYN-C-00108";"Synthetische hoofdlocatie 009";"11-05-2026, 20:08:56";"11-05-2026, 21:21:56";"LATE_ACTIVATIE";"";"73"
"1518";"Basis";"Synthetische medewerker 191";"SYN-M-0191";"Synthetisch team West";"Synthetische deskundigheid";"Controle na overdracht van zorg";"Cliënt";"Synthetische cliënt 0416";"SYN-C-00416";"Synthetische hoofdlocatie 017";"11-05-2026, 20:41:13";"11-05-2026, 20:26:13";"ONGELDIGE_ACTIVATIE";"";"-15"
"1817";"Basis";"Synthetische medewerker 105";"SYN-M-0105";"Synthetisch team Noord";"Begeleiding";"Controle na overdracht van zorg";"Cliënt";"Synthetische cliënt 0304";"SYN-C-00304";"Synthetische hoofdlocatie 005";"11-05-2026, 22:09:25";"11-05-2026, 23:40:25";"LATE_ACTIVATIE";"";"91"
"63";"Basis";"Synthetische medewerker 244";"SYN-M-0244";"Synthetisch testteam met lange naam";"Verpleegkundige testfunctie";"Voorbereiding van een geplande synthetische handeling";"Cliënt";"Synthetische cliënt 0530";"SYN-C-00530";"Synthetische hoofdlocatie 006";"11-05-2026, 22:24:17";"11-05-2026, 22:25:17";"VEEL_TEAMS_CLIENT";"";"1"
"1277";"Basis";"Synthetische medewerker 187";"SYN-M-0187";"Synthetisch team West";"Synthetische deskundigheid";"Tijdelijke vervanging binnen het testrooster";"Cliënt";"Synthetische cliënt 0097";"SYN-C-00097";"Synthetische hoofdlocatie 023";"12-05-2026, 10:04:17";"12-05-2026, 11:45:17";"LATE_ACTIVATIE";"";"101"
"716";"Basis";"Synthetische medewerker 208";"SYN-M-0208";"Synthetisch testteam met lange naam";"Verpleegkundige testfunctie";"Acute ondersteuning buiten het vaste team";"Locatie";"Synthetische locatie 010";"SYN-L-0010";"Synthetische hoofdlocatie 015";"12-05-2026, 10:17:52";"Niet geactiveerd";"NIET_GEACTIVEERD";"";""
"1159";"Basis";"Synthetische medewerker 192";"SYN-M-0192";"Synthetisch testteam met lange naam";"Verpleegkundige testfunctie";"Voorbereiding van een geplande synthetische handeling";"Cliënt";"Synthetische cliënt 0082";"SYN-C-00082";"Synthetische hoofdlocatie 008";"12-05-2026, 11:33:18";"12-05-2026, 12:37:18";"LATE_ACTIVATIE";"";"64"
"479";"Basis";"Synthetische medewerker 116";"SYN-M-0116";"Synthetisch testteam met lange naam";"Verpleegkundige testfunctie";"Voorbereiding van een geplande synthetische handeling";"Cliënt";"Synthetische cliënt 0138";"SYN-C-00138";"Synthetische hoofdlocatie 014";"12-05-2026, 12:29:09";"12-05-2026, 14:09:09";"LATE_ACTIVATIE";"";"100"
"714";"Basis";"Synthetische medewerker 065";"SYN-M-0065";"Synthetisch team Noord";"Begeleiding";"Synthetische reden voor geautomatiseerde layoutcontrole";"Locatie";"Synthetische locatie 017";"SYN-L-0017";"Synthetische hoofdlocatie 017";"12-05-2026, 13:49:47";"12-05-2026, 14:11:47";"LATE_ACTIVATIE";"";"22"
"1210";"Basis";"Synthetische medewerker 059";"SYN-M-0059";"Synthetisch team West";"Synthetische deskundigheid";"Controle na overdracht van zorg";"Locatie";"Synthetische locatie 004";"SYN-L-0004";"Synthetische hoofdlocatie 019";"12-05-2026, 14:27:02";"12-05-2026, 14:14:02";"ONGELDIGE_ACTIVATIE";"";"-13"
"1949";"Basis";"Synthetische medewerker 151";"SYN-M-0151";"Synthetisch team West";"Synthetische deskundigheid";"Controle na overdracht van zorg";"Locatie";"Synthetische locatie 036";"SYN-L-0036";"Synthetische hoofdlocatie 016";"12-05-2026, 15:16:06";"12-05-2026, 16:15:06";"LATE_ACTIVATIE";"";"59"
"1494";"Basis";"Synthetische medewerker 192";"SYN-M-0192";"Synthetisch testteam met lange naam";"Verpleegkundige testfunctie";"Acute ondersteuning buiten het vaste team";"Cliënt";"Synthetische cliënt 0194";"SYN-C-00194";"Synthetische hoofdlocatie 020";"12-05-2026, 15:23:07";"12-05-2026, 16:32:07";"LATE_ACTIVATIE";"";"69"
"1231";"Basis";"Synthetische medewerker 040";"SYN-M-0040";"Synthetisch testteam met lange naam";"Verpleegkundige testfunctie";"Synthetische reden voor geautomatiseerde layoutcontrole";"Cliënt";"Synthetische cliënt 0483";"SYN-C-00483";"Synthetische hoofdlocatie 009";"12-05-2026, 15:29:59";"12-05-2026, 16:31:59";"LATE_ACTIVATIE";"";"62"
"628";"Basis";"Synthetische medewerker 248";"SYN-M-0248";"Synthetisch testteam met lange naam";"Verpleegkundige testfunctie";"Acute ondersteuning buiten het vaste team";"Cliënt";"Synthetische cliënt 0387";"SYN-C-00387";"Synthetische hoofdlocatie 013";"12-05-2026, 15:35:39";"12-05-2026, 17:23:39";"LATE_ACTIVATIE";"";"108"
"282";"Basis";"Synthetische medewerker 074";"SYN-M-0074";"Synthetisch team Oost";"Nachtdienst";"Voorbereiding van een geplande synthetische handeling";"Cliënt";"Synthetische cliënt 0107";"SYN-C-00107";"Synthetische hoofdlocatie 008";"12-05-2026, 16:42:46";"12-05-2026, 17:46:46";"LATE_ACTIVATIE";"";"64"
"1809";"Basis";"Synthetische medewerker 074";"SYN-M-0074";"Synthetisch team Oost";"Nachtdienst";"Ondersteuning tijdens avond- of nachtdienst";"Cliënt";"Synthetische cliënt 0496";"SYN-C-00496";"Synthetische hoofdlocatie 022";"12-05-2026, 18:08:25";"12-05-2026, 19:08:25";"LATE_ACTIVATIE";"";"60"
"730";"Basis";"Synthetische medewerker 208";"SYN-M-0208";"Synthetisch testteam met lange naam";"Verpleegkundige testfunctie";"Acute ondersteuning buiten het vaste team";"Cliënt";"Synthetische cliënt 0326";"SYN-C-00326";"Synthetische hoofdlocatie 002";"12-05-2026, 18:27:23";"12-05-2026, 19:11:23";"LATE_ACTIVATIE";"";"44"
"1057";"Basis";"Synthetische medewerker 151";"SYN-M-0151";"Synthetisch team West";"Synthetische deskundigheid";"Synthetische reden voor geautomatiseerde layoutcontrole";"Locatie";"Synthetische locatie 027";"SYN-L-0027";"Synthetische hoofdlocatie 007";"12-05-2026, 18:56:42";"12-05-2026, 20:53:42";"LATE_ACTIVATIE";"";"117"
"746";"Basis";"Synthetische medewerker 141";"SYN-M-0141";"Synthetisch team Noord";"Begeleiding";"Synthetische reden voor geautomatiseerde layoutcontrole";"Cliënt";"Synthetische cliënt 0493";"SYN-C-00493";"Synthetische hoofdlocatie 019";"12-05-2026, 19:00:00";"Niet geactiveerd";"NIET_GEACTIVEERD";"";""
"507";"Basis";"Synthetische medewerker 184";"SYN-M-0184";"Synthetisch testteam met lange naam";"Verpleegkundige testfunctie";"Ondersteuning tijdens avond- of nachtdienst";"Cliënt";"Synthetische cliënt 0194";"SYN-C-00194";"Synthetische hoofdlocatie 020";"12-05-2026, 19:41:20";"Niet geactiveerd";"NIET_GEACTIVEERD";"";""
"1406";"Basis";"Synthetische medewerker 017";"SYN-M-0017";"Synthetisch team Noord";"Begeleiding";"Ondersteuning tijdens avond- of nachtdienst";"Cliënt";"Synthetische cliënt 0505";"SYN-C-00505";"Synthetische hoofdlocatie 006";"12-05-2026, 21:03:07";"12-05-2026, 22:11:07";"LATE_ACTIVATIE";"";"68"
"1701";"Basis";"Synthetische medewerker 214";"SYN-M-0214";"Synthetisch team Oost";"Nachtdienst";"Ondersteuning tijdens avond- of nachtdienst";"Cliënt";"Synthetische cliënt 0598";"SYN-C-00598";"Synthetische hoofdlocatie 024";"12-05-2026, 21:22:15";"12-05-2026, 23:00:15";"LATE_ACTIVATIE";"";"98"
"465";"Basis";"Synthetische medewerker 046";"SYN-M-0046";"Synthetisch team Oost";"Nachtdienst";"Acute ondersteuning buiten het vaste team";"Cliënt";"Synthetische cliënt 0152";"SYN-C-00152";"Synthetische hoofdlocatie 003";"12-05-2026, 21:29:31";"12-05-2026, 22:09:31";"LATE_ACTIVATIE";"";"40"
"607";"Basis";"Synthetische medewerker 176";"SYN-M-0176";"Synthetisch testteam met lange naam";"Verpleegkundige testfunctie";"Ondersteuning tijdens avond- of nachtdienst";"Cliënt";"Synthetische cliënt 0238";"SYN-C-00238";"Synthetische hoofdlocatie 014";"12-05-2026, 22:07:19";"13-05-2026, 00:03:19";"LATE_ACTIVATIE";"";"116"
"458";"Basis";"Synthetische medewerker 057";"SYN-M-0057";"Synthetisch team Noord";"Begeleiding";"Acute ondersteuning buiten het vaste team";"Cliënt";"Synthetische cliënt 0007";"SYN-C-00007";"Synthetische hoofdlocatie 008";"12-05-2026, 22:19:19";"12-05-2026, 22:29:19";"LATE_ACTIVATIE";"";"10"
"984";"Basis";"Synthetische medewerker 119";"SYN-M-0119";"Synthetisch team West";"Synthetische deskundigheid";"Tijdelijke vervanging binnen het testrooster";"Locatie";"Synthetische locatie 026";"SYN-L-0026";"Synthetische hoofdlocatie 021";"13-05-2026, 07:00:13";"13-05-2026, 07:53:13";"LATE_ACTIVATIE";"";"53"
"1208";"Basis";"Synthetische medewerker 013";"SYN-M-0013";"Synthetisch team Noord";"Begeleiding";"Tijdelijke vervanging binnen het testrooster";"Locatie";"Synthetische locatie 001";"SYN-L-0001";"Synthetische hoofdlocatie 016";"13-05-2026, 07:32:59";"13-05-2026, 08:24:59";"LATE_ACTIVATIE";"";"52"
"1172";"Basis";"Synthetische medewerker 206";"SYN-M-0206";"Synthetisch team Oost";"Nachtdienst";"Synthetische reden voor geautomatiseerde layoutcontrole";"Cliënt";"Synthetische cliënt 0235";"SYN-C-00235";"Synthetische hoofdlocatie 011";"13-05-2026, 07:57:15";"13-05-2026, 09:38:15";"LATE_ACTIVATIE";"";"101"
"1416";"Basis";"Synthetische medewerker 143";"SYN-M-0143";"Synthetisch team West";"Synthetische deskundigheid";"Voorbereiding van een geplande synthetische handeling";"Cliënt";"Synthetische cliënt 0051";"SYN-C-00051";"Synthetische hoofdlocatie 002";"13-05-2026, 08:03:46";"13-05-2026, 09:35:46";"LATE_ACTIVATIE";"";"92"
"1807";"Basis";"Synthetische medewerker 035";"SYN-M-0035";"Synthetisch team West";"Synthetische deskundigheid";"Tijdelijke vervanging binnen het testrooster";"Cliënt";"Synthetische cliënt 0270";"SYN-C-00270";"Synthetische hoofdlocatie 021";"13-05-2026, 08:27:31";"13-05-2026, 09:07:31";"LATE_ACTIVATIE";"";"40"
"1664";"Basis";"Synthetische medewerker 057";"SYN-M-0057";"Synthetisch team Noord";"Begeleiding";"Voorbereiding van een geplande synthetische handeling";"Cliënt";"Synthetische cliënt 0135";"SYN-C-00135";"Synthetische hoofdlocatie 011";"13-05-2026, 09:29:24";"Niet geactiveerd";"NIET_GEACTIVEERD";"";""
"403";"Basis";"Synthetische medewerker 197";"SYN-M-0197";"Synthetisch team Noord";"Begeleiding";"Tijdelijke vervanging binnen het testrooster";"Locatie";"Synthetische locatie 014";"SYN-L-0014";"Synthetische hoofdlocatie 014";"13-05-2026, 09:55:53";"13-05-2026, 11:15:53";"LATE_ACTIVATIE";"";"80"
"1246";"Basis";"Synthetische medewerker 178";"SYN-M-0178";"Synthetisch team Oost";"Nachtdienst";"Controle na overdracht van zorg";"Cliënt";"Synthetische cliënt 0565";"SYN-C-00565";"Synthetische hoofdlocatie 016";"13-05-2026, 10:05:37";"13-05-2026, 11:04:37";"LATE_ACTIVATIE";"";"59"
"1870";"Basis";"Synthetische medewerker 200";"SYN-M-0200";"Synthetisch testteam met lange naam";"Verpleegkundige testfunctie";"Tijdelijke vervanging binnen het testrooster";"Cliënt";"Synthetische cliënt 0154";"SYN-C-00154";"Synthetische hoofdlocatie 005";"13-05-2026, 11:17:20";"13-05-2026, 11:44:20";"LATE_ACTIVATIE";"";"27"
"1489";"Basis";"Synthetische medewerker 224";"SYN-M-0224";"Synthetisch testteam met lange naam";"Verpleegkundige testfunctie";"Controle na overdracht van zorg";"Locatie";"Synthetische locatie 001";"SYN-L-0001";"Synthetische hoofdlocatie 006";"13-05-2026, 12:05:54";"13-05-2026, 13:42:54";"LATE_ACTIVATIE";"";"97"
"1106";"Basis";"Synthetische medewerker 113";"SYN-M-0113";"Synthetisch team Noord";"Begeleiding";"Controle na overdracht van zorg";"Cliënt";"Synthetische cliënt 0183";"SYN-C-00183";"Synthetische hoofdlocatie 009";"13-05-2026, 12:19:16";"13-05-2026, 12:06:16";"ONGELDIGE_ACTIVATIE";"";"-13"
"1295";"Basis";"Synthetische medewerker 212";"SYN-M-0212";"Synthetisch testteam met lange naam";"Verpleegkundige testfunctie";"Controle na overdracht van zorg";"Cliënt";"Synthetische cliënt 0207";"SYN-C-00207";"Synthetische hoofdlocatie 008";"13-05-2026, 12:24:36";"Niet geactiveerd";"NIET_GEACTIVEERD";"";""
"1739";"Basis";"Synthetische medewerker 159";"SYN-M-0159";"Synthetisch team West";"Synthetische deskundigheid";"Synthetische reden voor geautomatiseerde layoutcontrole";"Cliënt";"Synthetische cliënt 0522";"SYN-C-00522";"Synthetische hoofdlocatie 023";"13-05-2026, 12:44:52";"13-05-2026, 13:18:52";"LATE_ACTIVATIE";"";"34"
"1171";"Basis";"Synthetische medewerker 040";"SYN-M-0040";"Synthetisch testteam met lange naam";"Verpleegkundige testfunctie";"Synthetische reden voor geautomatiseerde layoutcontrole";"Cliënt";"Synthetische cliënt 0560";"SYN-C-00560";"Synthetische hoofdlocatie 011";"13-05-2026, 12:57:28";"13-05-2026, 13:50:28";"LATE_ACTIVATIE";"";"53"
"1203";"Basis";"Synthetische medewerker 197";"SYN-M-0197";"Synthetisch team Noord";"Begeleiding";"Controle na overdracht van zorg";"Cliënt";"Synthetische cliënt 0363";"SYN-C-00363";"Synthetische hoofdlocatie 014";"13-05-2026, 13:20:06";"13-05-2026, 14:57:06";"LATE_ACTIVATIE";"";"97"
"1317";"Basis";"Synthetische medewerker 170";"SYN-M-0170";"Synthetisch team Oost";"Nachtdienst";"Acute ondersteuning buiten het vaste team";"Cliënt";"Synthetische cliënt 0338";"SYN-C-00338";"Synthetische hoofdlocatie 014";"13-05-2026, 14:09:09";"13-05-2026, 14:24:09";"LATE_ACTIVATIE";"";"15"
"800";"Basis";"Synthetische medewerker 206";"SYN-M-0206";"Synthetisch team Oost";"Nachtdienst";"Ondersteuning tijdens avond- of nachtdienst";"Cliënt";"Synthetische cliënt 0490";"SYN-C-00490";"Synthetische hoofdlocatie 016";"13-05-2026, 15:28:40";"13-05-2026, 16:48:40";"LATE_ACTIVATIE";"";"80"
"1118";"Basis";"Synthetische medewerker 128";"SYN-M-0128";"Synthetisch testteam met lange naam";"Verpleegkundige testfunctie";"Controle na overdracht van zorg";"Cliënt";"Synthetische cliënt 0321";"SYN-C-00321";"Synthetische hoofdlocatie 022";"13-05-2026, 16:41:31";"Niet geactiveerd";"NIET_GEACTIVEERD";"";""
"531";"Basis";"Synthetische medewerker 011";"SYN-M-0011";"Synthetisch team West";"Synthetische deskundigheid";"Tijdelijke vervanging binnen het testrooster";"Cliënt";"Synthetische cliënt 0178";"SYN-C-00178";"Synthetische hoofdlocatie 004";"13-05-2026, 18:03:31";"Niet geactiveerd";"NIET_GEACTIVEERD";"";""
"1398";"Basis";"Synthetische medewerker 117";"SYN-M-0117";"Synthetisch team Noord";"Begeleiding";"Synthetische reden voor geautomatiseerde layoutcontrole";"Cliënt";"Synthetische cliënt 0566";"SYN-C-00566";"Synthetische hoofdlocatie 017";"13-05-2026, 18:03:54";"13-05-2026, 19:09:54";"LATE_ACTIVATIE";"";"66"
"1059";"Basis";"Synthetische medewerker 021";"SYN-M-0021";"Synthetisch team Noord";"Begeleiding";"Tijdelijke vervanging binnen het testrooster";"Locatie";"Synthetische locatie 023";"SYN-L-0023";"Synthetische hoofdlocatie 023";"13-05-2026, 18:58:52";"13-05-2026, 19:30:52";"LATE_ACTIVATIE";"";"32"
"1044";"Basis";"Synthetische medewerker 152";"SYN-M-0152";"Synthetisch testteam met lange naam";"Verpleegkundige testfunctie";"Tijdelijke vervanging binnen het testrooster";"Locatie";"Synthetische locatie 034";"SYN-L-0034";"Synthetische hoofdlocatie 004";"13-05-2026, 19:43:04";"13-05-2026, 21:07:04";"LATE_ACTIVATIE";"";"84"
"528";"Basis";"Synthetische medewerker 080";"SYN-M-0080";"Synthetisch testteam met lange naam";"Verpleegkundige testfunctie";"Ondersteuning tijdens avond- of nachtdienst";"Cliënt";"Synthetische cliënt 0577";"SYN-C-00577";"Synthetische hoofdlocatie 003";"13-05-2026, 20:22:08";"13-05-2026, 21:33:08";"LATE_ACTIVATIE";"";"71"
"510";"Basis";"Synthetische medewerker 176";"SYN-M-0176";"Synthetisch testteam met lange naam";"Verpleegkundige testfunctie";"Synthetische reden voor geautomatiseerde layoutcontrole";"Cliënt";"Synthetische cliënt 0532";"SYN-C-00532";"Synthetische hoofdlocatie 008";"13-05-2026, 20:52:07";"Niet geactiveerd";"NIET_GEACTIVEERD";"";""
"1673";"Basis";"Synthetische medewerker 081";"SYN-M-0081";"Synthetisch team Noord";"Begeleiding";"Controle na overdracht van zorg";"Cliënt";"Synthetische cliënt 0236";"SYN-C-00236";"Synthetische hoofdlocatie 012";"13-05-2026, 20:54:43";"13-05-2026, 22:34:43";"LATE_ACTIVATIE";"";"100"
"1083";"Basis";"Synthetische medewerker 058";"SYN-M-0058";"Synthetisch team Oost";"Nachtdienst";"Controle na overdracht van zorg";"Locatie";"Synthetische locatie 009";"SYN-L-0009";"Synthetische hoofdlocatie 014";"13-05-2026, 22:28:02";"Niet geactiveerd";"NIET_GEACTIVEERD";"";""
"1266";"Basis";"Synthetische medewerker 213";"SYN-M-0213";"Synthetisch team Noord";"Begeleiding";"Tijdelijke vervanging binnen het testrooster";"Cliënt";"Synthetische cliënt 0072";"SYN-C-00072";"Synthetische hoofdlocatie 023";"13-05-2026, 22:32:10";"Niet geactiveerd";"NIET_GEACTIVEERD";"";""
"1732";"Basis";"Synthetische medewerker 106";"SYN-M-0106";"Synthetisch team Oost";"Nachtdienst";"Voorbereiding van een geplande synthetische handeling";"Cliënt";"Synthetische cliënt 0543";"SYN-C-00543";"Synthetische hoofdlocatie 019";"14-05-2026, 04:58:32";"14-05-2026, 04:59:32";"NACHT";"";"1"
"118";"Basis";"Synthetische medewerker 232";"SYN-M-0232";"Synthetisch testteam met lange naam";"Verpleegkundige testfunctie";"Tijdelijke vervanging binnen het testrooster";"Locatie";"Synthetische locatie 009";"SYN-L-0009";"Synthetische hoofdlocatie 024";"14-05-2026, 06:58:06";"Niet geactiveerd";"NIET_GEACTIVEERD";"";""
"832";"Basis";"Synthetische medewerker 020";"SYN-M-0020";"Synthetisch testteam met lange naam";"Verpleegkundige testfunctie";"Controle na overdracht van zorg";"Cliënt";"Synthetische cliënt 0122";"SYN-C-00122";"Synthetische hoofdlocatie 023";"14-05-2026, 08:01:17";"Niet geactiveerd";"NIET_GEACTIVEERD";"";""
"1567";"Basis";"Synthetische medewerker 144";"SYN-M-0144";"Synthetisch testteam met lange naam";"Verpleegkundige testfunctie";"Ondersteuning tijdens avond- of nachtdienst";"Cliënt";"Synthetische cliënt 0447";"SYN-C-00447";"Synthetische hoofdlocatie 023";"14-05-2026, 10:45:56";"14-05-2026, 12:34:56";"LATE_ACTIVATIE";"";"109"
"451";"Basis";"Synthetische medewerker 142";"SYN-M-0142";"Synthetisch team Oost";"Nachtdienst";"Tijdelijke vervanging binnen het testrooster";"Locatie";"Synthetische locatie 033";"SYN-L-0033";"Synthetische hoofdlocatie 018";"14-05-2026, 11:05:49";"14-05-2026, 12:17:49";"LATE_ACTIVATIE";"";"72"
"1867";"Basis";"Synthetische medewerker 111";"SYN-M-0111";"Synthetisch team West";"Synthetische deskundigheid";"Ondersteuning tijdens avond- of nachtdienst";"Cliënt";"Synthetische cliënt 0490";"SYN-C-00490";"Synthetische hoofdlocatie 016";"14-05-2026, 11:39:56";"14-05-2026, 11:50:56";"LATE_ACTIVATIE";"";"11"
"1589";"Basis";"Synthetische medewerker 130";"SYN-M-0130";"Synthetisch team Oost";"Nachtdienst";"Synthetische reden voor geautomatiseerde layoutcontrole";"Cliënt";"Synthetische cliënt 0450";"SYN-C-00450";"Synthetische hoofdlocatie 001";"14-05-2026, 13:10:13";"Niet geactiveerd";"NIET_GEACTIVEERD";"";""
"466";"Basis";"Synthetische medewerker 096";"SYN-M-0096";"Synthetisch testteam met lange naam";"Verpleegkundige testfunctie";"Ondersteuning tijdens avond- of nachtdienst";"Cliënt";"Synthetische cliënt 0005";"SYN-C-00005";"Synthetische hoofdlocatie 006";"14-05-2026, 13:32:45";"14-05-2026, 15:08:45";"LATE_ACTIVATIE";"";"96"
"880";"Basis";"Synthetische medewerker 004";"SYN-M-0004";"Synthetisch testteam met lange naam";"Verpleegkundige testfunctie";"Synthetische reden voor geautomatiseerde layoutcontrole";"Cliënt";"Synthetische cliënt 0276";"SYN-C-00276";"Synthetische hoofdlocatie 002";"14-05-2026, 14:35:40";"14-05-2026, 16:24:40";"LATE_ACTIVATIE";"";"109"
"1456";"Basis";"Synthetische medewerker 002";"SYN-M-0002";"Synthetisch team Oost";"Nachtdienst";"Tijdelijke vervanging binnen het testrooster";"Locatie";"Synthetische locatie 018";"SYN-L-0018";"Synthetische hoofdlocatie 023";"14-05-2026, 16:07:14";"14-05-2026, 16:46:14";"LATE_ACTIVATIE";"";"39"
"1179";"Basis";"Synthetische medewerker 094";"SYN-M-0094";"Synthetisch team Oost";"Nachtdienst";"Tijdelijke vervanging binnen het testrooster";"Cliënt";"Synthetische cliënt 0564";"SYN-C-00564";"Synthetische hoofdlocatie 015";"14-05-2026, 16:57:33";"14-05-2026, 17:41:33";"LATE_ACTIVATIE";"";"44"
"134";"Basis";"Synthetische medewerker 003";"SYN-M-0003";"Synthetisch team West";"Synthetische deskundigheid";"Tijdelijke vervanging binnen het testrooster";"Cliënt";"Synthetische cliënt 0333";"SYN-C-00333";"Synthetische hoofdlocatie 009";"14-05-2026, 16:58:56";"14-05-2026, 18:30:56";"LATE_ACTIVATIE";"";"92"
"297";"Basis";"Synthetische medewerker 122";"SYN-M-0122";"Synthetisch team Oost";"Nachtdienst";"Ondersteuning tijdens avond- of nachtdienst";"Cliënt";"Synthetische cliënt 0295";"SYN-C-00295";"Synthetische hoofdlocatie 021";"14-05-2026, 17:38:06";"Niet geactiveerd";"NIET_GEACTIVEERD";"";""
"1546";"Basis";"Synthetische medewerker 108";"SYN-M-0108";"Synthetisch testteam met lange naam";"Verpleegkundige testfunctie";"Acute ondersteuning buiten het vaste team";"Cliënt";"Synthetische cliënt 0035";"SYN-C-00035";"Synthetische hoofdlocatie 011";"14-05-2026, 18:57:32";"Niet geactiveerd";"NIET_GEACTIVEERD";"";""
"1063";"Basis";"Synthetische medewerker 046";"SYN-M-0046";"Synthetisch team Oost";"Nachtdienst";"Controle na overdracht van zorg";"Cliënt";"Synthetische cliënt 0094";"SYN-C-00094";"Synthetische hoofdlocatie 020";"14-05-2026, 19:19:16";"14-05-2026, 21:17:16";"LATE_ACTIVATIE";"";"118"
"446";"Basis";"Synthetische medewerker 083";"SYN-M-0083";"Synthetisch team West";"Synthetische deskundigheid";"Synthetische reden voor geautomatiseerde layoutcontrole";"Locatie";"Synthetische locatie 002";"SYN-L-0002";"Synthetische hoofdlocatie 022";"14-05-2026, 20:48:22";"14-05-2026, 21:22:22";"LATE_ACTIVATIE";"";"34"
"457";"Basis";"Synthetische medewerker 081";"SYN-M-0081";"Synthetisch team Noord";"Begeleiding";"Synthetische reden voor geautomatiseerde layoutcontrole";"Cliënt";"Synthetische cliënt 0532";"SYN-C-00532";"Synthetische hoofdlocatie 008";"14-05-2026, 21:23:05";"14-05-2026, 23:11:05";"LATE_ACTIVATIE";"";"108"
"644";"Basis";"Synthetische medewerker 140";"SYN-M-0140";"Synthetisch testteam met lange naam";"Verpleegkundige testfunctie";"Controle na overdracht van zorg";"Cliënt";"Synthetische cliënt 0225";"SYN-C-00225";"Synthetische hoofdlocatie 001";"14-05-2026, 22:03:14";"14-05-2026, 23:51:14";"LATE_ACTIVATIE";"";"108"
"493";"Basis";"Synthetische medewerker 042";"SYN-M-0042";"Synthetisch team Oost";"Nachtdienst";"Voorbereiding van een geplande synthetische handeling";"Cliënt";"Synthetische cliënt 0179";"SYN-C-00179";"Synthetische hoofdlocatie 005";"14-05-2026, 22:20:40";"14-05-2026, 23:53:40";"LATE_ACTIVATIE";"";"93"
"1585";"Basis";"Synthetische medewerker 236";"SYN-M-0236";"Synthetisch testteam met lange naam";"Verpleegkundige testfunctie";"Acute ondersteuning buiten het vaste team";"Cliënt";"Synthetische cliënt 0576";"SYN-C-00576";"Synthetische hoofdlocatie 002";"14-05-2026, 22:28:25";"14-05-2026, 23:40:25";"LATE_ACTIVATIE";"";"72"
"547";"Basis";"Synthetische medewerker 005";"SYN-M-0005";"Synthetisch team Noord";"Begeleiding";"Synthetische reden voor geautomatiseerde layoutcontrole";"Locatie";"Synthetische locatie 027";"SYN-L-0027";"Synthetische hoofdlocatie 002";"14-05-2026, 22:45:16";"14-05-2026, 22:29:16";"ONGELDIGE_ACTIVATIE";"";"-16"
"55";"Basis";"Synthetische medewerker 005";"SYN-M-0005";"Synthetisch team Noord";"Begeleiding";"Controle na overdracht van zorg";"Cliënt";"Synthetische cliënt 0418";"SYN-C-00418";"Synthetische hoofdlocatie 019";"15-05-2026, 06:21:13";"15-05-2026, 07:01:13";"LATE_ACTIVATIE";"";"40"
"854";"Basis";"Synthetische medewerker 015";"SYN-M-0015";"Synthetisch team West";"Synthetische deskundigheid";"Acute ondersteuning buiten het vaste team";"Cliënt";"Synthetische cliënt 0567";"SYN-C-00567";"Synthetische hoofdlocatie 018";"15-05-2026, 07:56:55";"15-05-2026, 09:43:55";"LATE_ACTIVATIE";"";"107"
"385";"Basis";"Synthetische medewerker 199";"SYN-M-0199";"Synthetisch team West";"Synthetische deskundigheid";"Ondersteuning tijdens avond- of nachtdienst";"Cliënt";"Synthetische cliënt 0238";"SYN-C-00238";"Synthetische hoofdlocatie 014";"15-05-2026, 09:12:56";"15-05-2026, 09:56:56";"LATE_ACTIVATIE";"";"44"
"436";"Basis";"Synthetische medewerker 234";"SYN-M-0234";"Synthetisch team Oost";"Nachtdienst";"Acute ondersteuning buiten het vaste team";"Cliënt";"Synthetische cliënt 0542";"SYN-C-00542";"Synthetische hoofdlocatie 018";"15-05-2026, 09:46:48";"Niet geactiveerd";"NIET_GEACTIVEERD";"";""
"13";"Basis";"Synthetische medewerker 059";"SYN-M-0059";"Synthetisch team West";"Synthetische deskundigheid";"Voorbereiding van een geplande synthetische handeling";"Cliënt";"Synthetische cliënt 0172";"SYN-C-00172";"Synthetische hoofdlocatie 023";"15-05-2026, 11:10:47";"15-05-2026, 12:22:47";"LATE_ACTIVATIE";"";"72"
"1592";"Basis";"Synthetische medewerker 198";"SYN-M-0198";"Synthetisch team Oost";"Nachtdienst";"Synthetische reden voor geautomatiseerde layoutcontrole";"Cliënt";"Synthetische cliënt 0031";"SYN-C-00031";"Synthetische hoofdlocatie 007";"15-05-2026, 11:14:10";"15-05-2026, 11:56:10";"LATE_ACTIVATIE";"";"42"
"859";"Basis";"Synthetische medewerker 191";"SYN-M-0191";"Synthetisch team West";"Synthetische deskundigheid";"Voorbereiding van een geplande synthetische handeling";"Cliënt";"Synthetische cliënt 0053";"SYN-C-00053";"Synthetische hoofdlocatie 004";"15-05-2026, 12:00:16";"15-05-2026, 13:59:16";"LATE_ACTIVATIE";"";"119"
"1078";"Basis";"Synthetische medewerker 122";"SYN-M-0122";"Synthetisch team Oost";"Nachtdienst";"Tijdelijke vervanging binnen het testrooster";"Cliënt";"Synthetische cliënt 0501";"SYN-C-00501";"Synthetische hoofdlocatie 002";"15-05-2026, 12:23:16";"15-05-2026, 12:57:16";"LATE_ACTIVATIE";"";"34"
"1604";"Basis";"Synthetische medewerker 059";"SYN-M-0059";"Synthetisch team West";"Synthetische deskundigheid";"Controle na overdracht van zorg";"Cliënt";"Synthetische cliënt 0344";"SYN-C-00344";"Synthetische hoofdlocatie 020";"15-05-2026, 12:40:08";"15-05-2026, 13:24:08";"LATE_ACTIVATIE";"";"44"
"1237";"Basis";"Synthetische medewerker 235";"SYN-M-0235";"Synthetisch team West";"Synthetische deskundigheid";"Synthetische reden voor geautomatiseerde layoutcontrole";"Cliënt";"Synthetische cliënt 0014";"SYN-C-00014";"Synthetische hoofdlocatie 015";"15-05-2026, 12:57:25";"15-05-2026, 14:23:25";"LATE_ACTIVATIE";"";"86"
"1028";"Basis";"Synthetische medewerker 167";"SYN-M-0167";"Synthetisch team West";"Synthetische deskundigheid";"Controle na overdracht van zorg";"Locatie";"Synthetische locatie 035";"SYN-L-0035";"Synthetische hoofdlocatie 020";"15-05-2026, 14:02:40";"15-05-2026, 16:00:40";"LATE_ACTIVATIE";"";"118"
"1429";"Basis";"Synthetische medewerker 151";"SYN-M-0151";"Synthetisch team West";"Synthetische deskundigheid";"Tijdelijke vervanging binnen het testrooster";"Cliënt";"Synthetische cliënt 0225";"SYN-C-00225";"Synthetische hoofdlocatie 001";"15-05-2026, 14:39:02";"15-05-2026, 15:36:02";"LATE_ACTIVATIE";"";"57"
"64";"Basis";"Synthetische medewerker 068";"SYN-M-0068";"Synthetisch testteam met lange naam";"Verpleegkundige testfunctie";"Ondersteuning tijdens avond- of nachtdienst";"Cliënt";"Synthetische cliënt 0103";"SYN-C-00103";"Synthetische hoofdlocatie 004";"15-05-2026, 15:40:36";"Niet geactiveerd";"NIET_GEACTIVEERD";"";""
"1865";"Basis";"Synthetische medewerker 106";"SYN-M-0106";"Synthetisch team Oost";"Nachtdienst";"Acute ondersteuning buiten het vaste team";"Cliënt";"Synthetische cliënt 0110";"SYN-C-00110";"Synthetische hoofdlocatie 011";"15-05-2026, 16:08:55";"15-05-2026, 16:43:55";"LATE_ACTIVATIE";"";"35"
"62";"Basis";"Synthetische medewerker 168";"SYN-M-0168";"Synthetisch testteam met lange naam";"Verpleegkundige testfunctie";"Tijdelijke vervanging binnen het testrooster";"Cliënt";"Synthetische cliënt 0023";"SYN-C-00023";"Synthetische hoofdlocatie 024";"15-05-2026, 20:27:50";"15-05-2026, 20:31:50";"LATE_ACTIVATIE";"";"4"
"1267";"Basis";"Synthetische medewerker 079";"SYN-M-0079";"Synthetisch team West";"Synthetische deskundigheid";"Controle na overdracht van zorg";"Locatie";"Synthetische locatie 023";"SYN-L-0023";"Synthetische hoofdlocatie 013";"15-05-2026, 20:32:25";"15-05-2026, 21:20:25";"LATE_ACTIVATIE";"";"48"
"815";"Basis";"Synthetische medewerker 071";"SYN-M-0071";"Synthetisch team West";"Synthetische deskundigheid";"Ondersteuning tijdens avond- of nachtdienst";"Locatie";"Synthetische locatie 009";"SYN-L-0009";"Synthetische hoofdlocatie 019";"15-05-2026, 20:34:53";"15-05-2026, 21:27:53";"LATE_ACTIVATIE";"";"53"
"1135";"Basis";"Synthetische medewerker 156";"SYN-M-0156";"Synthetisch testteam met lange naam";"Verpleegkundige testfunctie";"Voorbereiding van een geplande synthetische handeling";"Cliënt";"Synthetische cliënt 0486";"SYN-C-00486";"Synthetische hoofdlocatie 012";"15-05-2026, 21:35:19";"15-05-2026, 22:46:19";"LATE_ACTIVATIE";"";"71"
"1976";"Basis";"Synthetische medewerker 106";"SYN-M-0106";"Synthetisch team Oost";"Nachtdienst";"Synthetische reden voor geautomatiseerde layoutcontrole";"Cliënt";"Synthetische cliënt 0377";"SYN-C-00377";"Synthetische hoofdlocatie 003";"15-05-2026, 21:38:54";"15-05-2026, 22:32:54";"LATE_ACTIVATIE";"";"54"
"1606";"Basis";"Synthetische medewerker 227";"SYN-M-0227";"Synthetisch team West";"Synthetische deskundigheid";"Controle na overdracht van zorg";"Locatie";"Synthetische locatie 035";"SYN-L-0035";"Synthetische hoofdlocatie 010";"16-05-2026, 06:32:53";"16-05-2026, 06:11:53";"ONGELDIGE_ACTIVATIE";"";"-21"
"957";"Basis";"Synthetische medewerker 093";"SYN-M-0093";"Synthetisch team Noord";"Begeleiding";"Acute ondersteuning buiten het vaste team";"Cliënt";"Synthetische cliënt 0557";"SYN-C-00557";"Synthetische hoofdlocatie 008";"16-05-2026, 07:20:03";"16-05-2026, 09:16:03";"LATE_ACTIVATIE";"";"116"
"523";"Basis";"Synthetische medewerker 096";"SYN-M-0096";"Synthetisch testteam met lange naam";"Verpleegkundige testfunctie";"Tijdelijke vervanging binnen het testrooster";"Cliënt";"Synthetische cliënt 0499";"SYN-C-00499";"Synthetische hoofdlocatie 025";"16-05-2026, 09:02:39";"Niet geactiveerd";"NIET_GEACTIVEERD";"";""
"1160";"Basis";"Synthetische medewerker 085";"SYN-M-0085";"Synthetisch team Noord";"Begeleiding";"Synthetische reden voor geautomatiseerde layoutcontrole";"Cliënt";"Synthetische cliënt 0380";"SYN-C-00380";"Synthetische hoofdlocatie 006";"16-05-2026, 10:12:35";"16-05-2026, 11:32:35";"LATE_ACTIVATIE";"";"80"
"521";"Basis";"Synthetische medewerker 073";"SYN-M-0073";"Synthetisch team Noord";"Begeleiding";"Synthetische reden voor geautomatiseerde layoutcontrole";"Cliënt";"Synthetische cliënt 0306";"SYN-C-00306";"Synthetische hoofdlocatie 007";"16-05-2026, 14:19:42";"16-05-2026, 14:39:42";"LATE_ACTIVATIE";"";"20"
"1100";"Basis";"Synthetische medewerker 163";"SYN-M-0163";"Synthetisch team West";"Synthetische deskundigheid";"Synthetische reden voor geautomatiseerde layoutcontrole";"Cliënt";"Synthetische cliënt 0238";"SYN-C-00238";"Synthetische hoofdlocatie 014";"16-05-2026, 16:55:13";"16-05-2026, 18:38:13";"LATE_ACTIVATIE";"";"103"
"1142";"Basis";"Synthetische medewerker 172";"SYN-M-0172";"Synthetisch testteam met lange naam";"Verpleegkundige testfunctie";"Tijdelijke vervanging binnen het testrooster";"Locatie";"Synthetische locatie 029";"SYN-L-0029";"Synthetische hoofdlocatie 019";"16-05-2026, 17:59:18";"16-05-2026, 19:09:18";"LATE_ACTIVATIE";"";"70"
"294";"Basis";"Synthetische medewerker 020";"SYN-M-0020";"Synthetisch testteam met lange naam";"Verpleegkundige testfunctie";"Acute ondersteuning buiten het vaste team";"Cliënt";"Synthetische cliënt 0516";"SYN-C-00516";"Synthetische hoofdlocatie 017";"16-05-2026, 18:00:47";"16-05-2026, 19:58:47";"LATE_ACTIVATIE";"";"118"
"1910";"Basis";"Synthetische medewerker 187";"SYN-M-0187";"Synthetisch team West";"Synthetische deskundigheid";"Synthetische reden voor geautomatiseerde layoutcontrole";"Cliënt";"Synthetische cliënt 0061";"SYN-C-00061";"Synthetische hoofdlocatie 012";"16-05-2026, 20:20:02";"16-05-2026, 21:10:02";"LATE_ACTIVATIE";"";"50"
"456";"Basis";"Synthetische medewerker 171";"SYN-M-0171";"Synthetisch team West";"Synthetische deskundigheid";"Voorbereiding van een geplande synthetische handeling";"Locatie";"Synthetische locatie 021";"SYN-L-0021";"Synthetische hoofdlocatie 016";"16-05-2026, 20:44:15";"16-05-2026, 21:43:15";"LATE_ACTIVATIE";"";"59"
"919";"Basis";"Synthetische medewerker 026";"SYN-M-0026";"Synthetisch team Oost";"Nachtdienst";"Voorbereiding van een geplande synthetische handeling";"Cliënt";"Synthetische cliënt 0393";"SYN-C-00393";"Synthetische hoofdlocatie 019";"16-05-2026, 20:48:30";"Niet geactiveerd";"NIET_GEACTIVEERD";"";""
"499";"Basis";"Synthetische medewerker 220";"SYN-M-0220";"Synthetisch testteam met lange naam";"Verpleegkundige testfunctie";"Voorbereiding van een geplande synthetische handeling";"Cliënt";"Synthetische cliënt 0102";"SYN-C-00102";"Synthetische hoofdlocatie 003";"16-05-2026, 21:39:48";"16-05-2026, 22:32:48";"LATE_ACTIVATIE";"";"53"
"788";"Basis";"Synthetische medewerker 095";"SYN-M-0095";"Synthetisch team West";"Synthetische deskundigheid";"Controle na overdracht van zorg";"Cliënt";"Synthetische cliënt 0520";"SYN-C-00520";"Synthetische hoofdlocatie 021";"16-05-2026, 22:39:06";"Niet geactiveerd";"NIET_GEACTIVEERD";"";""
"1428";"Basis";"Synthetische medewerker 125";"SYN-M-0125";"Synthetisch team Noord";"Begeleiding";"Controle na overdracht van zorg";"Cliënt";"Synthetische cliënt 0491";"SYN-C-00491";"Synthetische hoofdlocatie 017";"17-05-2026, 06:51:05";"17-05-2026, 06:59:05";"LATE_ACTIVATIE";"";"8"
"187";"Basis";"Synthetische medewerker 081";"SYN-M-0081";"Synthetisch team Noord";"Begeleiding";"Ondersteuning tijdens avond- of nachtdienst";"Cliënt";"Synthetische cliënt 0383";"SYN-C-00383";"Synthetische hoofdlocatie 009";"17-05-2026, 06:54:15";"17-05-2026, 07:33:15";"LATE_ACTIVATIE";"";"39"
"733";"Basis";"Synthetische medewerker 131";"SYN-M-0131";"Synthetisch team West";"Synthetische deskundigheid";"Synthetische reden voor geautomatiseerde layoutcontrole";"Cliënt";"Synthetische cliënt 0033";"SYN-C-00033";"Synthetische hoofdlocatie 009";"17-05-2026, 07:32:31";"17-05-2026, 08:53:31";"LATE_ACTIVATIE";"";"81"
"629";"Basis";"Synthetische medewerker 185";"SYN-M-0185";"Synthetisch team Noord";"Begeleiding";"Voorbereiding van een geplande synthetische handeling";"Cliënt";"Synthetische cliënt 0330";"SYN-C-00330";"Synthetische hoofdlocatie 006";"17-05-2026, 07:52:06";"Niet geactiveerd";"NIET_GEACTIVEERD";"";""
"891";"Basis";"Synthetische medewerker 029";"SYN-M-0029";"Synthetisch team Noord";"Begeleiding";"Acute ondersteuning buiten het vaste team";"Locatie";"Synthetische locatie 012";"SYN-L-0012";"Synthetische hoofdlocatie 022";"17-05-2026, 08:22:39";"17-05-2026, 09:27:39";"LATE_ACTIVATIE";"";"65"
"51";"Basis";"Synthetische medewerker 146";"SYN-M-0146";"Synthetisch team Oost";"Nachtdienst";"Tijdelijke vervanging binnen het testrooster";"Cliënt";"Synthetische cliënt 0468";"SYN-C-00468";"Synthetische hoofdlocatie 019";"17-05-2026, 09:16:51";"17-05-2026, 09:18:51";"VEEL_MEDEWERKERS_CLIENT";"";"2"
"90";"Basis";"Synthetische medewerker 123";"SYN-M-0123";"Synthetisch team West";"Synthetische deskundigheid";"Tijdelijke vervanging binnen het testrooster";"Cliënt";"Synthetische cliënt 0298";"SYN-C-00298";"Synthetische hoofdlocatie 024";"17-05-2026, 10:22:03";"17-05-2026, 12:15:03";"LATE_ACTIVATIE";"";"113"
"1644";"Basis";"Synthetische medewerker 075";"SYN-M-0075";"Synthetisch team West";"Synthetische deskundigheid";"Tijdelijke vervanging binnen het testrooster";"Cliënt";"Synthetische cliënt 0373";"SYN-C-00373";"Synthetische hoofdlocatie 024";"17-05-2026, 10:54:03";"17-05-2026, 12:27:03";"LATE_ACTIVATIE";"";"93"
"1989";"Basis";"Synthetische medewerker 159";"SYN-M-0159";"Synthetisch team West";"Synthetische deskundigheid";"Acute ondersteuning buiten het vaste team";"Cliënt";"Synthetische cliënt 0355";"SYN-C-00355";"Synthetische hoofdlocatie 006";"17-05-2026, 10:57:46";"17-05-2026, 11:23:46";"LATE_ACTIVATIE";"";"26"
"219";"Basis";"Synthetische medewerker 016";"SYN-M-0016";"Synthetisch testteam met lange naam";"Verpleegkundige testfunctie";"Tijdelijke vervanging binnen het testrooster";"Cliënt";"Synthetische cliënt 0103";"SYN-C-00103";"Synthetische hoofdlocatie 004";"17-05-2026, 12:29:27";"17-05-2026, 12:32:27";"LATE_ACTIVATIE";"";"3"
"692";"Basis";"Synthetische medewerker 020";"SYN-M-0020";"Synthetisch testteam met lange naam";"Verpleegkundige testfunctie";"Ondersteuning tijdens avond- of nachtdienst";"Cliënt";"Synthetische cliënt 0033";"SYN-C-00033";"Synthetische hoofdlocatie 009";"17-05-2026, 13:23:04";"17-05-2026, 13:41:04";"LATE_ACTIVATIE";"";"18"
"1633";"Basis";"Synthetische medewerker 087";"SYN-M-0087";"Synthetisch team West";"Synthetische deskundigheid";"Ondersteuning tijdens avond- of nachtdienst";"Cliënt";"Synthetische cliënt 0163";"SYN-C-00163";"Synthetische hoofdlocatie 014";"17-05-2026, 13:36:19";"17-05-2026, 15:07:19";"LATE_ACTIVATIE";"";"91"
"464";"Basis";"Synthetische medewerker 171";"SYN-M-0171";"Synthetisch team West";"Synthetische deskundigheid";"Synthetische reden voor geautomatiseerde layoutcontrole";"Cliënt";"Synthetische cliënt 0226";"SYN-C-00226";"Synthetische hoofdlocatie 002";"17-05-2026, 14:30:12";"17-05-2026, 15:29:12";"LATE_ACTIVATIE";"";"59"
"312";"Basis";"Synthetische medewerker 004";"SYN-M-0004";"Synthetisch testteam met lange naam";"Verpleegkundige testfunctie";"Voorbereiding van een geplande synthetische handeling";"Cliënt";"Synthetische cliënt 0385";"SYN-C-00385";"Synthetische hoofdlocatie 011";"17-05-2026, 16:01:18";"Niet geactiveerd";"NIET_GEACTIVEERD";"";""
"824";"Basis";"Synthetische medewerker 012";"SYN-M-0012";"Synthetisch testteam met lange naam";"Verpleegkundige testfunctie";"Ondersteuning tijdens avond- of nachtdienst";"Locatie";"Synthetische locatie 028";"SYN-L-0028";"Synthetische hoofdlocatie 013";"17-05-2026, 16:29:19";"Niet geactiveerd";"NIET_GEACTIVEERD";"";""
"26";"Basis";"Synthetische medewerker 074";"SYN-M-0074";"Synthetisch team Oost";"Nachtdienst";"Tijdelijke vervanging binnen het testrooster";"Cliënt";"Synthetische cliënt 0152";"SYN-C-00152";"Synthetische hoofdlocatie 003";"17-05-2026, 18:07:06";"Niet geactiveerd";"NIET_GEACTIVEERD";"";""
"189";"Basis";"Synthetische medewerker 143";"SYN-M-0143";"Synthetisch team West";"Synthetische deskundigheid";"Ondersteuning tijdens avond- of nachtdienst";"Cliënt";"Synthetische cliënt 0228";"SYN-C-00228";"Synthetische hoofdlocatie 004";"17-05-2026, 20:15:41";"Niet geactiveerd";"NIET_GEACTIVEERD";"";""
"1164";"Basis";"Synthetische medewerker 047";"SYN-M-0047";"Synthetisch team West";"Synthetische deskundigheid";"Tijdelijke vervanging binnen het testrooster";"Cliënt";"Synthetische cliënt 0055";"SYN-C-00055";"Synthetische hoofdlocatie 006";"17-05-2026, 20:40:17";"17-05-2026, 21:06:17";"LATE_ACTIVATIE";"";"26"
"1930";"Basis";"Synthetische medewerker 138";"SYN-M-0138";"Synthetisch team Oost";"Nachtdienst";"Voorbereiding van een geplande synthetische handeling";"Cliënt";"Synthetische cliënt 0347";"SYN-C-00347";"Synthetische hoofdlocatie 023";"17-05-2026, 21:43:13";"17-05-2026, 21:22:13";"ONGELDIGE_ACTIVATIE";"";"-21"
"1836";"Basis";"Synthetische medewerker 086";"SYN-M-0086";"Synthetisch team Oost";"Nachtdienst";"Voorbereiding van een geplande synthetische handeling";"Locatie";"Synthetische locatie 029";"SYN-L-0029";"Synthetische hoofdlocatie 004";"17-05-2026, 21:58:02";"17-05-2026, 22:10:02";"LATE_ACTIVATIE";"";"12"
"1198";"Basis";"Synthetische medewerker 040";"SYN-M-0040";"Synthetisch testteam met lange naam";"Verpleegkundige testfunctie";"Controle na overdracht van zorg";"Cliënt";"Synthetische cliënt 0296";"SYN-C-00296";"Synthetische hoofdlocatie 022";"17-05-2026, 22:40:03";"17-05-2026, 23:24:03";"LATE_ACTIVATIE";"";"44"
"1085";"Basis";"Synthetische medewerker 144";"SYN-M-0144";"Synthetisch testteam met lange naam";"Verpleegkundige testfunctie";"Controle na overdracht van zorg";"Cliënt";"Synthetische cliënt 0242";"SYN-C-00242";"Synthetische hoofdlocatie 018";"18-05-2026, 06:43:36";"18-05-2026, 06:57:36";"LATE_ACTIVATIE";"";"14"
"1009";"Basis";"Synthetische medewerker 149";"SYN-M-0149";"Synthetisch team Noord";"Begeleiding";"Ondersteuning tijdens avond- of nachtdienst";"Locatie";"Synthetische locatie 006";"SYN-L-0006";"Synthetische hoofdlocatie 001";"18-05-2026, 06:49:14";"18-05-2026, 07:38:14";"LATE_ACTIVATIE";"";"49"
"27";"Basis";"Synthetische medewerker 241";"SYN-M-0241";"Synthetisch team Noord";"Begeleiding";"Acute ondersteuning buiten het vaste team";"Cliënt";"Synthetische cliënt 0248";"SYN-C-00248";"Synthetische hoofdlocatie 024";"18-05-2026, 06:50:00";"18-05-2026, 08:31:00";"LATE_ACTIVATIE";"";"101"
"210";"Basis";"Synthetische medewerker 219";"SYN-M-0219";"Synthetisch team West";"Synthetische deskundigheid";"Voorbereiding van een geplande synthetische handeling";"Locatie";"Synthetische locatie 011";"SYN-L-0011";"Synthetische hoofdlocatie 016";"18-05-2026, 07:10:01";"18-05-2026, 06:47:01";"ONGELDIGE_ACTIVATIE";"";"-23"
"1705";"Basis";"Synthetische medewerker 144";"SYN-M-0144";"Synthetisch testteam met lange naam";"Verpleegkundige testfunctie";"Tijdelijke vervanging binnen het testrooster";"Cliënt";"Synthetische cliënt 0223";"SYN-C-00223";"Synthetische hoofdlocatie 024";"18-05-2026, 12:44:55";"18-05-2026, 14:32:55";"LATE_ACTIVATIE";"";"108"
"530";"Basis";"Synthetische medewerker 069";"SYN-M-0069";"Synthetisch team Noord";"Begeleiding";"Voorbereiding van een geplande synthetische handeling";"Cliënt";"Synthetische cliënt 0007";"SYN-C-00007";"Synthetische hoofdlocatie 008";"18-05-2026, 13:00:57";"18-05-2026, 14:36:57";"LATE_ACTIVATIE";"";"96"
"1866";"Basis";"Synthetische medewerker 189";"SYN-M-0189";"Synthetisch team Noord";"Begeleiding";"Controle na overdracht van zorg";"Cliënt";"Synthetische cliënt 0512";"SYN-C-00512";"Synthetische hoofdlocatie 013";"18-05-2026, 13:43:16";"18-05-2026, 15:23:16";"LATE_ACTIVATIE";"";"100"
"452";"Basis";"Synthetische medewerker 068";"SYN-M-0068";"Synthetisch testteam met lange naam";"Verpleegkundige testfunctie";"Ondersteuning tijdens avond- of nachtdienst";"Locatie";"Synthetische locatie 021";"SYN-L-0021";"Synthetische hoofdlocatie 006";"18-05-2026, 14:43:43";"18-05-2026, 16:24:43";"LATE_ACTIVATIE";"";"101"
"1716";"Basis";"Synthetische medewerker 108";"SYN-M-0108";"Synthetisch testteam met lange naam";"Verpleegkundige testfunctie";"Synthetische reden voor geautomatiseerde layoutcontrole";"Cliënt";"Synthetische cliënt 0135";"SYN-C-00135";"Synthetische hoofdlocatie 011";"18-05-2026, 16:06:33";"18-05-2026, 17:30:33";"LATE_ACTIVATIE";"";"84"
"1361";"Basis";"Synthetische medewerker 118";"SYN-M-0118";"Synthetisch team Oost";"Nachtdienst";"Ondersteuning tijdens avond- of nachtdienst";"Cliënt";"Synthetische cliënt 0095";"SYN-C-00095";"Synthetische hoofdlocatie 021";"18-05-2026, 16:46:40";"18-05-2026, 17:13:40";"LATE_ACTIVATIE";"";"27"
"1642";"Basis";"Synthetische medewerker 029";"SYN-M-0029";"Synthetisch team Noord";"Begeleiding";"Voorbereiding van een geplande synthetische handeling";"Cliënt";"Synthetische cliënt 0199";"SYN-C-00199";"Synthetische hoofdlocatie 025";"18-05-2026, 16:49:10";"18-05-2026, 17:57:10";"LATE_ACTIVATIE";"";"68"
"438";"Basis";"Synthetische medewerker 200";"SYN-M-0200";"Synthetisch testteam met lange naam";"Verpleegkundige testfunctie";"Synthetische reden voor geautomatiseerde layoutcontrole";"Cliënt";"Synthetische cliënt 0354";"SYN-C-00354";"Synthetische hoofdlocatie 005";"18-05-2026, 17:18:47";"18-05-2026, 17:52:47";"LATE_ACTIVATIE";"";"34"
"1069";"Basis";"Synthetische medewerker 158";"SYN-M-0158";"Synthetisch team Oost";"Nachtdienst";"Tijdelijke vervanging binnen het testrooster";"Locatie";"Synthetische locatie 026";"SYN-L-0026";"Synthetische hoofdlocatie 016";"18-05-2026, 18:13:46";"18-05-2026, 19:28:46";"LATE_ACTIVATIE";"";"75"
"620";"Basis";"Synthetische medewerker 077";"SYN-M-0077";"Synthetisch team Noord";"Begeleiding";"Tijdelijke vervanging binnen het testrooster";"Cliënt";"Synthetische cliënt 0515";"SYN-C-00515";"Synthetische hoofdlocatie 016";"18-05-2026, 19:16:19";"18-05-2026, 20:02:19";"LATE_ACTIVATIE";"";"46"
"754";"Basis";"Synthetische medewerker 028";"SYN-M-0028";"Synthetisch testteam met lange naam";"Verpleegkundige testfunctie";"Tijdelijke vervanging binnen het testrooster";"Cliënt";"Synthetische cliënt 0294";"SYN-C-00294";"Synthetische hoofdlocatie 020";"18-05-2026, 20:11:59";"18-05-2026, 20:27:59";"LATE_ACTIVATIE";"";"16"
"41";"Basis";"Synthetische medewerker 077";"SYN-M-0077";"Synthetisch team Noord";"Begeleiding";"Voorbereiding van een geplande synthetische handeling";"Cliënt";"Synthetische cliënt 0581";"SYN-C-00581";"Synthetische hoofdlocatie 007";"18-05-2026, 21:55:18";"18-05-2026, 22:40:18";"LATE_ACTIVATIE";"";"45"
"1975";"Basis";"Synthetische medewerker 036";"SYN-M-0036";"Synthetisch testteam met lange naam";"Verpleegkundige testfunctie";"Controle na overdracht van zorg";"Locatie";"Synthetische locatie 009";"SYN-L-0009";"Synthetische hoofdlocatie 014";"19-05-2026, 03:16:32";"19-05-2026, 03:18:32";"NACHT";"";"2"
"95";"Basis";"Synthetische medewerker 247";"SYN-M-0247";"Synthetisch team West";"Synthetische deskundigheid";"Voorbereiding van een geplande synthetische handeling";"Cliënt";"Synthetische cliënt 0494";"SYN-C-00494";"Synthetische hoofdlocatie 020";"19-05-2026, 06:23:30";"19-05-2026, 07:12:30";"LATE_ACTIVATIE";"";"49"
"1418";"Basis";"Synthetische medewerker 013";"SYN-M-0013";"Synthetisch team Noord";"Begeleiding";"Acute ondersteuning buiten het vaste team";"Cliënt";"Synthetische cliënt 0360";"SYN-C-00360";"Synthetische hoofdlocatie 011";"19-05-2026, 07:54:26";"Niet geactiveerd";"NIET_GEACTIVEERD";"";""
"621";"Basis";"Synthetische medewerker 002";"SYN-M-0002";"Synthetisch team Oost";"Nachtdienst";"Tijdelijke vervanging binnen het testrooster";"Cliënt";"Synthetische cliënt 0082";"SYN-C-00082";"Synthetische hoofdlocatie 008";"19-05-2026, 08:09:32";"19-05-2026, 08:46:32";"LATE_ACTIVATIE";"";"37"
"75";"Basis";"Synthetische medewerker 108";"SYN-M-0108";"Synthetisch testteam met lange naam";"Verpleegkundige testfunctie";"Ondersteuning tijdens avond- of nachtdienst";"Cliënt";"Synthetische cliënt 0499";"SYN-C-00499";"Synthetische hoofdlocatie 025";"19-05-2026, 09:14:51";"19-05-2026, 10:03:51";"LATE_ACTIVATIE";"";"49"
"1468";"Basis";"Synthetische medewerker 193";"SYN-M-0193";"Synthetisch team Noord";"Begeleiding";"Voorbereiding van een geplande synthetische handeling";"Cliënt";"Synthetische cliënt 0200";"SYN-C-00200";"Synthetische hoofdlocatie 001";"19-05-2026, 10:01:39";"19-05-2026, 10:00:39";"ONGELDIGE_ACTIVATIE";"";"-1"
"1213";"Basis";"Synthetische medewerker 243";"SYN-M-0243";"Synthetisch team West";"Synthetische deskundigheid";"Tijdelijke vervanging binnen het testrooster";"Cliënt";"Synthetische cliënt 0572";"SYN-C-00572";"Synthetische hoofdlocatie 023";"19-05-2026, 11:17:33";"19-05-2026, 11:19:33";"VEEL_TEAMS_CLIENT";"";"2"
"363";"Basis";"Synthetische medewerker 001";"SYN-M-0001";"Synthetisch team Noord";"Begeleiding";"Tijdelijke vervanging binnen het testrooster";"Locatie";"Synthetische locatie 022";"SYN-L-0022";"Synthetische hoofdlocatie 002";"19-05-2026, 11:19:42";"19-05-2026, 11:07:42";"ONGELDIGE_ACTIVATIE";"";"-12"
"1795";"Basis";"Synthetische medewerker 043";"SYN-M-0043";"Synthetisch team West";"Synthetische deskundigheid";"Controle na overdracht van zorg";"Locatie";"Synthetische locatie 030";"SYN-L-0030";"Synthetische hoofdlocatie 015";"19-05-2026, 12:14:33";"19-05-2026, 12:26:33";"LATE_ACTIVATIE";"";"12"
"1062";"Basis";"Synthetische medewerker 038";"SYN-M-0038";"Synthetisch team Oost";"Nachtdienst";"Controle na overdracht van zorg";"Cliënt";"Synthetische cliënt 0130";"SYN-C-00130";"Synthetische hoofdlocatie 006";"19-05-2026, 12:57:06";"19-05-2026, 14:30:06";"LATE_ACTIVATIE";"";"93"
"579";"Basis";"Synthetische medewerker 061";"SYN-M-0061";"Synthetisch team Noord";"Begeleiding";"Voorbereiding van een geplande synthetische handeling";"Cliënt";"Synthetische cliënt 0221";"SYN-C-00221";"Synthetische hoofdlocatie 022";"19-05-2026, 13:02:41";"Niet geactiveerd";"NIET_GEACTIVEERD";"";""
"1928";"Basis";"Synthetische medewerker 035";"SYN-M-0035";"Synthetisch team West";"Synthetische deskundigheid";"Ondersteuning tijdens avond- of nachtdienst";"Cliënt";"Synthetische cliënt 0339";"SYN-C-00339";"Synthetische hoofdlocatie 015";"19-05-2026, 13:14:10";"19-05-2026, 13:51:10";"LATE_ACTIVATIE";"";"37"
"1006";"Basis";"Synthetische medewerker 125";"SYN-M-0125";"Synthetisch team Noord";"Begeleiding";"Ondersteuning tijdens avond- of nachtdienst";"Cliënt";"Synthetische cliënt 0011";"SYN-C-00011";"Synthetische hoofdlocatie 012";"19-05-2026, 13:27:44";"19-05-2026, 15:11:44";"LATE_ACTIVATIE";"";"104"
"1657";"Basis";"Synthetische medewerker 153";"SYN-M-0153";"Synthetisch team Noord";"Begeleiding";"Synthetische reden voor geautomatiseerde layoutcontrole";"Cliënt";"Synthetische cliënt 0374";"SYN-C-00374";"Synthetische hoofdlocatie 025";"19-05-2026, 14:00:04";"19-05-2026, 14:04:04";"LATE_ACTIVATIE";"";"4"
"39";"Basis";"Synthetische medewerker 087";"SYN-M-0087";"Synthetisch team West";"Synthetische deskundigheid";"Ondersteuning tijdens avond- of nachtdienst";"Cliënt";"Synthetische cliënt 0574";"SYN-C-00574";"Synthetische hoofdlocatie 025";"19-05-2026, 15:32:49";"19-05-2026, 16:59:49";"LATE_ACTIVATIE";"";"87"
"1490";"Basis";"Synthetische medewerker 189";"SYN-M-0189";"Synthetisch team Noord";"Begeleiding";"Controle na overdracht van zorg";"Cliënt";"Synthetische cliënt 0314";"SYN-C-00314";"Synthetische hoofdlocatie 015";"19-05-2026, 16:39:55";"19-05-2026, 18:10:55";"LATE_ACTIVATIE";"";"91"
"498";"Basis";"Synthetische medewerker 010";"SYN-M-0010";"Synthetisch team Oost";"Nachtdienst";"Voorbereiding van een geplande synthetische handeling";"Cliënt";"Synthetische cliënt 0176";"SYN-C-00176";"Synthetische hoofdlocatie 002";"19-05-2026, 17:03:55";"19-05-2026, 17:09:55";"LATE_ACTIVATIE";"";"6"
"821";"Basis";"Synthetische medewerker 210";"SYN-M-0210";"Synthetisch team Oost";"Nachtdienst";"Ondersteuning tijdens avond- of nachtdienst";"Cliënt";"Synthetische cliënt 0522";"SYN-C-00522";"Synthetische hoofdlocatie 023";"19-05-2026, 17:34:43";"19-05-2026, 18:41:43";"LATE_ACTIVATIE";"";"67"
"1015";"Basis";"Synthetische medewerker 115";"SYN-M-0115";"Synthetisch team West";"Synthetische deskundigheid";"Controle na overdracht van zorg";"Locatie";"Synthetische locatie 024";"SYN-L-0024";"Synthetische hoofdlocatie 024";"19-05-2026, 17:51:52";"19-05-2026, 19:01:52";"LATE_ACTIVATIE";"";"70"
"1972";"Basis";"Synthetische medewerker 002";"SYN-M-0002";"Synthetisch team Oost";"Nachtdienst";"Acute ondersteuning buiten het vaste team";"Locatie";"Synthetische locatie 002";"SYN-L-0002";"Synthetische hoofdlocatie 017";"19-05-2026, 17:53:40";"19-05-2026, 18:54:40";"LATE_ACTIVATIE";"";"61"
"571";"Basis";"Synthetische medewerker 028";"SYN-M-0028";"Synthetisch testteam met lange naam";"Verpleegkundige testfunctie";"Synthetische reden voor geautomatiseerde layoutcontrole";"Cliënt";"Synthetische cliënt 0206";"SYN-C-00206";"Synthetische hoofdlocatie 007";"19-05-2026, 19:47:37";"19-05-2026, 19:43:37";"ONGELDIGE_ACTIVATIE";"";"-4"
"809";"Basis";"Synthetische medewerker 057";"SYN-M-0057";"Synthetisch team Noord";"Begeleiding";"Tijdelijke vervanging binnen het testrooster";"Cliënt";"Synthetische cliënt 0002";"SYN-C-00002";"Synthetische hoofdlocatie 003";"19-05-2026, 20:07:43";"19-05-2026, 21:32:43";"LATE_ACTIVATIE";"";"85"
"1331";"Basis";"Synthetische medewerker 144";"SYN-M-0144";"Synthetisch testteam met lange naam";"Verpleegkundige testfunctie";"Tijdelijke vervanging binnen het testrooster";"Cliënt";"Synthetische cliënt 0437";"SYN-C-00437";"Synthetische hoofdlocatie 013";"19-05-2026, 20:14:08";"19-05-2026, 21:16:08";"LATE_ACTIVATIE";"";"62"
"1951";"Basis";"Synthetische medewerker 030";"SYN-M-0030";"Synthetisch team Oost";"Nachtdienst";"Controle na overdracht van zorg";"Cliënt";"Synthetische cliënt 0289";"SYN-C-00289";"Synthetische hoofdlocatie 015";"19-05-2026, 21:46:47";"19-05-2026, 22:35:47";"LATE_ACTIVATIE";"";"49"
"1082";"Basis";"Synthetische medewerker 013";"SYN-M-0013";"Synthetisch team Noord";"Begeleiding";"Synthetische reden voor geautomatiseerde layoutcontrole";"Locatie";"Synthetische locatie 027";"SYN-L-0027";"Synthetische hoofdlocatie 017";"20-05-2026, 09:44:16";"20-05-2026, 11:38:16";"LATE_ACTIVATIE";"";"114"
"700";"Basis";"Synthetische medewerker 006";"SYN-M-0006";"Synthetisch team Oost";"Nachtdienst";"Tijdelijke vervanging binnen het testrooster";"Cliënt";"Synthetische cliënt 0597";"SYN-C-00597";"Synthetische hoofdlocatie 023";"20-05-2026, 09:57:14";"20-05-2026, 11:47:14";"LATE_ACTIVATIE";"";"110"
"532";"Basis";"Synthetische medewerker 221";"SYN-M-0221";"Synthetisch team Noord";"Begeleiding";"Ondersteuning tijdens avond- of nachtdienst";"Locatie";"Synthetische locatie 026";"SYN-L-0026";"Synthetische hoofdlocatie 001";"20-05-2026, 10:34:55";"20-05-2026, 11:15:55";"LATE_ACTIVATIE";"";"41"
"354";"Basis";"Synthetische medewerker 145";"SYN-M-0145";"Synthetisch team Noord";"Begeleiding";"Acute ondersteuning buiten het vaste team";"Cliënt";"Synthetische cliënt 0566";"SYN-C-00566";"Synthetische hoofdlocatie 017";"20-05-2026, 10:51:04";"20-05-2026, 12:17:04";"LATE_ACTIVATIE";"";"86"
"1613";"Basis";"Synthetische medewerker 209";"SYN-M-0209";"Synthetisch team Noord";"Begeleiding";"Voorbereiding van een geplande synthetische handeling";"Cliënt";"Synthetische cliënt 0493";"SYN-C-00493";"Synthetische hoofdlocatie 019";"20-05-2026, 11:01:40";"20-05-2026, 11:53:40";"LATE_ACTIVATIE";"";"52"
"1790";"Basis";"Synthetische medewerker 141";"SYN-M-0141";"Synthetisch team Noord";"Begeleiding";"Acute ondersteuning buiten het vaste team";"Cliënt";"Synthetische cliënt 0533";"SYN-C-00533";"Synthetische hoofdlocatie 009";"20-05-2026, 11:03:42";"20-05-2026, 11:07:42";"LATE_ACTIVATIE";"";"4"
"454";"Basis";"Synthetische medewerker 035";"SYN-M-0035";"Synthetisch team West";"Synthetische deskundigheid";"Ondersteuning tijdens avond- of nachtdienst";"Cliënt";"Synthetische cliënt 0335";"SYN-C-00335";"Synthetische hoofdlocatie 011";"20-05-2026, 12:40:43";"20-05-2026, 12:51:43";"LATE_ACTIVATIE";"";"11"
"1502";"Basis";"Synthetische medewerker 148";"SYN-M-0148";"Synthetisch testteam met lange naam";"Verpleegkundige testfunctie";"Synthetische reden voor geautomatiseerde layoutcontrole";"Locatie";"Synthetische locatie 020";"SYN-L-0020";"Synthetische hoofdlocatie 020";"20-05-2026, 13:39:34";"20-05-2026, 13:23:34";"ONGELDIGE_ACTIVATIE";"";"-16"
"1922";"Basis";"Synthetische medewerker 204";"SYN-M-0204";"Synthetisch testteam met lange naam";"Verpleegkundige testfunctie";"Acute ondersteuning buiten het vaste team";"Locatie";"Synthetische locatie 006";"SYN-L-0006";"Synthetische hoofdlocatie 011";"20-05-2026, 14:07:22";"20-05-2026, 14:34:22";"LATE_ACTIVATIE";"";"27"
"1032";"Basis";"Synthetische medewerker 127";"SYN-M-0127";"Synthetisch team West";"Synthetische deskundigheid";"Controle na overdracht van zorg";"Cliënt";"Synthetische cliënt 0554";"SYN-C-00554";"Synthetische hoofdlocatie 005";"20-05-2026, 14:34:30";"20-05-2026, 15:15:30";"LATE_ACTIVATIE";"";"41"
"1116";"Basis";"Synthetische medewerker 233";"SYN-M-0233";"Synthetisch team Noord";"Begeleiding";"Acute ondersteuning buiten het vaste team";"Cliënt";"Synthetische cliënt 0543";"SYN-C-00543";"Synthetische hoofdlocatie 019";"20-05-2026, 15:10:57";"20-05-2026, 15:32:57";"LATE_ACTIVATIE";"";"22"
"829";"Basis";"Synthetische medewerker 019";"SYN-M-0019";"Synthetisch team West";"Synthetische deskundigheid";"Controle na overdracht van zorg";"Cliënt";"Synthetische cliënt 0358";"SYN-C-00358";"Synthetische hoofdlocatie 009";"20-05-2026, 15:34:02";"20-05-2026, 17:08:02";"LATE_ACTIVATIE";"";"94"
"229";"Basis";"Synthetische medewerker 081";"SYN-M-0081";"Synthetisch team Noord";"Begeleiding";"Synthetische reden voor geautomatiseerde layoutcontrole";"Cliënt";"Synthetische cliënt 0122";"SYN-C-00122";"Synthetische hoofdlocatie 023";"20-05-2026, 15:51:14";"20-05-2026, 17:43:14";"LATE_ACTIVATIE";"";"112"
"1185";"Basis";"Synthetische medewerker 113";"SYN-M-0113";"Synthetisch team Noord";"Begeleiding";"Voorbereiding van een geplande synthetische handeling";"Cliënt";"Synthetische cliënt 0531";"SYN-C-00531";"Synthetische hoofdlocatie 007";"20-05-2026, 19:53:15";"20-05-2026, 20:24:15";"LATE_ACTIVATIE";"";"31"
"1736";"Basis";"Synthetische medewerker 196";"SYN-M-0196";"Synthetisch testteam met lange naam";"Verpleegkundige testfunctie";"Synthetische reden voor geautomatiseerde layoutcontrole";"Cliënt";"Synthetische cliënt 0066";"SYN-C-00066";"Synthetische hoofdlocatie 017";"20-05-2026, 20:07:49";"Niet geactiveerd";"NIET_GEACTIVEERD";"";""
"527";"Basis";"Synthetische medewerker 192";"SYN-M-0192";"Synthetisch testteam met lange naam";"Verpleegkundige testfunctie";"Voorbereiding van een geplande synthetische handeling";"Cliënt";"Synthetische cliënt 0124";"SYN-C-00124";"Synthetische hoofdlocatie 025";"20-05-2026, 20:22:09";"20-05-2026, 20:55:09";"LATE_ACTIVATIE";"";"33"
"710";"Basis";"Synthetische medewerker 224";"SYN-M-0224";"Synthetisch testteam met lange naam";"Verpleegkundige testfunctie";"Ondersteuning tijdens avond- of nachtdienst";"Cliënt";"Synthetische cliënt 0547";"SYN-C-00547";"Synthetische hoofdlocatie 023";"20-05-2026, 21:09:41";"Niet geactiveerd";"NIET_GEACTIVEERD";"";""
"635";"Basis";"Synthetische medewerker 098";"SYN-M-0098";"Synthetisch team Oost";"Nachtdienst";"Controle na overdracht van zorg";"Cliënt";"Synthetische cliënt 0318";"SYN-C-00318";"Synthetische hoofdlocatie 019";"20-05-2026, 21:19:32";"20-05-2026, 21:25:32";"LATE_ACTIVATIE";"";"6"
"569";"Basis";"Synthetische medewerker 245";"SYN-M-0245";"Synthetisch team Noord";"Begeleiding";"Synthetische reden voor geautomatiseerde layoutcontrole";"Cliënt";"Synthetische cliënt 0300";"SYN-C-00300";"Synthetische hoofdlocatie 001";"20-05-2026, 21:50:03";"20-05-2026, 23:03:03";"LATE_ACTIVATIE";"";"73"
"707";"Basis";"Synthetische medewerker 102";"SYN-M-0102";"Synthetisch team Oost";"Nachtdienst";"Tijdelijke vervanging binnen het testrooster";"Cliënt";"Synthetische cliënt 0050";"SYN-C-00050";"Synthetische hoofdlocatie 001";"20-05-2026, 21:54:38";"20-05-2026, 22:52:38";"LATE_ACTIVATIE";"";"58"
"1897";"Basis";"Synthetische medewerker 212";"SYN-M-0212";"Synthetisch testteam met lange naam";"Verpleegkundige testfunctie";"Acute ondersteuning buiten het vaste team";"Cliënt";"Synthetische cliënt 0524";"SYN-C-00524";"Synthetische hoofdlocatie 025";"20-05-2026, 21:55:26";"20-05-2026, 23:42:26";"LATE_ACTIVATIE";"";"107"
"594";"Basis";"Synthetische medewerker 025";"SYN-M-0025";"Synthetisch team Noord";"Begeleiding";"Ondersteuning tijdens avond- of nachtdienst";"Cliënt";"Synthetische cliënt 0548";"SYN-C-00548";"Synthetische hoofdlocatie 024";"21-05-2026, 02:55:22";"21-05-2026, 02:57:22";"NACHT";"";"2"
"1620";"Basis";"Synthetische medewerker 174";"SYN-M-0174";"Synthetisch team Oost";"Nachtdienst";"Controle na overdracht van zorg";"Cliënt";"Synthetische cliënt 0580";"SYN-C-00580";"Synthetische hoofdlocatie 006";"21-05-2026, 06:44:00";"21-05-2026, 08:38:00";"LATE_ACTIVATIE";"";"114"
"59";"Basis";"Synthetische medewerker 100";"SYN-M-0100";"Synthetisch testteam met lange naam";"Verpleegkundige testfunctie";"Ondersteuning tijdens avond- of nachtdienst";"Cliënt";"Synthetische cliënt 0295";"SYN-C-00295";"Synthetische hoofdlocatie 021";"21-05-2026, 07:36:40";"Niet geactiveerd";"NIET_GEACTIVEERD";"";""
"1285";"Basis";"Synthetische medewerker 204";"SYN-M-0204";"Synthetisch testteam met lange naam";"Verpleegkundige testfunctie";"Acute ondersteuning buiten het vaste team";"Cliënt";"Synthetische cliënt 0324";"SYN-C-00324";"Synthetische hoofdlocatie 025";"21-05-2026, 09:54:00";"21-05-2026, 10:51:00";"LATE_ACTIVATIE";"";"57"
"1374";"Basis";"Synthetische medewerker 158";"SYN-M-0158";"Synthetisch team Oost";"Nachtdienst";"Acute ondersteuning buiten het vaste team";"Locatie";"Synthetische locatie 015";"SYN-L-0015";"Synthetische hoofdlocatie 025";"21-05-2026, 10:15:26";"21-05-2026, 11:00:26";"LATE_ACTIVATIE";"";"45"
"1616";"Basis";"Synthetische medewerker 191";"SYN-M-0191";"Synthetisch team West";"Synthetische deskundigheid";"Tijdelijke vervanging binnen het testrooster";"Cliënt";"Synthetische cliënt 0028";"SYN-C-00028";"Synthetische hoofdlocatie 004";"21-05-2026, 13:23:17";"21-05-2026, 14:26:17";"LATE_ACTIVATIE";"";"63"
"729";"Basis";"Synthetische medewerker 002";"SYN-M-0002";"Synthetisch team Oost";"Nachtdienst";"Controle na overdracht van zorg";"Cliënt";"Synthetische cliënt 0113";"SYN-C-00113";"Synthetische hoofdlocatie 014";"21-05-2026, 17:01:41";"Niet geactiveerd";"NIET_GEACTIVEERD";"";""
"897";"Basis";"Synthetische medewerker 005";"SYN-M-0005";"Synthetisch team Noord";"Begeleiding";"Controle na overdracht van zorg";"Locatie";"Synthetische locatie 020";"SYN-L-0020";"Synthetische hoofdlocatie 005";"21-05-2026, 17:26:33";"21-05-2026, 19:19:33";"LATE_ACTIVATIE";"";"113"
"1535";"Basis";"Synthetische medewerker 169";"SYN-M-0169";"Synthetisch team Noord";"Begeleiding";"Acute ondersteuning buiten het vaste team";"Cliënt";"Synthetische cliënt 0566";"SYN-C-00566";"Synthetische hoofdlocatie 017";"21-05-2026, 21:03:34";"21-05-2026, 21:27:34";"LATE_ACTIVATIE";"";"24"
"1175";"Basis";"Synthetische medewerker 109";"SYN-M-0109";"Synthetisch team Noord";"Begeleiding";"Synthetische reden voor geautomatiseerde layoutcontrole";"Cliënt";"Synthetische cliënt 0202";"SYN-C-00202";"Synthetische hoofdlocatie 003";"21-05-2026, 21:34:52";"21-05-2026, 22:17:52";"LATE_ACTIVATIE";"";"43"
"989";"Basis";"Synthetische medewerker 152";"SYN-M-0152";"Synthetisch testteam met lange naam";"Verpleegkundige testfunctie";"Tijdelijke vervanging binnen het testrooster";"Cliënt";"Synthetische cliënt 0060";"SYN-C-00060";"Synthetische hoofdlocatie 011";"21-05-2026, 22:01:27";"Niet geactiveerd";"NIET_GEACTIVEERD";"";""
"1354";"Basis";"Synthetische medewerker 047";"SYN-M-0047";"Synthetisch team West";"Synthetische deskundigheid";"Ondersteuning tijdens avond- of nachtdienst";"Cliënt";"Synthetische cliënt 0280";"SYN-C-00280";"Synthetische hoofdlocatie 006";"21-05-2026, 22:51:53";"22-05-2026, 00:11:53";"LATE_ACTIVATIE";"";"80"
"264";"Basis";"Synthetische medewerker 217";"SYN-M-0217";"Synthetisch team Noord";"Begeleiding";"Ondersteuning tijdens avond- of nachtdienst";"Cliënt";"Synthetische cliënt 0323";"SYN-C-00323";"Synthetische hoofdlocatie 024";"22-05-2026, 06:54:17";"22-05-2026, 06:59:17";"LATE_ACTIVATIE";"";"5"
"1984";"Basis";"Synthetische medewerker 224";"SYN-M-0224";"Synthetisch testteam met lange naam";"Verpleegkundige testfunctie";"Ondersteuning tijdens avond- of nachtdienst";"Cliënt";"Synthetische cliënt 0502";"SYN-C-00502";"Synthetische hoofdlocatie 003";"22-05-2026, 07:03:55";"22-05-2026, 07:54:55";"LATE_ACTIVATIE";"";"51"
"422";"Basis";"Synthetische medewerker 210";"SYN-M-0210";"Synthetisch team Oost";"Nachtdienst";"Controle na overdracht van zorg";"Cliënt";"Synthetische cliënt 0272";"SYN-C-00272";"Synthetische hoofdlocatie 023";"22-05-2026, 07:54:53";"22-05-2026, 08:52:53";"LATE_ACTIVATIE";"";"58"
"958";"Basis";"Synthetische medewerker 055";"SYN-M-0055";"Synthetisch team West";"Synthetische deskundigheid";"Tijdelijke vervanging binnen het testrooster";"Cliënt";"Synthetische cliënt 0221";"SYN-C-00221";"Synthetische hoofdlocatie 022";"22-05-2026, 07:56:09";"22-05-2026, 09:10:09";"LATE_ACTIVATIE";"";"74"
"1332";"Basis";"Synthetische medewerker 214";"SYN-M-0214";"Synthetisch team Oost";"Nachtdienst";"Ondersteuning tijdens avond- of nachtdienst";"Locatie";"Synthetische locatie 018";"SYN-L-0018";"Synthetische hoofdlocatie 008";"22-05-2026, 08:53:55";"22-05-2026, 09:03:55";"LATE_ACTIVATIE";"";"10"
"779";"Basis";"Synthetische medewerker 229";"SYN-M-0229";"Synthetisch team Noord";"Begeleiding";"Ondersteuning tijdens avond- of nachtdienst";"Locatie";"Synthetische locatie 031";"SYN-L-0031";"Synthetische hoofdlocatie 021";"22-05-2026, 09:11:05";"22-05-2026, 09:24:05";"LATE_ACTIVATIE";"";"13"
"477";"Basis";"Synthetische medewerker 081";"SYN-M-0081";"Synthetisch team Noord";"Begeleiding";"Controle na overdracht van zorg";"Cliënt";"Synthetische cliënt 0474";"SYN-C-00474";"Synthetische hoofdlocatie 025";"22-05-2026, 09:47:23";"22-05-2026, 10:29:23";"LATE_ACTIVATIE";"";"42"
"1768";"Basis";"Synthetische medewerker 237";"SYN-M-0237";"Synthetisch team Noord";"Begeleiding";"Ondersteuning tijdens avond- of nachtdienst";"Cliënt";"Synthetische cliënt 0038";"SYN-C-00038";"Synthetische hoofdlocatie 014";"22-05-2026, 11:09:35";"22-05-2026, 11:21:35";"LATE_ACTIVATIE";"";"12"
"1130";"Basis";"Synthetische medewerker 102";"SYN-M-0102";"Synthetisch team Oost";"Nachtdienst";"Acute ondersteuning buiten het vaste team";"Cliënt";"Synthetische cliënt 0015";"SYN-C-00015";"Synthetische hoofdlocatie 016";"22-05-2026, 13:03:25";"22-05-2026, 15:01:25";"LATE_ACTIVATIE";"";"118"
"240";"Basis";"Synthetische medewerker 206";"SYN-M-0206";"Synthetisch team Oost";"Nachtdienst";"Ondersteuning tijdens avond- of nachtdienst";"Cliënt";"Synthetische cliënt 0586";"SYN-C-00586";"Synthetische hoofdlocatie 012";"22-05-2026, 13:14:02";"22-05-2026, 14:48:02";"LATE_ACTIVATIE";"";"94"
"1024";"Basis";"Synthetische medewerker 165";"SYN-M-0165";"Synthetisch team Noord";"Begeleiding";"Tijdelijke vervanging binnen het testrooster";"Cliënt";"Synthetische cliënt 0335";"SYN-C-00335";"Synthetische hoofdlocatie 011";"22-05-2026, 13:47:29";"Niet geactiveerd";"NIET_GEACTIVEERD";"";""
"1404";"Basis";"Synthetische medewerker 138";"SYN-M-0138";"Synthetisch team Oost";"Nachtdienst";"Ondersteuning tijdens avond- of nachtdienst";"Cliënt";"Synthetische cliënt 0006";"SYN-C-00006";"Synthetische hoofdlocatie 007";"22-05-2026, 14:39:48";"Niet geactiveerd";"NIET_GEACTIVEERD";"";""
"617";"Basis";"Synthetische medewerker 019";"SYN-M-0019";"Synthetisch team West";"Synthetische deskundigheid";"Voorbereiding van een geplande synthetische handeling";"Cliënt";"Synthetische cliënt 0513";"SYN-C-00513";"Synthetische hoofdlocatie 014";"22-05-2026, 15:08:25";"22-05-2026, 16:45:25";"LATE_ACTIVATIE";"";"97"
"1782";"Basis";"Synthetische medewerker 087";"SYN-M-0087";"Synthetisch team West";"Synthetische deskundigheid";"Synthetische reden voor geautomatiseerde layoutcontrole";"Cliënt";"Synthetische cliënt 0170";"SYN-C-00170";"Synthetische hoofdlocatie 021";"22-05-2026, 15:18:43";"22-05-2026, 16:35:43";"LATE_ACTIVATIE";"";"77"
"1191";"Basis";"Synthetische medewerker 214";"SYN-M-0214";"Synthetisch team Oost";"Nachtdienst";"Acute ondersteuning buiten het vaste team";"Cliënt";"Synthetische cliënt 0300";"SYN-C-00300";"Synthetische hoofdlocatie 001";"22-05-2026, 15:20:05";"22-05-2026, 15:38:05";"LATE_ACTIVATIE";"";"18"
"703";"Basis";"Synthetische medewerker 111";"SYN-M-0111";"Synthetisch team West";"Synthetische deskundigheid";"Synthetische reden voor geautomatiseerde layoutcontrole";"Cliënt";"Synthetische cliënt 0474";"SYN-C-00474";"Synthetische hoofdlocatie 025";"22-05-2026, 16:15:39";"22-05-2026, 18:04:39";"LATE_ACTIVATIE";"";"109"
"217";"Basis";"Synthetische medewerker 149";"SYN-M-0149";"Synthetisch team Noord";"Begeleiding";"Controle na overdracht van zorg";"Cliënt";"Synthetische cliënt 0186";"SYN-C-00186";"Synthetische hoofdlocatie 012";"22-05-2026, 16:36:23";"22-05-2026, 16:53:23";"LATE_ACTIVATIE";"";"17"
"1794";"Basis";"Synthetische medewerker 133";"SYN-M-0133";"Synthetisch team Noord";"Begeleiding";"Ondersteuning tijdens avond- of nachtdienst";"Locatie";"Synthetische locatie 012";"SYN-L-0012";"Synthetische hoofdlocatie 017";"22-05-2026, 17:13:19";"22-05-2026, 17:37:19";"LATE_ACTIVATIE";"";"24"
"54";"Basis";"Synthetische medewerker 063";"SYN-M-0063";"Synthetisch team West";"Synthetische deskundigheid";"Ondersteuning tijdens avond- of nachtdienst";"Cliënt";"Synthetische cliënt 0438";"SYN-C-00438";"Synthetische hoofdlocatie 014";"22-05-2026, 17:14:28";"22-05-2026, 16:51:28";"ONGELDIGE_ACTIVATIE";"";"-23"
"749";"Basis";"Synthetische medewerker 156";"SYN-M-0156";"Synthetisch testteam met lange naam";"Verpleegkundige testfunctie";"Acute ondersteuning buiten het vaste team";"Cliënt";"Synthetische cliënt 0127";"SYN-C-00127";"Synthetische hoofdlocatie 003";"22-05-2026, 17:31:08";"Niet geactiveerd";"NIET_GEACTIVEERD";"";""
"483";"Basis";"Synthetische medewerker 222";"SYN-M-0222";"Synthetisch team Oost";"Nachtdienst";"Synthetische reden voor geautomatiseerde layoutcontrole";"Cliënt";"Synthetische cliënt 0284";"SYN-C-00284";"Synthetische hoofdlocatie 010";"22-05-2026, 18:25:26";"22-05-2026, 19:59:26";"LATE_ACTIVATIE";"";"94"
"247";"Basis";"Synthetische medewerker 234";"SYN-M-0234";"Synthetisch team Oost";"Nachtdienst";"Ondersteuning tijdens avond- of nachtdienst";"Cliënt";"Synthetische cliënt 0017";"SYN-C-00017";"Synthetische hoofdlocatie 018";"22-05-2026, 18:56:18";"22-05-2026, 20:34:18";"LATE_ACTIVATIE";"";"98"
"1458";"Basis";"Synthetische medewerker 236";"SYN-M-0236";"Synthetisch testteam met lange naam";"Verpleegkundige testfunctie";"Synthetische reden voor geautomatiseerde layoutcontrole";"Cliënt";"Synthetische cliënt 0593";"SYN-C-00593";"Synthetische hoofdlocatie 019";"22-05-2026, 19:48:33";"22-05-2026, 21:08:33";"LATE_ACTIVATIE";"";"80"
"1409";"Basis";"Synthetische medewerker 209";"SYN-M-0209";"Synthetisch team Noord";"Begeleiding";"Synthetische reden voor geautomatiseerde layoutcontrole";"Cliënt";"Synthetische cliënt 0266";"SYN-C-00266";"Synthetische hoofdlocatie 017";"22-05-2026, 21:01:57";"22-05-2026, 21:31:57";"LATE_ACTIVATIE";"";"30"
"962";"Basis";"Synthetische medewerker 139";"SYN-M-0139";"Synthetisch team West";"Synthetische deskundigheid";"Acute ondersteuning buiten het vaste team";"Locatie";"Synthetische locatie 020";"SYN-L-0020";"Synthetische hoofdlocatie 025";"22-05-2026, 21:41:12";"Niet geactiveerd";"NIET_GEACTIVEERD";"";""
"1627";"Basis";"Synthetische medewerker 110";"SYN-M-0110";"Synthetisch team Oost";"Nachtdienst";"Acute ondersteuning buiten het vaste team";"Locatie";"Synthetische locatie 006";"SYN-L-0006";"Synthetische hoofdlocatie 006";"22-05-2026, 22:28:27";"22-05-2026, 23:01:27";"LATE_ACTIVATIE";"";"33"
"1774";"Basis";"Synthetische medewerker 031";"SYN-M-0031";"Synthetisch team West";"Synthetische deskundigheid";"Synthetische reden voor geautomatiseerde layoutcontrole";"Cliënt";"Synthetische cliënt 0071";"SYN-C-00071";"Synthetische hoofdlocatie 022";"23-05-2026, 03:15:35";"23-05-2026, 03:16:35";"NACHT";"";"1"
"274";"Basis";"Synthetische medewerker 036";"SYN-M-0036";"Synthetisch testteam met lange naam";"Verpleegkundige testfunctie";"Tijdelijke vervanging binnen het testrooster";"Cliënt";"Synthetische cliënt 0333";"SYN-C-00333";"Synthetische hoofdlocatie 009";"23-05-2026, 06:02:58";"Niet geactiveerd";"NIET_GEACTIVEERD";"";""
"1688";"Basis";"Synthetische medewerker 054";"SYN-M-0054";"Synthetisch team Oost";"Nachtdienst";"Voorbereiding van een geplande synthetische handeling";"Cliënt";"Synthetische cliënt 0200";"SYN-C-00200";"Synthetische hoofdlocatie 001";"23-05-2026, 06:13:56";"23-05-2026, 06:40:56";"LATE_ACTIVATIE";"";"27"
"965";"Basis";"Synthetische medewerker 174";"SYN-M-0174";"Synthetisch team Oost";"Nachtdienst";"Tijdelijke vervanging binnen het testrooster";"Cliënt";"Synthetische cliënt 0020";"SYN-C-00020";"Synthetische hoofdlocatie 021";"23-05-2026, 07:05:41";"23-05-2026, 08:00:41";"LATE_ACTIVATIE";"";"55"
"1488";"Basis";"Synthetische medewerker 082";"SYN-M-0082";"Synthetisch team Oost";"Nachtdienst";"Voorbereiding van een geplande synthetische handeling";"Cliënt";"Synthetische cliënt 0212";"SYN-C-00212";"Synthetische hoofdlocatie 013";"23-05-2026, 07:34:41";"23-05-2026, 08:56:41";"LATE_ACTIVATIE";"";"82"
"1307";"Basis";"Synthetische medewerker 002";"SYN-M-0002";"Synthetisch team Oost";"Nachtdienst";"Voorbereiding van een geplande synthetische handeling";"Cliënt";"Synthetische cliënt 0045";"SYN-C-00045";"Synthetische hoofdlocatie 021";"23-05-2026, 08:28:25";"23-05-2026, 09:35:25";"LATE_ACTIVATIE";"";"67"
"1605";"Basis";"Synthetische medewerker 009";"SYN-M-0009";"Synthetisch team Noord";"Begeleiding";"Ondersteuning tijdens avond- of nachtdienst";"Cliënt";"Synthetische cliënt 0296";"SYN-C-00296";"Synthetische hoofdlocatie 022";"23-05-2026, 09:10:53";"23-05-2026, 10:39:53";"LATE_ACTIVATIE";"";"89"
"755";"Basis";"Synthetische medewerker 072";"SYN-M-0072";"Synthetisch testteam met lange naam";"Verpleegkundige testfunctie";"Voorbereiding van een geplande synthetische handeling";"Cliënt";"Synthetische cliënt 0352";"SYN-C-00352";"Synthetische hoofdlocatie 003";"23-05-2026, 11:07:07";"23-05-2026, 11:47:07";"LATE_ACTIVATIE";"";"40"
"1454";"Basis";"Synthetische medewerker 173";"SYN-M-0173";"Synthetisch team Noord";"Begeleiding";"Tijdelijke vervanging binnen het testrooster";"Cliënt";"Synthetische cliënt 0369";"SYN-C-00369";"Synthetische hoofdlocatie 020";"23-05-2026, 11:12:44";"Niet geactiveerd";"NIET_GEACTIVEERD";"";""
"1920";"Basis";"Synthetische medewerker 097";"SYN-M-0097";"Synthetisch team Noord";"Begeleiding";"Ondersteuning tijdens avond- of nachtdienst";"Cliënt";"Synthetische cliënt 0544";"SYN-C-00544";"Synthetische hoofdlocatie 020";"23-05-2026, 12:51:04";"23-05-2026, 13:41:04";"LATE_ACTIVATIE";"";"50"
"1655";"Basis";"Synthetische medewerker 148";"SYN-M-0148";"Synthetisch testteam met lange naam";"Verpleegkundige testfunctie";"Tijdelijke vervanging binnen het testrooster";"Cliënt";"Synthetische cliënt 0427";"SYN-C-00427";"Synthetische hoofdlocatie 003";"23-05-2026, 13:10:45";"Niet geactiveerd";"NIET_GEACTIVEERD";"";""
"689";"Basis";"Synthetische medewerker 111";"SYN-M-0111";"Synthetisch team West";"Synthetische deskundigheid";"Voorbereiding van een geplande synthetische handeling";"Cliënt";"Synthetische cliënt 0096";"SYN-C-00096";"Synthetische hoofdlocatie 022";"23-05-2026, 13:31:02";"23-05-2026, 14:53:02";"LATE_ACTIVATIE";"";"82"
"1626";"Basis";"Synthetische medewerker 073";"SYN-M-0073";"Synthetisch team Noord";"Begeleiding";"Synthetische reden voor geautomatiseerde layoutcontrole";"Cliënt";"Synthetische cliënt 0115";"SYN-C-00115";"Synthetische hoofdlocatie 016";"23-05-2026, 14:24:40";"23-05-2026, 15:45:40";"LATE_ACTIVATIE";"";"81"
"1636";"Basis";"Synthetische medewerker 216";"SYN-M-0216";"Synthetisch testteam met lange naam";"Verpleegkundige testfunctie";"Tijdelijke vervanging binnen het testrooster";"Cliënt";"Synthetische cliënt 0296";"SYN-C-00296";"Synthetische hoofdlocatie 022";"23-05-2026, 15:16:18";"23-05-2026, 15:24:18";"LATE_ACTIVATIE";"";"8"
"410";"Basis";"Synthetische medewerker 242";"SYN-M-0242";"Synthetisch team Oost";"Nachtdienst";"Acute ondersteuning buiten het vaste team";"Locatie";"Synthetische locatie 020";"SYN-L-0020";"Synthetische hoofdlocatie 020";"23-05-2026, 15:19:58";"23-05-2026, 17:08:58";"LATE_ACTIVATIE";"";"109"
"839";"Basis";"Synthetische medewerker 061";"SYN-M-0061";"Synthetisch team Noord";"Begeleiding";"Controle na overdracht van zorg";"Locatie";"Synthetische locatie 037";"SYN-L-0037";"Synthetische hoofdlocatie 012";"23-05-2026, 15:50:39";"23-05-2026, 16:00:39";"LATE_ACTIVATIE";"";"10"
"497";"Basis";"Synthetische medewerker 045";"SYN-M-0045";"Synthetisch team Noord";"Begeleiding";"Acute ondersteuning buiten het vaste team";"Cliënt";"Synthetische cliënt 0005";"SYN-C-00005";"Synthetische hoofdlocatie 006";"23-05-2026, 21:14:42";"23-05-2026, 23:06:42";"LATE_ACTIVATIE";"";"112"
"1012";"Basis";"Synthetische medewerker 160";"SYN-M-0160";"Synthetisch testteam met lange naam";"Verpleegkundige testfunctie";"Acute ondersteuning buiten het vaste team";"Cliënt";"Synthetische cliënt 0330";"SYN-C-00330";"Synthetische hoofdlocatie 006";"23-05-2026, 21:36:59";"23-05-2026, 22:54:59";"LATE_ACTIVATIE";"";"78"
"1463";"Basis";"Synthetische medewerker 086";"SYN-M-0086";"Synthetisch team Oost";"Nachtdienst";"Ondersteuning tijdens avond- of nachtdienst";"Cliënt";"Synthetische cliënt 0338";"SYN-C-00338";"Synthetische hoofdlocatie 014";"23-05-2026, 21:47:27";"23-05-2026, 23:25:27";"LATE_ACTIVATIE";"";"98"
"567";"Basis";"Synthetische medewerker 039";"SYN-M-0039";"Synthetisch team West";"Synthetische deskundigheid";"Voorbereiding van een geplande synthetische handeling";"Locatie";"Synthetische locatie 022";"SYN-L-0022";"Synthetische hoofdlocatie 017";"23-05-2026, 22:55:12";"23-05-2026, 23:35:12";"LATE_ACTIVATIE";"";"40"
"837";"Basis";"Synthetische medewerker 207";"SYN-M-0207";"Synthetisch team West";"Synthetische deskundigheid";"Acute ondersteuning buiten het vaste team";"Cliënt";"Synthetische cliënt 0164";"SYN-C-00164";"Synthetische hoofdlocatie 015";"24-05-2026, 06:24:57";"24-05-2026, 07:15:57";"LATE_ACTIVATIE";"";"51"
"505";"Basis";"Synthetische medewerker 228";"SYN-M-0228";"Synthetisch testteam met lange naam";"Verpleegkundige testfunctie";"Controle na overdracht van zorg";"Cliënt";"Synthetische cliënt 0548";"SYN-C-00548";"Synthetische hoofdlocatie 024";"24-05-2026, 06:53:10";"24-05-2026, 07:18:10";"LATE_ACTIVATIE";"";"25"
"1599";"Basis";"Synthetische medewerker 098";"SYN-M-0098";"Synthetisch team Oost";"Nachtdienst";"Tijdelijke vervanging binnen het testrooster";"Locatie";"Synthetische locatie 037";"SYN-L-0037";"Synthetische hoofdlocatie 007";"24-05-2026, 06:56:56";"24-05-2026, 08:20:56";"LATE_ACTIVATIE";"";"84"
"1796";"Basis";"Synthetische medewerker 013";"SYN-M-0013";"Synthetisch team Noord";"Begeleiding";"Voorbereiding van een geplande synthetische handeling";"Cliënt";"Synthetische cliënt 0541";"SYN-C-00541";"Synthetische hoofdlocatie 017";"24-05-2026, 07:15:27";"24-05-2026, 08:04:27";"LATE_ACTIVATIE";"";"49"
"476";"Basis";"Synthetische medewerker 158";"SYN-M-0158";"Synthetisch team Oost";"Nachtdienst";"Synthetische reden voor geautomatiseerde layoutcontrole";"Cliënt";"Synthetische cliënt 0519";"SYN-C-00519";"Synthetische hoofdlocatie 020";"24-05-2026, 08:02:41";"24-05-2026, 09:03:41";"LATE_ACTIVATIE";"";"61"
"1092";"Basis";"Synthetische medewerker 049";"SYN-M-0049";"Synthetisch team Noord";"Begeleiding";"Tijdelijke vervanging binnen het testrooster";"Locatie";"Synthetische locatie 034";"SYN-L-0034";"Synthetische hoofdlocatie 019";"24-05-2026, 10:10:36";"24-05-2026, 11:48:36";"LATE_ACTIVATIE";"";"98"
"601";"Basis";"Synthetische medewerker 007";"SYN-M-0007";"Synthetisch team West";"Synthetische deskundigheid";"Synthetische reden voor geautomatiseerde layoutcontrole";"Cliënt";"Synthetische cliënt 0364";"SYN-C-00364";"Synthetische hoofdlocatie 015";"24-05-2026, 10:21:25";"24-05-2026, 11:00:25";"LATE_ACTIVATIE";"";"39"
"663";"Basis";"Synthetische medewerker 230";"SYN-M-0230";"Synthetisch team Oost";"Nachtdienst";"Controle na overdracht van zorg";"Cliënt";"Synthetische cliënt 0600";"SYN-C-00600";"Synthetische hoofdlocatie 001";"24-05-2026, 12:14:35";"24-05-2026, 13:30:35";"LATE_ACTIVATIE";"";"76"
"1523";"Basis";"Synthetische medewerker 064";"SYN-M-0064";"Synthetisch testteam met lange naam";"Verpleegkundige testfunctie";"Ondersteuning tijdens avond- of nachtdienst";"Cliënt";"Synthetische cliënt 0465";"SYN-C-00465";"Synthetische hoofdlocatie 016";"24-05-2026, 12:36:55";"Niet geactiveerd";"NIET_GEACTIVEERD";"";""
"896";"Basis";"Synthetische medewerker 138";"SYN-M-0138";"Synthetisch team Oost";"Nachtdienst";"Tijdelijke vervanging binnen het testrooster";"Locatie";"Synthetische locatie 020";"SYN-L-0020";"Synthetische hoofdlocatie 005";"24-05-2026, 14:31:12";"24-05-2026, 15:03:12";"LATE_ACTIVATIE";"";"32"
"535";"Basis";"Synthetische medewerker 212";"SYN-M-0212";"Synthetisch testteam met lange naam";"Verpleegkundige testfunctie";"Controle na overdracht van zorg";"Locatie";"Synthetische locatie 026";"SYN-L-0026";"Synthetische hoofdlocatie 006";"24-05-2026, 14:36:58";"24-05-2026, 15:54:58";"LATE_ACTIVATIE";"";"78"
"1316";"Basis";"Synthetische medewerker 108";"SYN-M-0108";"Synthetisch testteam met lange naam";"Verpleegkundige testfunctie";"Ondersteuning tijdens avond- of nachtdienst";"Cliënt";"Synthetische cliënt 0306";"SYN-C-00306";"Synthetische hoofdlocatie 007";"24-05-2026, 14:53:56";"24-05-2026, 14:48:56";"ONGELDIGE_ACTIVATIE";"";"-5"
"1341";"Basis";"Synthetische medewerker 051";"SYN-M-0051";"Synthetisch team West";"Synthetische deskundigheid";"Tijdelijke vervanging binnen het testrooster";"Cliënt";"Synthetische cliënt 0216";"SYN-C-00216";"Synthetische hoofdlocatie 017";"24-05-2026, 15:20:03";"24-05-2026, 15:49:03";"LATE_ACTIVATIE";"";"29"
"44";"Basis";"Synthetische medewerker 190";"SYN-M-0190";"Synthetisch team Oost";"Nachtdienst";"Acute ondersteuning buiten het vaste team";"Cliënt";"Synthetische cliënt 0178";"SYN-C-00178";"Synthetische hoofdlocatie 004";"24-05-2026, 16:44:14";"Niet geactiveerd";"NIET_GEACTIVEERD";"";""
"1707";"Basis";"Synthetische medewerker 203";"SYN-M-0203";"Synthetisch team West";"Synthetische deskundigheid";"Tijdelijke vervanging binnen het testrooster";"Cliënt";"Synthetische cliënt 0025";"SYN-C-00025";"Synthetische hoofdlocatie 001";"24-05-2026, 17:08:21";"24-05-2026, 17:06:21";"ONGELDIGE_ACTIVATIE";"";"-2"
"1781";"Basis";"Synthetische medewerker 236";"SYN-M-0236";"Synthetisch testteam met lange naam";"Verpleegkundige testfunctie";"Tijdelijke vervanging binnen het testrooster";"Cliënt";"Synthetische cliënt 0594";"SYN-C-00594";"Synthetische hoofdlocatie 020";"24-05-2026, 17:49:32";"24-05-2026, 19:44:32";"LATE_ACTIVATIE";"";"115"
"1117";"Basis";"Synthetische medewerker 126";"SYN-M-0126";"Synthetisch team Oost";"Nachtdienst";"Tijdelijke vervanging binnen het testrooster";"Locatie";"Synthetische locatie 032";"SYN-L-0032";"Synthetische hoofdlocatie 007";"24-05-2026, 18:20:37";"24-05-2026, 18:43:37";"LATE_ACTIVATIE";"";"23"
"302";"Basis";"Synthetische medewerker 043";"SYN-M-0043";"Synthetisch team West";"Synthetische deskundigheid";"Controle na overdracht van zorg";"Cliënt";"Synthetische cliënt 0289";"SYN-C-00289";"Synthetische hoofdlocatie 015";"24-05-2026, 19:03:31";"24-05-2026, 19:26:31";"LATE_ACTIVATIE";"";"23"
"114";"Basis";"Synthetische medewerker 014";"SYN-M-0014";"Synthetisch team Oost";"Nachtdienst";"Controle na overdracht van zorg";"Locatie";"Synthetische locatie 030";"SYN-L-0030";"Synthetische hoofdlocatie 010";"24-05-2026, 19:53:48";"24-05-2026, 19:59:48";"LATE_ACTIVATIE";"";"6"
"462";"Basis";"Synthetische medewerker 186";"SYN-M-0186";"Synthetisch team Oost";"Nachtdienst";"Tijdelijke vervanging binnen het testrooster";"Cliënt";"Synthetische cliënt 0212";"SYN-C-00212";"Synthetische hoofdlocatie 013";"24-05-2026, 20:51:27";"24-05-2026, 21:13:27";"LATE_ACTIVATIE";"";"22"
"412";"Basis";"Synthetische medewerker 179";"SYN-M-0179";"Synthetisch team West";"Synthetische deskundigheid";"Synthetische reden voor geautomatiseerde layoutcontrole";"Cliënt";"Synthetische cliënt 0231";"SYN-C-00231";"Synthetische hoofdlocatie 007";"24-05-2026, 21:31:43";"24-05-2026, 23:10:43";"LATE_ACTIVATIE";"";"99"
"1593";"Basis";"Synthetische medewerker 061";"SYN-M-0061";"Synthetisch team Noord";"Begeleiding";"Acute ondersteuning buiten het vaste team";"Cliënt";"Synthetische cliënt 0247";"SYN-C-00247";"Synthetische hoofdlocatie 023";"24-05-2026, 21:38:40";"24-05-2026, 21:36:40";"ONGELDIGE_ACTIVATIE";"";"-2"
"1530";"Basis";"Synthetische medewerker 217";"SYN-M-0217";"Synthetisch team Noord";"Begeleiding";"Ondersteuning tijdens avond- of nachtdienst";"Cliënt";"Synthetische cliënt 0440";"SYN-C-00440";"Synthetische hoofdlocatie 016";"25-05-2026, 06:15:38";"25-05-2026, 07:02:38";"LATE_ACTIVATIE";"";"47"
"1340";"Basis";"Synthetische medewerker 239";"SYN-M-0239";"Synthetisch team West";"Synthetische deskundigheid";"Voorbereiding van een geplande synthetische handeling";"Cliënt";"Synthetische cliënt 0261";"SYN-C-00261";"Synthetische hoofdlocatie 012";"25-05-2026, 06:52:16";"25-05-2026, 08:30:16";"LATE_ACTIVATIE";"";"98"
"430";"Basis";"Synthetische medewerker 175";"SYN-M-0175";"Synthetisch team West";"Synthetische deskundigheid";"Ondersteuning tijdens avond- of nachtdienst";"Cliënt";"Synthetische cliënt 0125";"SYN-C-00125";"Synthetische hoofdlocatie 001";"25-05-2026, 07:13:30";"25-05-2026, 08:04:30";"LATE_ACTIVATIE";"";"51"
"1918";"Basis";"Synthetische medewerker 240";"SYN-M-0240";"Synthetisch testteam met lange naam";"Verpleegkundige testfunctie";"Tijdelijke vervanging binnen het testrooster";"Cliënt";"Synthetische cliënt 0171";"SYN-C-00171";"Synthetische hoofdlocatie 022";"25-05-2026, 08:12:09";"Niet geactiveerd";"NIET_GEACTIVEERD";"";""
"285";"Basis";"Synthetische medewerker 042";"SYN-M-0042";"Synthetisch team Oost";"Nachtdienst";"Synthetische reden voor geautomatiseerde layoutcontrole";"Cliënt";"Synthetische cliënt 0048";"SYN-C-00048";"Synthetische hoofdlocatie 024";"25-05-2026, 08:29:53";"25-05-2026, 08:48:53";"LATE_ACTIVATIE";"";"19"
"1240";"Basis";"Synthetische medewerker 045";"SYN-M-0045";"Synthetisch team Noord";"Begeleiding";"Synthetische reden voor geautomatiseerde layoutcontrole";"Locatie";"Synthetische locatie 008";"SYN-L-0008";"Synthetische hoofdlocatie 018";"25-05-2026, 08:38:01";"25-05-2026, 08:41:01";"LATE_ACTIVATIE";"";"3"
"234";"Basis";"Synthetische medewerker 085";"SYN-M-0085";"Synthetisch team Noord";"Begeleiding";"Voorbereiding van een geplande synthetische handeling";"Locatie";"Synthetische locatie 032";"SYN-L-0032";"Synthetische hoofdlocatie 007";"25-05-2026, 11:12:19";"25-05-2026, 12:16:19";"LATE_ACTIVATIE";"";"64"
"1008";"Basis";"Synthetische medewerker 149";"SYN-M-0149";"Synthetisch team Noord";"Begeleiding";"Voorbereiding van een geplande synthetische handeling";"Cliënt";"Synthetische cliënt 0024";"SYN-C-00024";"Synthetische hoofdlocatie 025";"25-05-2026, 11:23:55";"25-05-2026, 11:47:55";"LATE_ACTIVATIE";"";"24"
"596";"Basis";"Synthetische medewerker 131";"SYN-M-0131";"Synthetisch team West";"Synthetische deskundigheid";"Tijdelijke vervanging binnen het testrooster";"Locatie";"Synthetische locatie 029";"SYN-L-0029";"Synthetische hoofdlocatie 009";"25-05-2026, 13:08:04";"25-05-2026, 15:04:04";"LATE_ACTIVATIE";"";"116"
"1311";"Basis";"Synthetische medewerker 186";"SYN-M-0186";"Synthetisch team Oost";"Nachtdienst";"Acute ondersteuning buiten het vaste team";"Cliënt";"Synthetische cliënt 0198";"SYN-C-00198";"Synthetische hoofdlocatie 024";"25-05-2026, 13:48:51";"25-05-2026, 14:11:51";"LATE_ACTIVATIE";"";"23"
"1675";"Basis";"Synthetische medewerker 001";"SYN-M-0001";"Synthetisch team Noord";"Begeleiding";"Tijdelijke vervanging binnen het testrooster";"Cliënt";"Synthetische cliënt 0402";"SYN-C-00402";"Synthetische hoofdlocatie 003";"25-05-2026, 13:56:09";"25-05-2026, 14:35:09";"LATE_ACTIVATIE";"";"39"
"150";"Basis";"Synthetische medewerker 238";"SYN-M-0238";"Synthetisch team Oost";"Nachtdienst";"Controle na overdracht van zorg";"Cliënt";"Synthetische cliënt 0121";"SYN-C-00121";"Synthetische hoofdlocatie 022";"25-05-2026, 14:34:34";"25-05-2026, 16:29:34";"LATE_ACTIVATIE";"";"115"
"496";"Basis";"Synthetische medewerker 019";"SYN-M-0019";"Synthetisch team West";"Synthetische deskundigheid";"Ondersteuning tijdens avond- of nachtdienst";"Cliënt";"Synthetische cliënt 0496";"SYN-C-00496";"Synthetische hoofdlocatie 022";"25-05-2026, 15:36:39";"25-05-2026, 17:34:39";"LATE_ACTIVATIE";"";"118"
"1252";"Basis";"Synthetische medewerker 030";"SYN-M-0030";"Synthetisch team Oost";"Nachtdienst";"Tijdelijke vervanging binnen het testrooster";"Cliënt";"Synthetische cliënt 0281";"SYN-C-00281";"Synthetische hoofdlocatie 007";"25-05-2026, 15:42:04";"25-05-2026, 16:49:04";"LATE_ACTIVATIE";"";"67"
"428";"Basis";"Synthetische medewerker 094";"SYN-M-0094";"Synthetisch team Oost";"Nachtdienst";"Controle na overdracht van zorg";"Cliënt";"Synthetische cliënt 0194";"SYN-C-00194";"Synthetische hoofdlocatie 020";"25-05-2026, 15:59:33";"25-05-2026, 17:55:33";"LATE_ACTIVATIE";"";"116"
"888";"Basis";"Synthetische medewerker 053";"SYN-M-0053";"Synthetisch team Noord";"Begeleiding";"Synthetische reden voor geautomatiseerde layoutcontrole";"Cliënt";"Synthetische cliënt 0265";"SYN-C-00265";"Synthetische hoofdlocatie 016";"25-05-2026, 16:56:54";"25-05-2026, 18:26:54";"LATE_ACTIVATIE";"";"90"
"1706";"Basis";"Synthetische medewerker 157";"SYN-M-0157";"Synthetisch team Noord";"Begeleiding";"Tijdelijke vervanging binnen het testrooster";"Cliënt";"Synthetische cliënt 0481";"SYN-C-00481";"Synthetische hoofdlocatie 007";"25-05-2026, 18:57:12";"Niet geactiveerd";"NIET_GEACTIVEERD";"";""
"1433";"Basis";"Synthetische medewerker 112";"SYN-M-0112";"Synthetisch testteam met lange naam";"Verpleegkundige testfunctie";"Voorbereiding van een geplande synthetische handeling";"Cliënt";"Synthetische cliënt 0082";"SYN-C-00082";"Synthetische hoofdlocatie 008";"25-05-2026, 20:05:30";"25-05-2026, 20:25:30";"LATE_ACTIVATIE";"";"20"
"708";"Basis";"Synthetische medewerker 166";"SYN-M-0166";"Synthetisch team Oost";"Nachtdienst";"Synthetische reden voor geautomatiseerde layoutcontrole";"Locatie";"Synthetische locatie 001";"SYN-L-0001";"Synthetische hoofdlocatie 001";"25-05-2026, 21:16:10";"25-05-2026, 22:49:10";"LATE_ACTIVATIE";"";"93"
"69";"Basis";"Synthetische medewerker 197";"SYN-M-0197";"Synthetisch team Noord";"Begeleiding";"Acute ondersteuning buiten het vaste team";"Cliënt";"Synthetische cliënt 0310";"SYN-C-00310";"Synthetische hoofdlocatie 011";"25-05-2026, 22:41:47";"25-05-2026, 22:45:47";"LATE_ACTIVATIE";"";"4"
"1840";"Basis";"Synthetische medewerker 065";"SYN-M-0065";"Synthetisch team Noord";"Begeleiding";"Synthetische reden voor geautomatiseerde layoutcontrole";"Cliënt";"Synthetische cliënt 0567";"SYN-C-00567";"Synthetische hoofdlocatie 018";"26-05-2026, 07:32:20";"26-05-2026, 07:40:20";"LATE_ACTIVATIE";"";"8"
"257";"Basis";"Synthetische medewerker 158";"SYN-M-0158";"Synthetisch team Oost";"Nachtdienst";"Acute ondersteuning buiten het vaste team";"Cliënt";"Synthetische cliënt 0589";"SYN-C-00589";"Synthetische hoofdlocatie 015";"26-05-2026, 07:40:56";"26-05-2026, 09:08:56";"LATE_ACTIVATIE";"";"88"
"467";"Basis";"Synthetische medewerker 033";"SYN-M-0033";"Synthetisch team Noord";"Begeleiding";"Acute ondersteuning buiten het vaste team";"Cliënt";"Synthetische cliënt 0369";"SYN-C-00369";"Synthetische hoofdlocatie 020";"26-05-2026, 08:46:06";"26-05-2026, 09:21:06";"LATE_ACTIVATIE";"";"35"
"1173";"Basis";"Synthetische medewerker 174";"SYN-M-0174";"Synthetisch team Oost";"Nachtdienst";"Synthetische reden voor geautomatiseerde layoutcontrole";"Locatie";"Synthetische locatie 008";"SYN-L-0008";"Synthetische hoofdlocatie 013";"26-05-2026, 08:53:31";"26-05-2026, 09:04:31";"LATE_ACTIVATIE";"";"11"
"685";"Basis";"Synthetische medewerker 082";"SYN-M-0082";"Synthetisch team Oost";"Nachtdienst";"Acute ondersteuning buiten het vaste team";"Cliënt";"Synthetische cliënt 0344";"SYN-C-00344";"Synthetische hoofdlocatie 020";"26-05-2026, 10:50:07";"Niet geactiveerd";"NIET_GEACTIVEERD";"";""
"1803";"Basis";"Synthetische medewerker 006";"SYN-M-0006";"Synthetisch team Oost";"Nachtdienst";"Synthetische reden voor geautomatiseerde layoutcontrole";"Cliënt";"Synthetische cliënt 0561";"SYN-C-00561";"Synthetische hoofdlocatie 012";"26-05-2026, 11:15:49";"Niet geactiveerd";"NIET_GEACTIVEERD";"";""
"199";"Basis";"Synthetische medewerker 168";"SYN-M-0168";"Synthetisch testteam met lange naam";"Verpleegkundige testfunctie";"Voorbereiding van een geplande synthetische handeling";"Cliënt";"Synthetische cliënt 0370";"SYN-C-00370";"Synthetische hoofdlocatie 021";"26-05-2026, 11:34:43";"26-05-2026, 12:27:43";"LATE_ACTIVATIE";"";"53"
"676";"Basis";"Synthetische medewerker 100";"SYN-M-0100";"Synthetisch testteam met lange naam";"Verpleegkundige testfunctie";"Tijdelijke vervanging binnen het testrooster";"Cliënt";"Synthetische cliënt 0525";"SYN-C-00525";"Synthetische hoofdlocatie 001";"26-05-2026, 14:27:34";"26-05-2026, 16:08:34";"LATE_ACTIVATIE";"";"101"
"1506";"Basis";"Synthetische medewerker 080";"SYN-M-0080";"Synthetisch testteam met lange naam";"Verpleegkundige testfunctie";"Ondersteuning tijdens avond- of nachtdienst";"Cliënt";"Synthetische cliënt 0273";"SYN-C-00273";"Synthetische hoofdlocatie 024";"26-05-2026, 17:15:34";"26-05-2026, 19:08:34";"LATE_ACTIVATIE";"";"113"
"748";"Basis";"Synthetische medewerker 091";"SYN-M-0091";"Synthetisch team West";"Synthetische deskundigheid";"Ondersteuning tijdens avond- of nachtdienst";"Locatie";"Synthetische locatie 002";"SYN-L-0002";"Synthetische hoofdlocatie 022";"26-05-2026, 19:02:26";"26-05-2026, 19:59:26";"LATE_ACTIVATIE";"";"57"
"218";"Basis";"Synthetische medewerker 048";"SYN-M-0048";"Synthetisch testteam met lange naam";"Verpleegkundige testfunctie";"Tijdelijke vervanging binnen het testrooster";"Locatie";"Synthetische locatie 040";"SYN-L-0040";"Synthetische hoofdlocatie 005";"26-05-2026, 19:21:58";"26-05-2026, 20:46:58";"LATE_ACTIVATIE";"";"85"
"38";"Basis";"Synthetische medewerker 093";"SYN-M-0093";"Synthetisch team Noord";"Begeleiding";"Tijdelijke vervanging binnen het testrooster";"Cliënt";"Synthetische cliënt 0168";"SYN-C-00168";"Synthetische hoofdlocatie 019";"26-05-2026, 19:47:44";"26-05-2026, 21:41:44";"LATE_ACTIVATIE";"";"114"
"183";"Basis";"Synthetische medewerker 066";"SYN-M-0066";"Synthetisch team Oost";"Nachtdienst";"Voorbereiding van een geplande synthetische handeling";"Cliënt";"Synthetische cliënt 0410";"SYN-C-00410";"Synthetische hoofdlocatie 011";"26-05-2026, 20:59:14";"26-05-2026, 22:52:14";"LATE_ACTIVATIE";"";"113"
"73";"Basis";"Synthetische medewerker 110";"SYN-M-0110";"Synthetisch team Oost";"Nachtdienst";"Voorbereiding van een geplande synthetische handeling";"Cliënt";"Synthetische cliënt 0558";"SYN-C-00558";"Synthetische hoofdlocatie 009";"26-05-2026, 21:45:43";"Niet geactiveerd";"NIET_GEACTIVEERD";"";""
"884";"Basis";"Synthetische medewerker 046";"SYN-M-0046";"Synthetisch team Oost";"Nachtdienst";"Voorbereiding van een geplande synthetische handeling";"Cliënt";"Synthetische cliënt 0260";"SYN-C-00260";"Synthetische hoofdlocatie 011";"27-05-2026, 06:12:16";"27-05-2026, 07:04:16";"LATE_ACTIVATIE";"";"52"
"738";"Basis";"Synthetische medewerker 220";"SYN-M-0220";"Synthetisch testteam met lange naam";"Verpleegkundige testfunctie";"Controle na overdracht van zorg";"Cliënt";"Synthetische cliënt 0450";"SYN-C-00450";"Synthetische hoofdlocatie 001";"27-05-2026, 06:35:32";"27-05-2026, 07:01:32";"LATE_ACTIVATIE";"";"26"
"1785";"Basis";"Synthetische medewerker 011";"SYN-M-0011";"Synthetisch team West";"Synthetische deskundigheid";"Ondersteuning tijdens avond- of nachtdienst";"Cliënt";"Synthetische cliënt 0393";"SYN-C-00393";"Synthetische hoofdlocatie 019";"27-05-2026, 06:42:51";"Niet geactiveerd";"NIET_GEACTIVEERD";"";""
"491";"Basis";"Synthetische medewerker 125";"SYN-M-0125";"Synthetisch team Noord";"Begeleiding";"Tijdelijke vervanging binnen het testrooster";"Cliënt";"Synthetische cliënt 0184";"SYN-C-00184";"Synthetische hoofdlocatie 010";"27-05-2026, 08:29:39";"27-05-2026, 08:34:39";"LATE_ACTIVATIE";"";"5"
"656";"Basis";"Synthetische medewerker 195";"SYN-M-0195";"Synthetisch team West";"Synthetische deskundigheid";"Acute ondersteuning buiten het vaste team";"Cliënt";"Synthetische cliënt 0559";"SYN-C-00559";"Synthetische hoofdlocatie 010";"27-05-2026, 08:40:45";"27-05-2026, 09:24:45";"LATE_ACTIVATIE";"";"44"
"1170";"Basis";"Synthetische medewerker 041";"SYN-M-0041";"Synthetisch team Noord";"Begeleiding";"Tijdelijke vervanging binnen het testrooster";"Cliënt";"Synthetische cliënt 0175";"SYN-C-00175";"Synthetische hoofdlocatie 001";"27-05-2026, 08:50:47";"27-05-2026, 10:01:47";"LATE_ACTIVATIE";"";"71"
"1702";"Basis";"Synthetische medewerker 213";"SYN-M-0213";"Synthetisch team Noord";"Begeleiding";"Voorbereiding van een geplande synthetische handeling";"Cliënt";"Synthetische cliënt 0597";"SYN-C-00597";"Synthetische hoofdlocatie 023";"27-05-2026, 09:49:03";"27-05-2026, 10:20:03";"LATE_ACTIVATIE";"";"31"
"111";"Basis";"Synthetische medewerker 228";"SYN-M-0228";"Synthetisch testteam met lange naam";"Verpleegkundige testfunctie";"Synthetische reden voor geautomatiseerde layoutcontrole";"Cliënt";"Synthetische cliënt 0119";"SYN-C-00119";"Synthetische hoofdlocatie 020";"27-05-2026, 10:24:36";"27-05-2026, 11:10:36";"LATE_ACTIVATIE";"";"46"
"1450";"Basis";"Synthetische medewerker 164";"SYN-M-0164";"Synthetisch testteam met lange naam";"Verpleegkundige testfunctie";"Tijdelijke vervanging binnen het testrooster";"Cliënt";"Synthetische cliënt 0438";"SYN-C-00438";"Synthetische hoofdlocatie 014";"27-05-2026, 11:01:46";"Niet geactiveerd";"NIET_GEACTIVEERD";"";""
"870";"Basis";"Synthetische medewerker 087";"SYN-M-0087";"Synthetisch team West";"Synthetische deskundigheid";"Ondersteuning tijdens avond- of nachtdienst";"Cliënt";"Synthetische cliënt 0574";"SYN-C-00574";"Synthetische hoofdlocatie 025";"27-05-2026, 13:10:32";"27-05-2026, 14:38:32";"LATE_ACTIVATIE";"";"88"
"3";"Basis";"Synthetische medewerker 190";"SYN-M-0190";"Synthetisch team Oost";"Nachtdienst";"Acute ondersteuning buiten het vaste team";"Cliënt";"Synthetische cliënt 0113";"SYN-C-00113";"Synthetische hoofdlocatie 014";"27-05-2026, 15:26:18";"27-05-2026, 15:49:18";"LATE_ACTIVATIE";"";"23"
"356";"Basis";"Synthetische medewerker 011";"SYN-M-0011";"Synthetisch team West";"Synthetische deskundigheid";"Acute ondersteuning buiten het vaste team";"Cliënt";"Synthetische cliënt 0090";"SYN-C-00090";"Synthetische hoofdlocatie 016";"27-05-2026, 15:31:06";"27-05-2026, 16:27:06";"LATE_ACTIVATIE";"";"56"
"1828";"Basis";"Synthetische medewerker 051";"SYN-M-0051";"Synthetisch team West";"Synthetische deskundigheid";"Ondersteuning tijdens avond- of nachtdienst";"Cliënt";"Synthetische cliënt 0464";"SYN-C-00464";"Synthetische hoofdlocatie 015";"27-05-2026, 16:28:27";"27-05-2026, 16:59:27";"LATE_ACTIVATIE";"";"31"
"857";"Basis";"Synthetische medewerker 125";"SYN-M-0125";"Synthetisch team Noord";"Begeleiding";"Controle na overdracht van zorg";"Cliënt";"Synthetische cliënt 0076";"SYN-C-00076";"Synthetische hoofdlocatie 002";"27-05-2026, 17:09:15";"27-05-2026, 17:52:15";"LATE_ACTIVATIE";"";"43"
"556";"Basis";"Synthetische medewerker 082";"SYN-M-0082";"Synthetisch team Oost";"Nachtdienst";"Ondersteuning tijdens avond- of nachtdienst";"Cliënt";"Synthetische cliënt 0026";"SYN-C-00026";"Synthetische hoofdlocatie 002";"27-05-2026, 17:45:46";"27-05-2026, 17:40:46";"ONGELDIGE_ACTIVATIE";"";"-5"
"1156";"Basis";"Synthetische medewerker 118";"SYN-M-0118";"Synthetisch team Oost";"Nachtdienst";"Acute ondersteuning buiten het vaste team";"Cliënt";"Synthetische cliënt 0368";"SYN-C-00368";"Synthetische hoofdlocatie 019";"27-05-2026, 18:26:44";"27-05-2026, 18:36:44";"LATE_ACTIVATIE";"";"10"
"502";"Basis";"Synthetische medewerker 217";"SYN-M-0217";"Synthetisch team Noord";"Begeleiding";"Ondersteuning tijdens avond- of nachtdienst";"Cliënt";"Synthetische cliënt 0250";"SYN-C-00250";"Synthetische hoofdlocatie 001";"27-05-2026, 18:59:19";"Niet geactiveerd";"NIET_GEACTIVEERD";"";""
"1036";"Basis";"Synthetische medewerker 244";"SYN-M-0244";"Synthetisch testteam met lange naam";"Verpleegkundige testfunctie";"Acute ondersteuning buiten het vaste team";"Locatie";"Synthetische locatie 010";"SYN-L-0010";"Synthetische hoofdlocatie 010";"27-05-2026, 19:34:11";"27-05-2026, 19:59:11";"LATE_ACTIVATIE";"";"25"
"1610";"Basis";"Synthetische medewerker 177";"SYN-M-0177";"Synthetisch team Noord";"Begeleiding";"Controle na overdracht van zorg";"Cliënt";"Synthetische cliënt 0053";"SYN-C-00053";"Synthetische hoofdlocatie 004";"27-05-2026, 19:58:26";"27-05-2026, 20:25:26";"LATE_ACTIVATIE";"";"27"
"1597";"Basis";"Synthetische medewerker 007";"SYN-M-0007";"Synthetisch team West";"Synthetische deskundigheid";"Controle na overdracht van zorg";"Locatie";"Synthetische locatie 018";"SYN-L-0018";"Synthetische hoofdlocatie 013";"28-05-2026, 06:08:41";"28-05-2026, 08:08:41";"LATE_ACTIVATIE";"";"120"
"1465";"Basis";"Synthetische medewerker 205";"SYN-M-0205";"Synthetisch team Noord";"Begeleiding";"Acute ondersteuning buiten het vaste team";"Cliënt";"Synthetische cliënt 0065";"SYN-C-00065";"Synthetische hoofdlocatie 016";"28-05-2026, 08:08:18";"28-05-2026, 09:33:18";"LATE_ACTIVATIE";"";"85"
"311";"Basis";"Synthetische medewerker 156";"SYN-M-0156";"Synthetisch testteam met lange naam";"Verpleegkundige testfunctie";"Synthetische reden voor geautomatiseerde layoutcontrole";"Locatie";"Synthetische locatie 035";"SYN-L-0035";"Synthetische hoofdlocatie 010";"28-05-2026, 08:51:56";"28-05-2026, 10:08:56";"LATE_ACTIVATIE";"";"77"
"414";"Basis";"Synthetische medewerker 063";"SYN-M-0063";"Synthetisch team West";"Synthetische deskundigheid";"Acute ondersteuning buiten het vaste team";"Cliënt";"Synthetische cliënt 0386";"SYN-C-00386";"Synthetische hoofdlocatie 012";"28-05-2026, 09:23:41";"Niet geactiveerd";"NIET_GEACTIVEERD";"";""
"1703";"Basis";"Synthetische medewerker 037";"SYN-M-0037";"Synthetisch team Noord";"Begeleiding";"Controle na overdracht van zorg";"Cliënt";"Synthetische cliënt 0420";"SYN-C-00420";"Synthetische hoofdlocatie 021";"28-05-2026, 10:56:04";"28-05-2026, 11:57:04";"LATE_ACTIVATIE";"";"61"
"1751";"Basis";"Synthetische medewerker 139";"SYN-M-0139";"Synthetisch team West";"Synthetische deskundigheid";"Controle na overdracht van zorg";"Cliënt";"Synthetische cliënt 0172";"SYN-C-00172";"Synthetische hoofdlocatie 023";"28-05-2026, 11:42:44";"28-05-2026, 12:51:44";"LATE_ACTIVATIE";"";"69"
"1291";"Basis";"Synthetische medewerker 019";"SYN-M-0019";"Synthetisch team West";"Synthetische deskundigheid";"Voorbereiding van een geplande synthetische handeling";"Locatie";"Synthetische locatie 011";"SYN-L-0011";"Synthetische hoofdlocatie 016";"28-05-2026, 12:52:34";"28-05-2026, 13:35:34";"LATE_ACTIVATIE";"";"43"
"589";"Basis";"Synthetische medewerker 182";"SYN-M-0182";"Synthetisch team Oost";"Nachtdienst";"Ondersteuning tijdens avond- of nachtdienst";"Locatie";"Synthetische locatie 006";"SYN-L-0006";"Synthetische hoofdlocatie 011";"28-05-2026, 12:58:20";"28-05-2026, 13:27:20";"LATE_ACTIVATIE";"";"29"
"940";"Basis";"Synthetische medewerker 176";"SYN-M-0176";"Synthetisch testteam met lange naam";"Verpleegkundige testfunctie";"Tijdelijke vervanging binnen het testrooster";"Cliënt";"Synthetische cliënt 0008";"SYN-C-00008";"Synthetische hoofdlocatie 009";"28-05-2026, 14:41:43";"28-05-2026, 16:11:43";"LATE_ACTIVATIE";"";"90"
"377";"Basis";"Synthetische medewerker 221";"SYN-M-0221";"Synthetisch team Noord";"Begeleiding";"Ondersteuning tijdens avond- of nachtdienst";"Locatie";"Synthetische locatie 005";"SYN-L-0005";"Synthetische hoofdlocatie 005";"28-05-2026, 17:05:55";"28-05-2026, 17:20:55";"LATE_ACTIVATIE";"";"15"
"873";"Basis";"Synthetische medewerker 241";"SYN-M-0241";"Synthetisch team Noord";"Begeleiding";"Tijdelijke vervanging binnen het testrooster";"Cliënt";"Synthetische cliënt 0110";"SYN-C-00110";"Synthetische hoofdlocatie 011";"28-05-2026, 17:43:07";"28-05-2026, 17:49:07";"LATE_ACTIVATIE";"";"6"
"553";"Basis";"Synthetische medewerker 213";"SYN-M-0213";"Synthetisch team Noord";"Begeleiding";"Controle na overdracht van zorg";"Locatie";"Synthetische locatie 039";"SYN-L-0039";"Synthetische hoofdlocatie 004";"28-05-2026, 19:58:37";"28-05-2026, 20:24:37";"LATE_ACTIVATIE";"";"26"
"662";"Basis";"Synthetische medewerker 167";"SYN-M-0167";"Synthetisch team West";"Synthetische deskundigheid";"Tijdelijke vervanging binnen het testrooster";"Cliënt";"Synthetische cliënt 0038";"SYN-C-00038";"Synthetische hoofdlocatie 014";"28-05-2026, 20:36:53";"28-05-2026, 21:08:53";"LATE_ACTIVATIE";"";"32"
"508";"Basis";"Synthetische medewerker 041";"SYN-M-0041";"Synthetisch team Noord";"Begeleiding";"Controle na overdracht van zorg";"Cliënt";"Synthetische cliënt 0209";"SYN-C-00209";"Synthetische hoofdlocatie 010";"29-05-2026, 06:27:07";"29-05-2026, 08:26:07";"LATE_ACTIVATIE";"";"119"
"616";"Basis";"Synthetische medewerker 005";"SYN-M-0005";"Synthetisch team Noord";"Begeleiding";"Tijdelijke vervanging binnen het testrooster";"Locatie";"Synthetische locatie 029";"SYN-L-0029";"Synthetische hoofdlocatie 019";"29-05-2026, 07:01:47";"29-05-2026, 08:07:47";"LATE_ACTIVATIE";"";"66"
"1390";"Basis";"Synthetische medewerker 088";"SYN-M-0088";"Synthetisch testteam met lange naam";"Verpleegkundige testfunctie";"Voorbereiding van een geplande synthetische handeling";"Cliënt";"Synthetische cliënt 0225";"SYN-C-00225";"Synthetische hoofdlocatie 001";"29-05-2026, 08:31:43";"Niet geactiveerd";"NIET_GEACTIVEERD";"";""
"1236";"Basis";"Synthetische medewerker 054";"SYN-M-0054";"Synthetisch team Oost";"Nachtdienst";"Synthetische reden voor geautomatiseerde layoutcontrole";"Cliënt";"Synthetische cliënt 0261";"SYN-C-00261";"Synthetische hoofdlocatie 012";"29-05-2026, 09:28:38";"29-05-2026, 09:57:38";"LATE_ACTIVATIE";"";"29"
"1182";"Basis";"Synthetische medewerker 042";"SYN-M-0042";"Synthetisch team Oost";"Nachtdienst";"Controle na overdracht van zorg";"Cliënt";"Synthetische cliënt 0283";"SYN-C-00283";"Synthetische hoofdlocatie 009";"29-05-2026, 10:05:18";"29-05-2026, 10:13:18";"LATE_ACTIVATIE";"";"8"
"295";"Basis";"Synthetische medewerker 152";"SYN-M-0152";"Synthetisch testteam met lange naam";"Verpleegkundige testfunctie";"Ondersteuning tijdens avond- of nachtdienst";"Cliënt";"Synthetische cliënt 0402";"SYN-C-00402";"Synthetische hoofdlocatie 003";"29-05-2026, 12:22:23";"29-05-2026, 13:56:23";"LATE_ACTIVATIE";"";"94"
"955";"Basis";"Synthetische medewerker 096";"SYN-M-0096";"Synthetisch testteam met lange naam";"Verpleegkundige testfunctie";"Acute ondersteuning buiten het vaste team";"Cliënt";"Synthetische cliënt 0223";"SYN-C-00223";"Synthetische hoofdlocatie 024";"29-05-2026, 13:01:43";"Niet geactiveerd";"NIET_GEACTIVEERD";"";""
"1996";"Basis";"Synthetische medewerker 176";"SYN-M-0176";"Synthetisch testteam met lange naam";"Verpleegkundige testfunctie";"Acute ondersteuning buiten het vaste team";"Cliënt";"Synthetische cliënt 0103";"SYN-C-00103";"Synthetische hoofdlocatie 004";"29-05-2026, 14:24:26";"29-05-2026, 15:49:26";"LATE_ACTIVATIE";"";"85"
"1194";"Basis";"Synthetische medewerker 106";"SYN-M-0106";"Synthetisch team Oost";"Nachtdienst";"Tijdelijke vervanging binnen het testrooster";"Cliënt";"Synthetische cliënt 0323";"SYN-C-00323";"Synthetische hoofdlocatie 024";"29-05-2026, 15:17:12";"29-05-2026, 16:39:12";"LATE_ACTIVATIE";"";"82"
"986";"Basis";"Synthetische medewerker 228";"SYN-M-0228";"Synthetisch testteam met lange naam";"Verpleegkundige testfunctie";"Acute ondersteuning buiten het vaste team";"Cliënt";"Synthetische cliënt 0062";"SYN-C-00062";"Synthetische hoofdlocatie 013";"29-05-2026, 16:03:25";"29-05-2026, 16:21:25";"LATE_ACTIVATIE";"";"18"
"448";"Basis";"Synthetische medewerker 125";"SYN-M-0125";"Synthetisch team Noord";"Begeleiding";"Ondersteuning tijdens avond- of nachtdienst";"Locatie";"Synthetische locatie 021";"SYN-L-0021";"Synthetische hoofdlocatie 016";"29-05-2026, 16:16:19";"Niet geactiveerd";"NIET_GEACTIVEERD";"";""
"201";"Basis";"Synthetische medewerker 087";"SYN-M-0087";"Synthetisch team West";"Synthetische deskundigheid";"Tijdelijke vervanging binnen het testrooster";"Cliënt";"Synthetische cliënt 0446";"SYN-C-00446";"Synthetische hoofdlocatie 022";"29-05-2026, 17:59:36";"29-05-2026, 18:45:36";"LATE_ACTIVATIE";"";"46"
"1908";"Basis";"Synthetische medewerker 238";"SYN-M-0238";"Synthetisch team Oost";"Nachtdienst";"Tijdelijke vervanging binnen het testrooster";"Cliënt";"Synthetische cliënt 0015";"SYN-C-00015";"Synthetische hoofdlocatie 016";"29-05-2026, 19:09:28";"29-05-2026, 19:34:28";"LATE_ACTIVATIE";"";"25"
"181";"Basis";"Synthetische medewerker 213";"SYN-M-0213";"Synthetisch team Noord";"Begeleiding";"Tijdelijke vervanging binnen het testrooster";"Cliënt";"Synthetische cliënt 0378";"SYN-C-00378";"Synthetische hoofdlocatie 004";"29-05-2026, 21:22:32";"29-05-2026, 22:53:32";"LATE_ACTIVATIE";"";"91"
"427";"Basis";"Synthetische medewerker 240";"SYN-M-0240";"Synthetisch testteam met lange naam";"Verpleegkundige testfunctie";"Acute ondersteuning buiten het vaste team";"Locatie";"Synthetische locatie 018";"SYN-L-0018";"Synthetische hoofdlocatie 003";"30-05-2026, 07:56:22";"30-05-2026, 09:54:22";"LATE_ACTIVATIE";"";"118"
"1110";"Basis";"Synthetische medewerker 165";"SYN-M-0165";"Synthetisch team Noord";"Begeleiding";"Acute ondersteuning buiten het vaste team";"Locatie";"Synthetische locatie 028";"SYN-L-0028";"Synthetische hoofdlocatie 013";"30-05-2026, 07:58:50";"30-05-2026, 09:52:50";"LATE_ACTIVATIE";"";"114"
"774";"Basis";"Synthetische medewerker 223";"SYN-M-0223";"Synthetisch team West";"Synthetische deskundigheid";"Ondersteuning tijdens avond- of nachtdienst";"Locatie";"Synthetische locatie 003";"SYN-L-0003";"Synthetische hoofdlocatie 023";"30-05-2026, 08:06:38";"30-05-2026, 10:02:38";"LATE_ACTIVATIE";"";"116"
"1798";"Basis";"Synthetische medewerker 237";"SYN-M-0237";"Synthetisch team Noord";"Begeleiding";"Tijdelijke vervanging binnen het testrooster";"Cliënt";"Synthetische cliënt 0565";"SYN-C-00565";"Synthetische hoofdlocatie 016";"30-05-2026, 10:58:45";"30-05-2026, 11:53:45";"LATE_ACTIVATIE";"";"55"
"542";"Basis";"Synthetische medewerker 111";"SYN-M-0111";"Synthetisch team West";"Synthetische deskundigheid";"Voorbereiding van een geplande synthetische handeling";"Locatie";"Synthetische locatie 028";"SYN-L-0028";"Synthetische hoofdlocatie 013";"30-05-2026, 12:03:05";"30-05-2026, 13:53:05";"LATE_ACTIVATIE";"";"110"
"1096";"Basis";"Synthetische medewerker 012";"SYN-M-0012";"Synthetisch testteam met lange naam";"Verpleegkundige testfunctie";"Acute ondersteuning buiten het vaste team";"Cliënt";"Synthetische cliënt 0299";"SYN-C-00299";"Synthetische hoofdlocatie 025";"30-05-2026, 12:16:37";"30-05-2026, 13:30:37";"LATE_ACTIVATIE";"";"74"
"731";"Basis";"Synthetische medewerker 016";"SYN-M-0016";"Synthetisch testteam met lange naam";"Verpleegkundige testfunctie";"Voorbereiding van een geplande synthetische handeling";"Locatie";"Synthetische locatie 020";"SYN-L-0020";"Synthetische hoofdlocatie 015";"30-05-2026, 12:48:01";"30-05-2026, 12:51:01";"LATE_ACTIVATIE";"";"3"
"1366";"Basis";"Synthetische medewerker 132";"SYN-M-0132";"Synthetisch testteam met lange naam";"Verpleegkundige testfunctie";"Controle na overdracht van zorg";"Cliënt";"Synthetische cliënt 0206";"SYN-C-00206";"Synthetische hoofdlocatie 007";"30-05-2026, 13:08:33";"30-05-2026, 13:41:33";"LATE_ACTIVATIE";"";"33"
"1151";"Basis";"Synthetische medewerker 164";"SYN-M-0164";"Synthetisch testteam met lange naam";"Verpleegkundige testfunctie";"Acute ondersteuning buiten het vaste team";"Cliënt";"Synthetische cliënt 0342";"SYN-C-00342";"Synthetische hoofdlocatie 018";"30-05-2026, 14:14:35";"30-05-2026, 16:13:35";"LATE_ACTIVATIE";"";"119"
"1504";"Basis";"Synthetische medewerker 036";"SYN-M-0036";"Synthetisch testteam met lange naam";"Verpleegkundige testfunctie";"Controle na overdracht van zorg";"Cliënt";"Synthetische cliënt 0137";"SYN-C-00137";"Synthetische hoofdlocatie 013";"30-05-2026, 15:51:29";"30-05-2026, 15:39:29";"ONGELDIGE_ACTIVATIE";"";"-12"
"724";"Basis";"Synthetische medewerker 205";"SYN-M-0205";"Synthetisch team Noord";"Begeleiding";"Tijdelijke vervanging binnen het testrooster";"Cliënt";"Synthetische cliënt 0131";"SYN-C-00131";"Synthetische hoofdlocatie 007";"30-05-2026, 17:08:13";"30-05-2026, 18:17:13";"LATE_ACTIVATIE";"";"69"
"1247";"Basis";"Synthetische medewerker 019";"SYN-M-0019";"Synthetisch team West";"Synthetische deskundigheid";"Acute ondersteuning buiten het vaste team";"Locatie";"Synthetische locatie 030";"SYN-L-0030";"Synthetische hoofdlocatie 015";"30-05-2026, 17:38:42";"30-05-2026, 19:33:42";"LATE_ACTIVATIE";"";"115"
"1287";"Basis";"Synthetische medewerker 018";"SYN-M-0018";"Synthetisch team Oost";"Nachtdienst";"Synthetische reden voor geautomatiseerde layoutcontrole";"Locatie";"Synthetische locatie 002";"SYN-L-0002";"Synthetische hoofdlocatie 007";"30-05-2026, 17:49:57";"30-05-2026, 18:19:57";"LATE_ACTIVATIE";"";"30"
"1935";"Basis";"Synthetische medewerker 089";"SYN-M-0089";"Synthetisch team Noord";"Begeleiding";"Ondersteuning tijdens avond- of nachtdienst";"Cliënt";"Synthetische cliënt 0560";"SYN-C-00560";"Synthetische hoofdlocatie 011";"30-05-2026, 17:54:00";"30-05-2026, 19:24:00";"LATE_ACTIVATIE";"";"90"
"243";"Basis";"Synthetische medewerker 038";"SYN-M-0038";"Synthetisch team Oost";"Nachtdienst";"Acute ondersteuning buiten het vaste team";"Locatie";"Synthetische locatie 025";"SYN-L-0025";"Synthetische hoofdlocatie 010";"30-05-2026, 19:48:34";"30-05-2026, 21:41:34";"LATE_ACTIVATIE";"";"113"
"889";"Basis";"Synthetische medewerker 138";"SYN-M-0138";"Synthetisch team Oost";"Nachtdienst";"Synthetische reden voor geautomatiseerde layoutcontrole";"Cliënt";"Synthetische cliënt 0425";"SYN-C-00425";"Synthetische hoofdlocatie 001";"30-05-2026, 20:14:11";"30-05-2026, 21:17:11";"LATE_ACTIVATIE";"";"63"
"1831";"Basis";"Synthetische medewerker 090";"SYN-M-0090";"Synthetisch team Oost";"Nachtdienst";"Acute ondersteuning buiten het vaste team";"Cliënt";"Synthetische cliënt 0134";"SYN-C-00134";"Synthetische hoofdlocatie 010";"30-05-2026, 22:49:30";"30-05-2026, 23:50:30";"LATE_ACTIVATIE";"";"61"
"1388";"Basis";"Synthetische medewerker 232";"SYN-M-0232";"Synthetisch testteam met lange naam";"Verpleegkundige testfunctie";"Synthetische reden voor geautomatiseerde layoutcontrole";"Cliënt";"Synthetische cliënt 0318";"SYN-C-00318";"Synthetische hoofdlocatie 019";"30-05-2026, 22:52:49";"31-05-2026, 00:46:49";"LATE_ACTIVATIE";"";"114"
"61";"Basis";"Synthetische medewerker 212";"SYN-M-0212";"Synthetisch testteam met lange naam";"Verpleegkundige testfunctie";"Tijdelijke vervanging binnen het testrooster";"Locatie";"Synthetische locatie 025";"SYN-L-0025";"Synthetische hoofdlocatie 005";"31-05-2026, 06:12:36";"31-05-2026, 06:18:36";"LATE_ACTIVATIE";"";"6"
"1440";"Basis";"Synthetische medewerker 033";"SYN-M-0033";"Synthetisch team Noord";"Begeleiding";"Synthetische reden voor geautomatiseerde layoutcontrole";"Locatie";"Synthetische locatie 010";"SYN-L-0010";"Synthetische hoofdlocatie 025";"31-05-2026, 06:45:56";"31-05-2026, 08:03:56";"LATE_ACTIVATIE";"";"78"
"1594";"Basis";"Synthetische medewerker 146";"SYN-M-0146";"Synthetisch team Oost";"Nachtdienst";"Tijdelijke vervanging binnen het testrooster";"Cliënt";"Synthetische cliënt 0272";"SYN-C-00272";"Synthetische hoofdlocatie 023";"31-05-2026, 06:58:31";"Niet geactiveerd";"NIET_GEACTIVEERD";"";""
"1765";"Basis";"Synthetische medewerker 167";"SYN-M-0167";"Synthetisch team West";"Synthetische deskundigheid";"Tijdelijke vervanging binnen het testrooster";"Cliënt";"Synthetische cliënt 0582";"SYN-C-00582";"Synthetische hoofdlocatie 008";"31-05-2026, 09:09:19";"31-05-2026, 10:24:19";"LATE_ACTIVATIE";"";"75"
"1550";"Basis";"Synthetische medewerker 163";"SYN-M-0163";"Synthetisch team West";"Synthetische deskundigheid";"Acute ondersteuning buiten het vaste team";"Cliënt";"Synthetische cliënt 0429";"SYN-C-00429";"Synthetische hoofdlocatie 005";"31-05-2026, 10:44:23";"Niet geactiveerd";"NIET_GEACTIVEERD";"";""
"398";"Basis";"Synthetische medewerker 057";"SYN-M-0057";"Synthetisch team Noord";"Begeleiding";"Acute ondersteuning buiten het vaste team";"Locatie";"Synthetische locatie 013";"SYN-L-0013";"Synthetische hoofdlocatie 023";"31-05-2026, 11:37:50";"31-05-2026, 11:43:50";"LATE_ACTIVATIE";"";"6"
"1042";"Basis";"Synthetische medewerker 097";"SYN-M-0097";"Synthetisch team Noord";"Begeleiding";"Acute ondersteuning buiten het vaste team";"Cliënt";"Synthetische cliënt 0096";"SYN-C-00096";"Synthetische hoofdlocatie 022";"31-05-2026, 12:46:29";"31-05-2026, 14:04:29";"LATE_ACTIVATIE";"";"78"
"1219";"Basis";"Synthetische medewerker 051";"SYN-M-0051";"Synthetisch team West";"Synthetische deskundigheid";"Ondersteuning tijdens avond- of nachtdienst";"Cliënt";"Synthetische cliënt 0076";"SYN-C-00076";"Synthetische hoofdlocatie 002";"31-05-2026, 12:59:32";"Niet geactiveerd";"NIET_GEACTIVEERD";"";""
"1242";"Basis";"Synthetische medewerker 176";"SYN-M-0176";"Synthetisch testteam met lange naam";"Verpleegkundige testfunctie";"Tijdelijke vervanging binnen het testrooster";"Cliënt";"Synthetische cliënt 0263";"SYN-C-00263";"Synthetische hoofdlocatie 014";"31-05-2026, 15:11:38";"31-05-2026, 16:29:38";"LATE_ACTIVATIE";"";"78"
"1346";"Basis";"Synthetische medewerker 224";"SYN-M-0224";"Synthetisch testteam met lange naam";"Verpleegkundige testfunctie";"Voorbereiding van een geplande synthetische handeling";"Locatie";"Synthetische locatie 024";"SYN-L-0024";"Synthetische hoofdlocatie 019";"31-05-2026, 16:00:19";"31-05-2026, 16:34:19";"LATE_ACTIVATIE";"";"34"
"1779";"Basis";"Synthetische medewerker 217";"SYN-M-0217";"Synthetisch team Noord";"Begeleiding";"Voorbereiding van een geplande synthetische handeling";"Cliënt";"Synthetische cliënt 0315";"SYN-C-00315";"Synthetische hoofdlocatie 016";"31-05-2026, 17:22:25";"31-05-2026, 19:20:25";"LATE_ACTIVATIE";"";"118"
"1094";"Basis";"Synthetische medewerker 230";"SYN-M-0230";"Synthetisch team Oost";"Nachtdienst";"Voorbereiding van een geplande synthetische handeling";"Locatie";"Synthetische locatie 014";"SYN-L-0014";"Synthetische hoofdlocatie 024";"31-05-2026, 17:23:43";"Niet geactiveerd";"NIET_GEACTIVEERD";"";""
"1892";"Basis";"Synthetische medewerker 011";"SYN-M-0011";"Synthetisch team West";"Synthetische deskundigheid";"Controle na overdracht van zorg";"Cliënt";"Synthetische cliënt 0180";"SYN-C-00180";"Synthetische hoofdlocatie 006";"31-05-2026, 17:26:33";"31-05-2026, 19:23:33";"LATE_ACTIVATIE";"";"117"
"1067";"Basis";"Synthetische medewerker 074";"SYN-M-0074";"Synthetisch team Oost";"Nachtdienst";"Ondersteuning tijdens avond- of nachtdienst";"Cliënt";"Synthetische cliënt 0187";"SYN-C-00187";"Synthetische hoofdlocatie 013";"31-05-2026, 17:56:22";"31-05-2026, 19:48:22";"LATE_ACTIVATIE";"";"112"
"1419";"Basis";"Synthetische medewerker 224";"SYN-M-0224";"Synthetisch testteam met lange naam";"Verpleegkundige testfunctie";"Synthetische reden voor geautomatiseerde layoutcontrole";"Cliënt";"Synthetische cliënt 0198";"SYN-C-00198";"Synthetische hoofdlocatie 024";"31-05-2026, 19:20:50";"31-05-2026, 19:42:50";"LATE_ACTIVATIE";"";"22"
"231";"Basis";"Synthetische medewerker 012";"SYN-M-0012";"Synthetisch testteam met lange naam";"Verpleegkundige testfunctie";"Acute ondersteuning buiten het vaste team";"Locatie";"";"";"Synthetische hoofdlocatie 021";"31-05-2026, 19:44:50";"31-05-2026, 19:37:50";"ONGELDIGE_ACTIVATIE";"";"-7"
"461";"Basis";"Synthetische medewerker 241";"SYN-M-0241";"Synthetisch team Noord";"Begeleiding";"Acute ondersteuning buiten het vaste team";"Cliënt";"Synthetische cliënt 0336";"SYN-C-00336";"Synthetische hoofdlocatie 012";"31-05-2026, 19:54:39";"31-05-2026, 20:08:39";"LATE_ACTIVATIE";"";"14"
"137";"Basis";"Synthetische medewerker 082";"SYN-M-0082";"Synthetisch team Oost";"Nachtdienst";"Voorbereiding van een geplande synthetische handeling";"Cliënt";"Synthetische cliënt 0121";"SYN-C-00121";"Synthetische hoofdlocatie 022";"31-05-2026, 20:10:47";"31-05-2026, 22:04:47";"LATE_ACTIVATIE";"";"114"
"392";"Basis";"Synthetische medewerker 141";"SYN-M-0141";"Synthetisch team Noord";"Begeleiding";"Ondersteuning tijdens avond- of nachtdienst";"Cliënt";"Synthetische cliënt 0355";"SYN-C-00355";"Synthetische hoofdlocatie 006";"31-05-2026, 20:33:16";"31-05-2026, 21:58:16";"LATE_ACTIVATIE";"";"85"
"916";"Basis";"Synthetische medewerker 106";"SYN-M-0106";"Synthetisch team Oost";"Nachtdienst";"Ondersteuning tijdens avond- of nachtdienst";"Locatie";"Synthetische locatie 037";"SYN-L-0037";"Synthetische hoofdlocatie 017";"31-05-2026, 20:47:19";"31-05-2026, 21:13:19";"LATE_ACTIVATIE";"";"26"
"289";"Basis";"Synthetische medewerker 195";"SYN-M-0195";"Synthetisch team West";"Synthetische deskundigheid";"Ondersteuning tijdens avond- of nachtdienst";"Cliënt";"Synthetische cliënt 0144";"SYN-C-00144";"Synthetische hoofdlocatie 020";"31-05-2026, 22:04:57";"Niet geactiveerd";"NIET_GEACTIVEERD";"";""
"345";"Basis";"Synthetische medewerker 030";"SYN-M-0030";"Synthetisch team Oost";"Nachtdienst";"Tijdelijke vervanging binnen het testrooster";"Cliënt";"Synthetische cliënt 0344";"SYN-C-00344";"Synthetische hoofdlocatie 020";"31-05-2026, 22:41:26";"01-06-2026, 00:36:26";"LATE_ACTIVATIE";"";"115"